115.0,0.003589
115.5,0.002297
116.0,0.001326
116.5,0.000878
117.0,0.000699
117.5,0.000386
118.0,0.000355
118.5,0.000192
119.0,0.0
119.5,8.1e-05
120.0,0.000515
120.5,0.001317
121.0,0.004812
121.5,0.007377
122.0,0.00404
122.5,0.000863
123.0,0.000217
123.5,0.000192
124.0,0.000209
124.5,0.00022
125.0,0.000174
125.5,0.000139
126.0,0.000156
126.5,0.00011
127.0,8.1e-05
127.5,0.000175
128.0,0.000229
128.5,0.000245
129.0,0.000189
129.5,0.000173
130.0,0.000289
130.5,0.000313
131.0,0.000212
131.5,0.000215
132.0,0.000197
132.5,0.000188
133.0,0.000277
133.5,0.000356
134.0,0.000226
134.5,0.000172
135.0,0.000173
135.5,0.000154
136.0,0.000147
136.5,0.000187
137.0,0.000188
137.5,0.000148
138.0,0.000182
138.5,0.000203
139.0,0.000217
139.5,0.000258
140.0,0.000247
140.5,0.000217
141.0,0.000199
141.5,0.000243
142.0,0.000226
142.5,0.000231
143.0,0.00027
143.5,0.000263
144.0,0.000217
144.5,0.000232
145.0,0.00026
145.5,0.000285
146.0,0.000259
146.5,0.00031
147.0,0.000358
147.5,0.000369
148.0,0.000355
148.5,0.000386
149.0,0.000369
149.5,0.000402
150.0,0.000422
150.5,0.00036
151.0,0.000331
151.5,0.000399
152.0,0.000455
152.5,0.000514
153.0,0.000562
153.5,0.000464
154.0,0.000451
154.5,0.000565
155.0,0.000678
155.5,0.000636
156.0,0.000523
156.5,0.000466
157.0,0.000513
157.5,0.000552
158.0,0.000506
158.5,0.00047
159.0,0.000442
159.5,0.000443
160.0,0.000461
160.5,0.0005
161.0,0.000563
161.5,0.000602
162.0,0.000519
162.5,0.000551
163.0,0.000655
163.5,0.000714
164.0,0.00063
164.5,0.000669
165.0,0.000733
165.5,0.000801
166.0,0.000828
166.5,0.000761
167.0,0.000699
167.5,0.000792
168.0,0.000826
168.5,0.000754
169.0,0.000843
169.5,0.001003
170.0,0.001083
170.5,0.001113
171.0,0.001087
171.5,0.001168
172.0,0.001251
172.5,0.001297
173.0,0.001301
173.5,0.001306
174.0,0.001385
174.5,0.001549
175.0,0.001733
175.5,0.00186
176.0,0.001982
176.5,0.002078
177.0,0.002264
177.5,0.002498
178.0,0.002658
178.5,0.002342
179.0,0.001794
179.5,0.00241
180.0,0.002713
180.5,0.002783
181.0,0.003073
181.5,0.00338
182.0,0.003658
182.5,0.00372
183.0,0.00359
183.5,0.00364
184.0,0.00342
184.5,0.003138
185.0,0.003161
185.5,0.003592
186.0,0.003846
186.5,0.004158
187.0,0.004539
187.5,0.005399
188.0,0.006543
188.5,0.006925
189.0,0.007889
189.5,0.006816
190.0,0.005836
190.5,0.007404
191.0,0.00826
191.5,0.008587
192.0,0.008166
192.5,0.007751
193.0,0.006528
193.5,0.006571
194.0,0.008804
194.5,0.010357
195.0,0.010147
195.5,0.007376
196.0,0.004399
196.5,0.007226
197.0,0.010548
197.5,0.007035
198.0,0.010341
198.5,0.011521
199.0,0.008064
199.5,0.013791
200.0,0.014364
200.5,0.011733
201.0,0.014944
201.5,0.017921
202.0,0.015262
202.5,0.017279
203.0,0.018791
203.5,0.01212
204.0,0.015778
204.5,0.018604
205.0,0.023647
205.5,0.018008
206.0,0.01551
206.5,0.024808
207.0,0.027741
207.5,0.026847
208.0,0.026725
208.5,0.027055
209.0,0.026264
209.5,0.028849
210.0,0.036282
210.5,0.044117
211.0,0.043653
211.5,0.047085
212.0,0.054056
212.5,0.050511
213.0,0.042837
213.5,0.043573
214.0,0.045936
214.5,0.049774
215.0,0.051216
215.5,0.050855
216.0,0.045371
216.5,0.043642
217.0,0.036941
217.5,0.033174
218.0,0.039385
218.5,0.048678
219.0,0.060675
219.5,0.066341
220.0,0.064707
220.5,0.056211
221.0,0.044003
221.5,0.044936
222.0,0.049198
222.5,0.055753
223.0,0.057621
223.5,0.063402
224.0,0.060715
224.5,0.057152
225.0,0.058555
225.5,0.053015
226.0,0.046298
226.5,0.039755
227.0,0.042413
227.5,0.047721
228.0,0.053232
228.5,0.055841
229.0,0.054293
229.5,0.048238
230.0,0.054317
230.5,0.060046
231.0,0.05747
231.5,0.052042
232.0,0.054239
232.5,0.058318
233.0,0.046543
233.5,0.035543
234.0,0.031475
234.5,0.034005
235.0,0.039149
235.5,0.043527
236.0,0.040559
236.5,0.045015
237.0,0.046661
237.5,0.048956
238.0,0.041894
238.5,0.031728
239.0,0.032139
239.5,0.032472
240.0,0.027249
240.5,0.025805
241.0,0.032482
241.5,0.046625
242.0,0.06251
242.5,0.06854
243.0,0.062315
243.5,0.061186
244.0,0.062973
244.5,0.05586
245.0,0.050578
245.5,0.051081
246.0,0.049507
246.5,0.044961
247.0,0.047436
247.5,0.046091
248.0,0.043577
248.5,0.044306
249.0,0.045599
249.5,0.057864
250.0,0.061572
250.5,0.057384
251.0,0.049183
251.5,0.039363
252.0,0.036302
252.5,0.036829
253.0,0.045669
253.5,0.048647
254.0,0.046597
254.5,0.052061
255.0,0.061696
255.5,0.065805
256.0,0.072793
256.5,0.092667
257.0,0.096655
257.5,0.081213
258.0,0.082372
258.5,0.089467
259.0,0.088056
259.5,0.073388
260.0,0.06347
260.5,0.06438
261.0,0.064611
261.5,0.074835
262.0,0.07535
262.5,0.075217
263.0,0.10124
263.5,0.144379
264.0,0.172822
264.5,0.16928
265.0,0.171375
265.5,0.183233
266.0,0.166621
266.5,0.164311
267.0,0.168573
267.5,0.169226
268.0,0.164735
268.5,0.163031
269.0,0.159188
269.5,0.166653
270.0,0.183105
270.5,0.179188
271.0,0.162416
271.5,0.146234
272.0,0.140046
272.5,0.151247
273.0,0.155705
273.5,0.127935
274.0,0.096271
274.5,0.096262
275.0,0.107665
275.5,0.127817
276.0,0.147552
276.5,0.158702
277.0,0.157494
277.5,0.144034
278.0,0.122885
278.5,0.095789
279.0,0.069325
279.5,0.054642
280.0,0.058125
280.5,0.080462
281.0,0.120628
281.5,0.176739
282.0,0.199107
282.5,0.205379
283.0,0.215692
283.5,0.214948
284.0,0.193137
284.5,0.157231
285.0,0.131425
285.5,0.171088
286.0,0.227458
286.5,0.240152
287.0,0.234442
287.5,0.216748
288.0,0.219344
288.5,0.247652
289.0,0.284584
289.5,0.330753
290.0,0.361357
290.5,0.360851
291.0,0.362829
291.5,0.355868
292.0,0.321076
292.5,0.30149
293.0,0.318235
293.5,0.326479
294.0,0.325642
294.5,0.324508
295.0,0.332673
295.5,0.353981
296.0,0.345781
296.5,0.322225
297.0,0.325541
297.5,0.344719
298.0,0.298551
298.5,0.288529
299.0,0.318276
299.5,0.296452
300.0,0.272893
300.5,0.288013
301.0,0.308588
301.5,0.298944
302.0,0.313979
302.5,0.349584
303.0,0.356054
303.5,0.343547
304.0,0.34081
304.5,0.359744
305.0,0.364071
305.5,0.332432
306.0,0.317458
306.5,0.331549
307.0,0.351149
307.5,0.352391
308.0,0.366639
308.5,0.355709
309.0,0.322732
309.5,0.308483
310.0,0.337857
310.5,0.385627
311.0,0.408954
311.5,0.378945
312.0,0.372253
312.5,0.384554
313.0,0.392764
313.5,0.410891
314.0,0.396878
314.5,0.386854
315.0,0.403182
315.5,0.363174
316.0,0.405341
316.5,0.42871
317.0,0.456647
317.5,0.461336
318.0,0.451685
318.5,0.455423
319.0,0.458195
319.5,0.459815
320.0,0.496453
320.5,0.501898
321.0,0.500565
321.5,0.485423
322.0,0.45882
322.5,0.428682
323.0,0.415875
323.5,0.435511
324.0,0.466743
324.5,0.487753
325.0,0.508829
325.5,0.542029
326.0,0.574407
326.5,0.587828
327.0,0.568401
327.5,0.516727
328.0,0.487151
328.5,0.525392
329.0,0.588929
329.5,0.625106
330.0,0.628968
330.5,0.610277
331.0,0.58996
331.5,0.584683
332.0,0.582911
332.5,0.571735
333.0,0.560949
333.5,0.562115
334.0,0.571162
334.5,0.580044
335.0,0.580451
335.5,0.566832
336.0,0.544931
336.5,0.52417
337.0,0.517399
337.5,0.532568
338.0,0.554606
338.5,0.567641
339.0,0.575614
339.5,0.58454
340.0,0.588919
340.5,0.583082
341.0,0.572199
341.5,0.56301
342.0,0.557694
342.5,0.553876
343.0,0.535528
343.5,0.494145
344.0,0.464957
344.5,0.479949
345.0,0.514377
345.5,0.536602
346.0,0.54413
346.5,0.542131
347.0,0.537301
347.5,0.533989
348.0,0.525641
348.5,0.509206
349.0,0.506552
349.5,0.536615
350.0,0.58167
350.5,0.616603
351.0,0.610915
351.5,0.613242
352.0,0.58349
352.5,0.572622
353.0,0.6133
353.5,0.643049
354.0,0.671558
354.5,0.677325
355.0,0.668551
355.5,0.651151
356.0,0.633906
356.5,0.587853
357.0,0.53807
357.5,0.517847
358.0,0.483481
358.5,0.481366
359.0,0.537734
359.5,0.591681
360.0,0.599179
360.5,0.609286
361.0,0.553559
361.5,0.543523
362.0,0.56216
362.5,0.61551
363.0,0.63548
363.5,0.62499
364.0,0.635966
364.5,0.610477
365.0,0.614336
365.5,0.69569
366.0,0.753127
366.5,0.7356
367.0,0.701893
367.5,0.698058
368.0,0.684983
368.5,0.674553
369.0,0.69578
369.5,0.749983
370.0,0.773079
370.5,0.693214
371.0,0.66009
371.5,0.696286
372.0,0.675123
372.5,0.692066
373.0,0.679594
373.5,0.609453
374.0,0.612377
374.5,0.563319
375.0,0.556524
375.5,0.656023
376.0,0.698395
376.5,0.692249
377.0,0.682355
377.5,0.763748
378.0,0.854208
378.5,0.826897
379.0,0.733384
379.5,0.665524
380.0,0.689231
380.5,0.786542
381.0,0.824256
381.5,0.742922
382.0,0.653871
382.5,0.583884
383.0,0.525184
383.5,0.473075
384.0,0.522367
384.5,0.667764
385.0,0.756584
385.5,0.728876
386.0,0.689422
386.5,0.72779
387.0,0.726461
387.5,0.718815
388.0,0.682562
388.5,0.625156
389.0,0.636508
389.5,0.715591
390.0,0.767389
390.5,0.784875
391.0,0.813627
391.5,0.812487
392.0,0.75715
392.5,0.625901
393.0,0.44456
393.5,0.383997
394.0,0.486786
394.5,0.637056
395.0,0.780517
395.5,0.827399
396.0,0.719357
396.5,0.484881
397.0,0.394745
397.5,0.596849
398.0,0.82573
398.5,0.924718
399.0,0.958823
399.5,0.982942
400.0,0.997337
400.5,0.998055
401.0,1.019036
401.5,1.043127
402.0,1.065191
402.5,1.059637
403.0,1.024951
403.5,1.038391
404.0,1.048306
404.5,0.997373
405.0,1.006133
405.5,0.995767
406.0,0.984275
406.5,0.978527
407.0,0.973215
407.5,0.969372
408.0,0.997823
408.5,1.058493
409.0,1.068337
409.5,0.969232
410.0,0.868619
410.5,0.910845
411.0,0.996023
411.5,1.060405
412.0,1.080954
412.5,1.065385
413.0,1.041656
413.5,1.061634
414.0,1.083611
414.5,1.078328
415.0,1.064097
415.5,1.049752
416.0,1.071955
416.5,1.081439
417.0,1.050334
417.5,1.022082
418.0,1.019336
418.5,1.026755
419.0,1.042195
419.5,1.01477
420.0,0.993483
420.5,1.031861
421.0,1.076855
421.5,1.086453
422.0,1.067862
422.5,0.988882
423.0,0.989377
423.5,0.993829
424.0,1.015132
424.5,1.021147
425.0,1.015793
425.5,1.010109
426.0,1.000625
426.5,1.015398
427.0,0.987684
427.5,0.999421
428.0,1.004724
428.5,0.970816
429.0,0.937984
429.5,0.905853
430.0,0.823117
430.5,0.762406
431.0,0.787045
431.5,0.959299
432.0,1.063285
432.5,1.028938
433.0,1.002726
433.5,0.931888
434.0,0.856489
434.5,0.936631
435.0,1.002015
435.5,1.045927
436.0,1.085217
436.5,1.110058
437.0,1.097673
437.5,1.081319
438.0,1.041061
438.5,0.9783
439.0,0.994025
439.5,1.032759
440.0,1.062345
440.5,1.062596
441.0,1.075895
441.5,1.091089
442.0,1.125487
442.5,1.130813
443.0,1.12589
443.5,1.113779
444.0,1.124316
444.5,1.134563
445.0,1.131441
445.5,1.074338
446.0,1.050084
446.5,1.079755
447.0,1.127251
447.5,1.162949
448.0,1.144902
448.5,1.152382
449.0,1.151217
449.5,1.154063
450.0,1.184532
450.5,1.218421
451.0,1.224648
451.5,1.208477
452.0,1.17571
452.5,1.109883
453.0,1.071642
453.5,1.11201
454.0,1.148088
454.5,1.125438
455.0,1.108586
455.5,1.139292
456.0,1.167064
456.5,1.171178
457.0,1.168463
457.5,1.16826
458.0,1.150477
458.5,1.137261
459.0,1.131692
459.5,1.126123
460.0,1.129482
460.5,1.156036
461.0,1.178257
461.5,1.174077
462.0,1.173748
462.5,1.172259
463.0,1.173953
463.5,1.157478
464.0,1.143772
464.5,1.120042
465.0,1.117742
465.5,1.136981
466.0,1.148677
466.5,1.105754
467.0,1.103955
467.5,1.1273
468.0,1.141778
468.5,1.155938
469.0,1.146941
469.5,1.147545
470.0,1.122035
470.5,1.098866
471.0,1.101206
471.5,1.136548
472.0,1.161927
472.5,1.153559
473.0,1.122366
473.5,1.132632
474.0,1.149253
474.5,1.160436
475.0,1.150972
475.5,1.138375
476.0,1.125099
476.5,1.108825
477.0,1.119497
477.5,1.156189
478.0,1.175664
478.5,1.145688
479.0,1.133831
479.5,1.146772
480.0,1.152013
480.5,1.144432
481.0,1.144223
481.5,1.165001
482.0,1.159529
482.5,1.134658
483.0,1.117307
483.5,1.11283
484.0,1.112031
484.5,1.122525
485.0,1.08491
485.5,0.973563
486.0,0.852535
486.5,0.892894
487.0,0.982527
487.5,1.043728
488.0,1.083923
488.5,1.065154
489.0,1.045639
489.5,1.107576
490.0,1.150011
490.5,1.142906
491.0,1.107662
491.5,1.083899
492.0,1.055118
492.5,1.090351
493.0,1.119423
493.5,1.094681
494.0,1.08661
494.5,1.120518
495.0,1.14407
495.5,1.120567
496.0,1.114585
496.5,1.128569
497.0,1.131415
497.5,1.122511
498.0,1.084384
498.5,1.071703
499.0,1.093501
499.5,1.093932
500.0,1.074057
500.5,1.054975
501.0,1.052529
501.5,1.026204
502.0,1.02879
502.5,1.059733
503.0,1.086313
503.5,1.067456
504.0,1.023596
504.5,1.062395
505.0,1.092126
505.5,1.115206
506.0,1.126676
506.5,1.103537
507.0,1.070166
507.5,1.049286
508.0,1.039114
508.5,1.078302
509.0,1.107945
509.5,1.084226
510.0,1.048671
510.5,1.054974
511.0,1.067827
511.5,1.097097
512.0,1.092497
512.5,1.063944
513.0,1.046195
513.5,1.03549
514.0,1.027421
514.5,1.031179
515.0,1.042047
515.5,1.061345
516.0,1.052512
516.5,0.949316
517.0,0.883614
517.5,0.947354
518.0,0.991567
518.5,0.971699
519.0,0.982693
519.5,1.00017
520.0,1.030393
520.5,1.025099
521.0,1.021475
521.5,1.033356
522.0,1.044708
522.5,1.004183
523.0,0.999916
523.5,1.026861
524.0,1.058431
524.5,1.052836
525.0,1.045696
525.5,1.056301
526.0,1.032678
526.5,0.963522
527.0,0.937669
527.5,0.971504
528.0,1.022027
528.5,1.056399
529.0,1.077964
529.5,1.047265
530.0,1.029595
530.5,1.053936
531.0,1.082942
531.5,1.077645
532.0,1.045141
532.5,0.997387
533.0,0.989648
533.5,1.018903
534.0,1.027576
534.5,1.028604
535.0,1.040718
535.5,1.070669
536.0,1.060617
536.5,1.022476
537.0,1.002109
537.5,1.026573
538.0,1.041097
538.5,1.04199
539.0,1.031421
539.5,1.011649
540.0,0.992372
540.5,0.97378
541.0,0.979322
541.5,1.006251
542.0,1.019086
542.5,1.01571
543.0,1.00875
543.5,1.019627
544.0,1.037585
544.5,1.024595
545.0,1.019821
545.5,1.01314
546.0,1.017461
546.5,1.019422
547.0,1.027991
547.5,1.001947
548.0,0.987094
548.5,1.0126
549.0,1.025507
549.5,1.024026
550.0,1.018381
550.5,1.009527
551.0,1.014157
551.5,1.025034
552.0,1.02991
552.5,1.013295
553.0,0.996747
553.5,1.002136
554.0,1.018528
554.5,1.020445
555.0,1.027945
555.5,1.021155
556.0,1.007234
556.5,0.988671
557.0,0.979755
557.5,0.991493
558.0,1.005531
558.5,0.981175
559.0,0.956199
559.5,0.958048
560.0,0.97074
560.5,1.000736
561.0,1.017948
561.5,0.988454
562.0,0.976979
562.5,0.982528
563.0,0.995033
563.5,0.984351
564.0,0.97826
564.5,0.992163
565.0,0.987624
565.5,0.960364
566.0,0.944103
566.5,0.955957
567.0,0.979154
567.5,0.985433
568.0,0.975039
568.5,0.963579
569.0,0.967339
569.5,0.975479
570.0,0.972902
570.5,0.944098
571.0,0.924784
571.5,0.952602
572.0,0.986892
572.5,0.991836
573.0,0.99025
573.5,0.987783
574.0,0.986203
574.5,0.982676
575.0,0.970151
575.5,0.965561
576.0,0.972507
576.5,0.985823
577.0,0.99123
577.5,0.975288
578.0,0.96266
578.5,0.955492
579.0,0.959659
579.5,0.971733
580.0,0.976874
580.5,0.969071
581.0,0.969284
581.5,0.974286
582.0,0.98016
582.5,0.985573
583.0,0.986396
583.5,0.989663
584.0,0.988468
584.5,0.983409
585.0,0.972246
585.5,0.947991
586.0,0.940518
586.5,0.960247
587.0,0.978796
587.5,0.982367
588.0,0.968786
588.5,0.930799
589.0,0.881882
589.5,0.887885
590.0,0.933214
590.5,0.959826
591.0,0.963638
591.5,0.967308
592.0,0.968495
592.5,0.954394
593.0,0.950119
593.5,0.956259
594.0,0.9544
594.5,0.942358
595.0,0.937181
595.5,0.944677
596.0,0.954868
596.5,0.962582
597.0,0.955663
597.5,0.94453
598.0,0.935016
598.5,0.929776
599.0,0.928297
599.5,0.927932
600.0,0.924209
600.5,0.919132
601.0,0.918864
601.5,0.906133
602.0,0.901982
602.5,0.910725
603.0,0.9209
603.5,0.926042
604.0,0.923186
604.5,0.925721
605.0,0.927523
605.5,0.92546
606.0,0.928376
606.5,0.926987
607.0,0.933443
607.5,0.92578
608.0,0.915358
608.5,0.908073
609.0,0.911208
609.5,0.908382
610.0,0.895372
610.5,0.899425
611.0,0.91195
611.5,0.902558
612.0,0.890338
612.5,0.894899
613.0,0.89379
613.5,0.875031
614.0,0.869137
614.5,0.879742
615.0,0.888403
615.5,0.874266
616.0,0.845587
616.5,0.848343
617.0,0.859384
617.5,0.884382
618.0,0.889355
618.5,0.879266
619.0,0.874006
619.5,0.889139
620.0,0.893067
620.5,0.897176
621.0,0.894165
621.5,0.886043
622.0,0.881088
622.5,0.876721
623.0,0.869849
623.5,0.874081
624.0,0.870247
624.5,0.859072
625.0,0.860747
625.5,0.854162
626.0,0.861759
626.5,0.870843
627.0,0.876509
627.5,0.862457
628.0,0.843644
628.5,0.863188
629.0,0.873186
629.5,0.860665
630.0,0.841996
630.5,0.851339
631.0,0.863154
631.5,0.845435
632.0,0.838031
632.5,0.859085
633.0,0.869162
633.5,0.859741
634.0,0.852257
634.5,0.855111
635.0,0.860244
635.5,0.846905
636.0,0.839514
636.5,0.849785
637.0,0.860085
637.5,0.863863
638.0,0.859298
638.5,0.855112
639.0,0.849595
639.5,0.841915
640.0,0.840268
640.5,0.839466
641.0,0.832996
641.5,0.832336
642.0,0.836176
642.5,0.845922
643.0,0.844096
643.5,0.845642
644.0,0.849309
644.5,0.84552
645.0,0.833462
645.5,0.825284
646.0,0.824174
646.5,0.832131
647.0,0.836766
647.5,0.836047
648.0,0.83873
648.5,0.840025
649.0,0.82742
649.5,0.80701
650.0,0.815982
650.5,0.841335
651.0,0.853528
651.5,0.840901
652.0,0.839786
652.5,0.840713
653.0,0.841252
653.5,0.845165
654.0,0.840506
654.5,0.832873
655.0,0.802189
655.5,0.733703
656.0,0.651969
656.5,0.686196
657.0,0.764271
657.5,0.806352
658.0,0.820026
658.5,0.817242
659.0,0.811091
659.5,0.816134
660.0,0.832344
660.5,0.834211
661.0,0.831573
661.5,0.838438
662.0,0.841767
662.5,0.833885
663.0,0.817161
663.5,0.816102
664.0,0.818751
664.5,0.814607
665.0,0.817702
665.5,0.816243
666.0,0.813878
666.5,0.815148
667.0,0.820952
667.5,0.813539
668.0,0.811638
668.5,0.816584
669.0,0.824341
669.5,0.822718
670.0,0.818954
670.5,0.813687
671.0,0.809583
671.5,0.800814
672.0,0.797706
672.5,0.807969
673.0,0.81575
673.5,0.810933
674.0,0.803866
674.5,0.798442
675.0,0.796423
675.5,0.808072
676.0,0.811282
676.5,0.809987
677.0,0.805027
677.5,0.805136
678.0,0.806422
678.5,0.800585
679.0,0.800446
679.5,0.80391
680.0,0.802897
680.5,0.797984
681.0,0.803026
681.5,0.807094
682.0,0.802228
682.5,0.804422
683.0,0.796711
683.5,0.787527
684.0,0.786944
684.5,0.786361
685.0,0.785778
685.5,0.785196
686.0,0.784613
686.5,0.78403
687.0,0.783448
687.5,0.782865
688.0,0.782282
688.5,0.781699
689.0,0.781117
689.5,0.780534
690.0,0.779951
690.5,0.779368
691.0,0.778786
691.5,0.778203
692.0,0.77762
692.5,0.777037
693.0,0.776455
693.5,0.775872
694.0,0.775289
694.5,0.774706
695.0,0.774124
695.5,0.773541
696.0,0.772958
696.5,0.772376
697.0,0.771793
697.5,0.77121
698.0,0.768542
698.5,0.776673
699.0,0.774294
699.5,0.771203
700.0,0.757487
700.5,0.751532
701.0,0.761694
701.5,0.754328
702.0,0.748394
702.5,0.747578
703.0,0.752079
703.5,0.753873
704.0,0.756398
704.5,0.763727
705.0,0.766014
705.5,0.763615
706.0,0.759538
706.5,0.75387
707.0,0.757565
707.5,0.761582
708.0,0.755447
708.5,0.756086
709.0,0.751042
709.5,0.749135
710.0,0.745643
710.5,0.746187
711.0,0.740134
711.5,0.742194
712.0,0.743295
712.5,0.747163
713.0,0.756196
713.5,0.757552
714.0,0.748942
714.5,0.741257
715.0,0.745903
715.5,0.751196
716.0,0.742603
716.5,0.731165
717.0,0.73013
717.5,0.723491
718.0,0.721838
718.5,0.706751
719.0,0.703575
719.5,0.712618
720.0,0.718444
720.5,0.724781
721.0,0.738489
721.5,0.750967
722.0,0.752365
722.5,0.746251
723.0,0.736423
723.5,0.727387
724.0,0.73494
724.5,0.735477
725.0,0.722076
725.5,0.715635
726.0,0.724127
726.5,0.719574
727.0,0.722559
727.5,0.711932
728.0,0.716035
728.5,0.709352
729.0,0.691626
729.5,0.715117
730.0,0.721523
730.5,0.715062
731.0,0.719606
731.5,0.716528
732.0,0.716013
732.5,0.71843
733.0,0.715846
733.5,0.718294
734.0,0.721525
734.5,0.718288
735.0,0.709962
735.5,0.708106
736.0,0.70958
736.5,0.711391
737.0,0.716365
737.5,0.713695
738.0,0.702192
738.5,0.68576
739.0,0.683307
739.5,0.688794
740.0,0.688302
740.5,0.678174
741.0,0.678062
741.5,0.688956
742.0,0.693842
742.5,0.694694
743.0,0.704409
743.5,0.706219
744.0,0.702466
744.5,0.697531
745.0,0.694105
745.5,0.694012
746.0,0.697309
746.5,0.702595
747.0,0.704409
747.5,0.698916
748.0,0.692827
748.5,0.692806
749.0,0.694744
749.5,0.693071
750.0,0.687108
750.5,0.678818
751.0,0.675811
751.5,0.683179
752.0,0.69028
752.5,0.68736
753.0,0.683951
753.5,0.689935
754.0,0.697309
754.5,0.696592
755.0,0.69028
755.5,0.689706
756.0,0.689132
756.5,0.688558
757.0,0.687984
757.5,0.68741
758.0,0.686835
758.5,0.686261
759.0,0.685687
759.5,0.685113
760.0,0.684539
760.5,0.683965
761.0,0.683391
761.5,0.682817
762.0,0.682243
762.5,0.681669
763.0,0.681095
763.5,0.680521
764.0,0.679947
764.5,0.679373
765.0,0.678799
765.5,0.678225
766.0,0.677651
766.5,0.677077
767.0,0.676503
767.5,0.675929
768.0,0.675355
768.5,0.674781
769.0,0.674207
769.5,0.673633
770.0,0.673059
770.5,0.672485
771.0,0.671911
771.5,0.671337
772.0,0.670763
772.5,0.670189
773.0,0.669615
773.5,0.673687
774.0,0.671468
774.5,0.65999
775.0,0.650167
775.5,0.652309
776.0,0.660427
776.5,0.665679
777.0,0.664087
777.5,0.655423
778.0,0.649569
778.5,0.654345
779.0,0.659212
779.5,0.653628
780.0,0.645394
780.5,0.644205
781.0,0.648971
781.5,0.655731
782.0,0.659819
782.5,0.657964
783.0,0.653168
783.5,0.649195
784.0,0.646584
784.5,0.645418
785.0,0.64718
785.5,0.652527
786.0,0.657393
786.5,0.657742
787.0,0.654373
787.5,0.649476
788.0,0.645989
788.5,0.645965
789.0,0.64718
789.5,0.646921
790.0,0.6448
790.5,0.641402
791.0,0.638888
791.5,0.638395
792.0,0.635368
792.5,0.626646
793.0,0.620333
793.5,0.623499
794.0,0.627805
794.5,0.624933
795.0,0.62205
795.5,0.626627
796.0,0.631866
796.5,0.630519
797.0,0.627805
797.5,0.629884
798.0,0.634198
798.5,0.636392
799.0,0.633614
799.5,0.62517
800.0,0.617483
800.5,0.61672
801.0,0.620905
801.5,0.625631
802.0,0.624921
802.5,0.616098
803.0,0.611259
803.5,0.619793
804.0,0.625497
804.5,0.613806
805.0,0.602317
805.5,0.608968
806.0,0.620905
806.5,0.62267
807.0,0.619192
807.5,0.618247
808.0,0.618622
808.5,0.617286
809.0,0.61295
809.5,0.606204
810.0,0.603427
810.5,0.609284
811.0,0.615779
811.5,0.614906
812.0,0.611259
812.5,0.610241
813.0,0.60789
813.5,0.599934
814.0,0.590235
814.5,0.583741
815.0,0.581601
815.5,0.582285
816.0,0.577331
816.5,0.561558
817.0,0.549826
817.5,0.555805
818.0,0.568362
818.5,0.572963
819.0,0.566272
819.5,0.551432
820.0,0.546292
820.5,0.563945
821.0,0.583748
821.5,0.583874
822.0,0.571512
822.5,0.55907
823.0,0.550839
823.5,0.548684
824.0,0.552873
824.5,0.562113
825.0,0.57046
825.5,0.573267
826.0,0.575738
826.5,0.582081
827.0,0.582673
827.5,0.569643
828.0,0.555936
828.5,0.555146
829.0,0.562633
829.5,0.569605
830.0,0.568886
830.5,0.55796
831.0,0.551347
831.5,0.560794
832.0,0.569935
832.5,0.562576
833.0,0.551347
833.5,0.551125
834.0,0.556961
834.5,0.56114
835.0,0.564709
835.5,0.56974
836.0,0.573621
836.5,0.574056
837.0,0.574679
837.5,0.578354
838.0,0.578929
838.5,0.57157
839.0,0.565751
839.5,0.570453
840.0,0.578396
840.5,0.580771
841.0,0.578929
841.5,0.576391
842.0,0.575208
842.5,0.576075
843.0,0.575738
843.5,0.571298
844.0,0.56523
844.5,0.561374
845.0,0.56367
845.5,0.573326
846.0,0.580531
846.5,0.576663
847.0,0.568886
847.5,0.56623
848.0,0.56941
848.5,0.574042
849.0,0.56367
849.5,0.529578
850.0,0.506087
850.5,0.522976
851.0,0.548814
851.5,0.549104
852.0,0.538301
852.5,0.536984
853.0,0.541284
853.5,0.538453
854.0,0.50469
854.5,0.43291
855.0,0.393935
855.5,0.446089
856.0,0.519787
856.5,0.538646
857.0,0.527018
857.5,0.524127
858.0,0.527989
858.5,0.524838
859.0,0.520632
859.5,0.515583
860.0,0.512005
860.5,0.515485
861.0,0.521628
861.5,0.527958
862.0,0.531998
862.5,0.531914
863.0,0.528439
863.5,0.522948
864.0,0.516816
864.5,0.511182
865.0,0.506234
865.5,0.501926
866.0,0.498208
866.5,0.495139
867.0,0.493207
867.5,0.493005
868.0,0.495126
868.5,0.499742
869.0,0.505333
869.5,0.509957
870.0,0.511673
870.5,0.509285
871.0,0.504586
871.5,0.500112
872.0,0.4984
872.5,0.501067
873.0,0.506036
873.5,0.510308
874.0,0.510885
874.5,0.505842
875.0,0.497546
875.5,0.48944
876.0,0.484964
876.5,0.486361
877.0,0.491078
877.5,0.495362
878.0,0.495461
878.5,0.488858
879.0,0.477971
879.5,0.466452
880.0,0.457955
880.5,0.455202
881.0,0.457195
881.5,0.462006
882.0,0.467707
882.5,0.472729
883.0,0.476939
883.5,0.480561
884.0,0.483822
884.5,0.486847
885.0,0.489372
885.5,0.491034
886.0,0.491469
886.5,0.49047
887.0,0.488449
887.5,0.485974
888.0,0.483613
888.5,0.481897
889.0,0.481223
889.5,0.48195
890.0,0.484439
890.5,0.488716
891.0,0.49348
891.5,0.497098
892.0,0.497934
892.5,0.494999
893.0,0.489876
893.5,0.48479
894.0,0.48197
894.5,0.482907
895.0,0.48616
895.5,0.489553
896.0,0.490911
896.5,0.488648
897.0,0.483548
897.5,0.476983
898.0,0.470326
898.5,0.464821
899.0,0.461199
899.5,0.460061
900.0,0.462009
900.5,0.467282
901.0,0.474671
901.5,0.482603
902.0,0.489508
902.5,0.494164
903.0,0.496755
903.5,0.497814
904.0,0.497876
904.5,0.497187
905.0,0.494851
905.5,0.489682
906.0,0.480495
906.5,0.46692
907.0,0.451839
907.5,0.438949
908.0,0.431946
908.5,0.433257
909.0,0.440232
909.5,0.448951
910.0,0.455494
910.5,0.456962
911.0,0.454527
911.5,0.450382
912.0,0.44672
912.5,0.445103
913.0,0.444581
913.5,0.443575
914.0,0.440504
914.5,0.434457
915.0,0.427198
915.5,0.42116
916.0,0.418775
916.5,0.421701
917.0,0.42849
917.5,0.436921
918.0,0.444773
918.5,0.45029
919.0,0.453584
919.5,0.455233
920.0,0.455814
920.5,0.45587
921.0,0.455789
921.5,0.455926
922.0,0.456632
922.5,0.457975
923.0,0.458884
923.5,0.457998
924.0,0.453962
924.5,0.446209
925.0,0.437342
925.5,0.430758
926.0,0.429853
926.5,0.43678
927.0,0.448722
927.5,0.461623
928.0,0.471423
928.5,0.474937
929.0,0.472469
929.5,0.465198
930.0,0.4543
930.5,0.441338
931.0,0.429414
931.5,0.422015
932.0,0.422628
932.5,0.433044
933.0,0.44827
933.5,0.46162
934.0,0.466406
934.5,0.458202
935.0,0.441627
935.5,0.423564
936.0,0.410894
936.5,0.408743
937.0,0.415223
937.5,0.42669
938.0,0.4395
938.5,0.450414
939.0,0.457803
939.5,0.460444
940.0,0.457112
940.5,0.447288
941.0,0.433271
941.5,0.418065
942.0,0.404673
942.5,0.395541
943.0,0.390885
943.5,0.390363
944.0,0.393635
944.5,0.400082
945.0,0.407984
945.5,0.415342
946.0,0.42016
946.5,0.421091
947.0,0.419393
947.5,0.416976
948.0,0.415747
948.5,0.417002
949.0,0.419575
949.5,0.421688
950.0,0.421562
950.5,0.418144
951.0,0.413294
951.5,0.409598
952.0,0.409641
952.5,0.415083
953.0,0.42387
953.5,0.433021
954.0,0.439555
954.5,0.441315
955.0,0.439428
955.5,0.435847
956.0,0.432523
956.5,0.430906
957.0,0.430444
957.5,0.430086
958.0,0.428778
958.5,0.425834
959.0,0.422025
959.5,0.41849
960.0,0.416367
960.5,0.416413
961.0,0.417865
961.5,0.419579
962.0,0.42041
962.5,0.419601
963.0,0.417939
963.5,0.416597
964.0,0.416751
964.5,0.419135
965.0,0.422733
965.5,0.426089
966.0,0.427748
966.5,0.426722
967.0,0.423877
967.5,0.420547
968.0,0.418065
968.5,0.417382
969.0,0.417925
969.5,0.418738
970.0,0.418866
970.5,0.417596
971.0,0.415189
971.5,0.412149
972.0,0.408977
972.5,0.406091
973.0,0.403558
973.5,0.40136
974.0,0.399478
974.5,0.397932
975.0,0.396898
975.5,0.396589
976.0,0.39722
976.5,0.398809
977.0,0.400589
977.5,0.401598
978.0,0.400871
978.5,0.397851
979.0,0.393591
979.5,0.389549
980.0,0.387186
980.5,0.387512
981.0,0.389759
981.5,0.39271
982.0,0.39515
982.5,0.396131
983.0,0.395777
983.5,0.394478
984.0,0.392626
984.5,0.390544
985.0,0.388278
985.5,0.385804
986.0,0.383098
986.5,0.380256
987.0,0.377837
987.5,0.376522
988.0,0.376989
988.5,0.379623
989.0,0.38364
989.5,0.387964
990.0,0.391515
990.5,0.393484
991.0,0.394131
991.5,0.393979
992.0,0.393557
992.5,0.393316
993.0,0.393415
993.5,0.393941
994.0,0.394978
994.5,0.396553
995.0,0.398446
995.5,0.400378
996.0,0.402069
996.5,0.403239
997.0,0.403601
997.5,0.402869
998.0,0.400757
998.5,0.397256
999.0,0.393467
999.5,0.390772
1000.0,0.39055
1000.5,0.393625
1001.0,0.3986
1001.5,0.40352
1002.0,0.406432
1002.5,0.405895
1003.0,0.402531
1003.5,0.397474
1004.0,0.39186
1004.5,0.386763
1005.0,0.383018
1005.5,0.381398
1006.0,0.382679
1006.5,0.387114
1007.0,0.392874
1007.5,0.397612
1008.0,0.398979
1008.5,0.395426
1009.0,0.388609
1009.5,0.380982
1010.0,0.374999
1010.5,0.372507
1011.0,0.372909
1011.5,0.375
1012.0,0.377575
1012.5,0.379537
1013.0,0.380219
1013.5,0.379063
1014.0,0.37551
1014.5,0.369395
1015.0,0.362125
1015.5,0.3555
1016.0,0.351321
1016.5,0.350822
1017.0,0.35297
1017.5,0.356169
1018.0,0.358819
1018.5,0.35969
1019.0,0.359013
1019.5,0.357389
1020.0,0.355417
1020.5,0.353616
1021.0,0.352185
1021.5,0.351241
1022.0,0.350902
1022.5,0.351224
1023.0,0.352023
1023.5,0.35305
1024.0,0.354061
1024.5,0.354855
1025.0,0.355427
1025.5,0.355816
1026.0,0.356065
1026.5,0.35622
1027.0,0.356359
1027.5,0.356567
1028.0,0.356927
1028.5,0.357509
1029.0,0.358318
1029.5,0.359344
1030.0,0.360578
1030.5,0.366185
1031.0,0.366619
1031.5,0.366868
1032.0,0.366792
1032.5,0.366313
1033.0,0.365612
1033.5,0.364936
1034.0,0.36453
1034.5,0.36456
1035.0,0.364878
1035.5,0.365254
1036.0,0.36546
1036.5,0.36537
1037.0,0.365262
1037.5,0.365518
1038.0,0.366517
1038.5,0.368438
1039.0,0.370653
1039.5,0.372329
1040.0,0.372637
1040.5,0.371009
1041.0,0.367941
1041.5,0.364194
1042.0,0.360528
1042.5,0.357566
1043.0,0.355386
1043.5,0.353929
1044.0,0.353136
1044.5,0.352904
1045.0,0.35295
1045.5,0.35295
1046.0,0.352578
1046.5,0.351692
1047.0,0.350893
1047.5,0.350965
1048.0,0.352694
1048.5,0.356483
1049.0,0.36121
1049.5,0.365375
1050.0,0.367475
1050.5,0.36645
1051.0,0.363006
1051.5,0.358289
1052.0,0.353447
1052.5,0.349457
1053.0,0.346613
1053.5,0.34504
1054.0,0.344864
1054.5,0.346103
1055.0,0.348358
1055.5,0.351127
1056.0,0.353905
1056.5,0.356199
1057.0,0.357559
1057.5,0.357545
1058.0,0.355716
1058.5,0.351913
1059.0,0.3471
1059.5,0.342519
1060.0,0.339416
1060.5,0.338713
1061.0,0.34005
1061.5,0.342748
1062.0,0.346127
1062.5,0.34346
1063.0,0.343052
1063.5,0.342644
1064.0,0.342237
1064.5,0.34183
1065.0,0.341424
1065.5,0.341018
1066.0,0.340612
1066.5,0.340207
1067.0,0.339802
1067.5,0.339397
1068.0,0.338993
1068.5,0.33859
1069.0,0.338186
1069.5,0.337784
1070.0,0.337381
1070.5,0.336979
1071.0,0.336577
1071.5,0.336176
1072.0,0.335775
1072.5,0.335375
1073.0,0.334975
1073.5,0.334575
1074.0,0.334176
1074.5,0.333777
1075.0,0.333379
1075.5,0.332981
1076.0,0.332583
1076.5,0.332186
1077.0,0.331789
1077.5,0.331393
1078.0,0.330997
1078.5,0.330601
1079.0,0.330206
1079.5,0.329811
1080.0,0.329417
1080.5,0.329023
1081.0,0.328629
1081.5,0.328236
1082.0,0.327843
1082.5,0.327451
1083.0,0.327059
1083.5,0.326668
1084.0,0.326276
1084.5,0.325886
1085.0,0.325495
1085.5,0.325106
1086.0,0.324716
1086.5,0.324327
1087.0,0.323938
1087.5,0.32355
1088.0,0.323162
1088.5,0.322775
1089.0,0.322388
1089.5,0.322001
1090.0,0.321615
1090.5,0.321229
1091.0,0.320844
1091.5,0.320459
1092.0,0.320074
1092.5,0.31969
1093.0,0.319306
1093.5,0.318923
1094.0,0.31854
1094.5,0.318157
1095.0,0.317775
1095.5,0.317393
1096.0,0.317012
1096.5,0.316631
1097.0,0.316251
1097.5,0.31587
1098.0,0.315491
1098.5,0.315112
1099.0,0.314733
1099.5,0.314354
1100.0,0.313976
1100.5,0.313599
1101.0,0.313221
1101.5,0.312845
1102.0,0.312468
1102.5,0.312092
1103.0,0.311717
1103.5,0.311341
1104.0,0.310967
1104.5,0.310592
1105.0,0.310218
1105.5,0.309845
1106.0,0.309472
1106.5,0.309099
1107.0,0.308727
1107.5,0.308355
1108.0,0.307984
1108.5,0.307613
1109.0,0.307242
1109.5,0.306872
1110.0,0.306502
1110.5,0.306133
1111.0,0.305764
1111.5,0.305395
1112.0,0.305027
1112.5,0.304659
1113.0,0.304292
1113.5,0.303925
1114.0,0.303559
1114.5,0.303193
1115.0,0.302827
1115.5,0.302462
1116.0,0.302097
1116.5,0.301733
1117.0,0.301369
1117.5,0.301005
1118.0,0.300642
1118.5,0.300279
1119.0,0.299917
1119.5,0.299555
1120.0,0.299193
1120.5,0.298832
1121.0,0.298472
1121.5,0.298112
1122.0,0.297752
1122.5,0.297392
1123.0,0.297033
1123.5,0.296675
1124.0,0.296317
1124.5,0.295959
1125.0,0.295602
1125.5,0.295245
1126.0,0.294888
1126.5,0.294532
1127.0,0.294177
1127.5,0.293821
1128.0,0.293467
1128.5,0.293112
1129.0,0.292758
1129.5,0.292405
1130.0,0.292052
1130.5,0.291699
1131.0,0.291347
1131.5,0.290995
1132.0,0.290643
1132.5,0.290292
1133.0,0.289942
1133.5,0.289591
1134.0,0.289242
1134.5,0.288892
1135.0,0.288543
1135.5,0.288195
1136.0,0.287847
1136.5,0.287499
1137.0,0.287152
1137.5,0.286805
1138.0,0.286459
1138.5,0.286113
1139.0,0.285767
1139.5,0.285422
1140.0,0.285077
1140.5,0.284733
1141.0,0.284389
1141.5,0.284046
1142.0,0.283703
1142.5,0.28336
1143.0,0.283018
1143.5,0.282676
1144.0,0.282335
1144.5,0.281994
1145.0,0.281653
1145.5,0.281313
1146.0,0.280974
1146.5,0.280635
1147.0,0.280296
1147.5,0.279957
1148.0,0.279619
1148.5,0.279282
1149.0,0.278945
1149.5,0.278608
1150.0,0.278272
1150.5,0.277936
1151.0,0.277601
1151.5,0.277266
1152.0,0.276931
1152.5,0.276597
1153.0,0.276263
1153.5,0.27593
1154.0,0.275597
1154.5,0.275265
1155.0,0.274933
1155.5,0.274601
1156.0,0.27427
1156.5,0.273939
1157.0,0.273609
1157.5,0.273279
1158.0,0.27295
1158.5,0.272621
1159.0,0.272292
1159.5,0.271964
1160.0,0.271636
1160.5,0.271309
1161.0,0.270982
1161.5,0.270656
1162.0,0.27033
1162.5,0.270004
1163.0,0.269679
1163.5,0.269354
1164.0,0.26903
1164.5,0.268706
1165.0,0.268383
1165.5,0.26806
1166.0,0.267737
1166.5,0.267415
1167.0,0.267093
1167.5,0.266772
1168.0,0.266451
1168.5,0.266131
1169.0,0.265811
1169.5,0.265491
1170.0,0.265172
1170.5,0.264853
1171.0,0.264535
1171.5,0.264217
1172.0,0.2639
1172.5,0.263583
1173.0,0.263266
1173.5,0.26295
1174.0,0.262634
1174.5,0.262319
1175.0,0.262004
1175.5,0.26169
1176.0,0.261376
1176.5,0.261062
1177.0,0.260749
1177.5,0.260436
1178.0,0.260124
1178.5,0.259812
1179.0,0.259501
1179.5,0.25919
1180.0,0.25888
1180.5,0.258569
1181.0,0.25826
1181.5,0.257951
1182.0,0.257642
1182.5,0.257333
1183.0,0.257025
1183.5,0.256718
1184.0,0.256411
1184.5,0.256104
1185.0,0.255798
1185.5,0.255492
1186.0,0.255187
1186.5,0.254882
1187.0,0.254578
1187.5,0.254274
1188.0,0.25397
1188.5,0.253667
1189.0,0.253364
1189.5,0.253062
1190.0,0.25276
1190.5,0.252459
1191.0,0.252158
1191.5,0.251857
1192.0,0.251557
1192.5,0.251258
1193.0,0.250958
1193.5,0.25066
1194.0,0.250361
1194.5,0.250063
1195.0,0.249766
1195.5,0.249469
1196.0,0.249172
1196.5,0.248876
1197.0,0.24858
1197.5,0.248285
1198.0,0.24799
1198.5,0.247696
1199.0,0.247402
1199.5,0.247108
1200.0,0.246815
1200.5,0.246522
1201.0,0.24623
1201.5,0.245938
1202.0,0.245647
1202.5,0.245356
1203.0,0.245066
1203.5,0.244776
1204.0,0.244486
1204.5,0.244197
1205.0,0.243908
1205.5,0.24362
1206.0,0.243332
1206.5,0.243045
1207.0,0.242758
1207.5,0.242471
1208.0,0.242185
1208.5,0.2419
1209.0,0.241614
1209.5,0.24133
1210.0,0.241045
1210.5,0.240761
1211.0,0.240478
1211.5,0.240195
1212.0,0.239913
1212.5,0.23963
1213.0,0.239349
1213.5,0.239068
1214.0,0.238787
1214.5,0.238506
1215.0,0.238227
1215.5,0.237947
1216.0,0.237668
1216.5,0.23739
1217.0,0.237111
1217.5,0.236834
1218.0,0.236556
1218.5,0.23628
1219.0,0.236003
1219.5,0.235727
1220.0,0.235452
1220.5,0.235177
1221.0,0.234902
1221.5,0.234628
1222.0,0.234355
1222.5,0.234081
1223.0,0.233808
1223.5,0.233536
1224.0,0.233264
1224.5,0.232993
1225.0,0.232722
1225.5,0.232451
1226.0,0.232181
1226.5,0.231911
1227.0,0.231642
1227.5,0.231373
1228.0,0.231105
1228.5,0.230837
1229.0,0.230569
1229.5,0.230302
1230.0,0.230035
1230.5,0.229769
1231.0,0.229503
1231.5,0.229238
1232.0,0.228973
1232.5,0.228709
1233.0,0.228445
1233.5,0.228181
1234.0,0.227918
1234.5,0.227655
1235.0,0.227393
1235.5,0.227131
1236.0,0.226869
1236.5,0.226608
1237.0,0.226348
1237.5,0.226087
1238.0,0.225828
1238.5,0.225568
1239.0,0.225309
1239.5,0.225051
1240.0,0.224793
1240.5,0.224535
1241.0,0.224278
1241.5,0.224021
1242.0,0.223765
1242.5,0.223509
1243.0,0.223253
1243.5,0.222998
1244.0,0.222744
1244.5,0.222489
1245.0,0.222235
1245.5,0.221982
1246.0,0.221729
1246.5,0.221476
1247.0,0.221224
1247.5,0.220973
1248.0,0.220721
1248.5,0.22047
1249.0,0.22022
1249.5,0.21997
1250.0,0.21972
1250.5,0.219471
1251.0,0.219222
1251.5,0.218974
1252.0,0.218726
1252.5,0.218478
1253.0,0.218231
1253.5,0.217984
1254.0,0.217738
1254.5,0.217492
1255.0,0.217246
1255.5,0.217001
1256.0,0.216756
1256.5,0.216512
1257.0,0.216268
1257.5,0.216025
1258.0,0.215781
1258.5,0.215539
1259.0,0.215296
1259.5,0.215055
1260.0,0.214813
1260.5,0.214572
1261.0,0.214331
1261.5,0.214091
1262.0,0.213851
1262.5,0.213612
1263.0,0.213373
1263.5,0.213134
1264.0,0.212896
1264.5,0.212658
1265.0,0.212421
1265.5,0.212183
1266.0,0.211947
1266.5,0.211711
1267.0,0.211475
1267.5,0.211239
1268.0,0.211004
1268.5,0.21077
1269.0,0.210535
1269.5,0.210301
1270.0,0.210068
1270.5,0.209835
1271.0,0.209602
1271.5,0.20937
1272.0,0.209138
1272.5,0.208906
1273.0,0.208675
1273.5,0.208444
1274.0,0.208214
1274.5,0.207984
1275.0,0.207755
1275.5,0.207525
1276.0,0.207297
1276.5,0.207068
1277.0,0.20684
1277.5,0.206613
1278.0,0.206385
1278.5,0.206159
1279.0,0.205932
1279.5,0.205706
1280.0,0.20548
1280.5,0.205255
1281.0,0.20503
1281.5,0.204805
1282.0,0.204581
1282.5,0.204358
1283.0,0.204134
1283.5,0.203911
1284.0,0.203689
1284.5,0.203466
1285.0,0.203244
1285.5,0.203023
1286.0,0.202802
1286.5,0.202581
1287.0,0.202361
1287.5,0.202141
1288.0,0.201921
1288.5,0.201702
1289.0,0.201483
1289.5,0.201264
1290.0,0.201046
1290.5,0.200829
1291.0,0.200611
1291.5,0.200394
1292.0,0.200178
1292.5,0.199961
1293.0,0.199745
1293.5,0.19953
1294.0,0.199315
1294.5,0.1991
1295.0,0.198886
1295.5,0.198672
1296.0,0.198458
1296.5,0.198245
1297.0,0.198032
1297.5,0.197819
1298.0,0.197607
1298.5,0.197395
1299.0,0.197184
1299.5,0.196973
1300.0,0.196762
1300.5,0.196551
1301.0,0.196341
1301.5,0.196132
1302.0,0.195923
1302.5,0.195714
1303.0,0.195505
1303.5,0.195297
1304.0,0.195089
1304.5,0.194882
1305.0,0.194674
1305.5,0.194468
1306.0,0.194261
1306.5,0.194055
1307.0,0.19385
1307.5,0.193644
1308.0,0.193439
1308.5,0.193235
1309.0,0.19303
1309.5,0.192826
1310.0,0.192623
1310.5,0.19242
1311.0,0.192217
1311.5,0.192014
1312.0,0.191812
1312.5,0.19161
1313.0,0.191409
1313.5,0.191208
1314.0,0.191007
1314.5,0.190807
1315.0,0.190607
1315.5,0.190407
1316.0,0.190208
1316.5,0.190009
1317.0,0.18981
1317.5,0.189612
1318.0,0.189414
1318.5,0.189216
1319.0,0.189019
1319.5,0.188822
1320.0,0.188625
1320.5,0.188429
1321.0,0.188233
1321.5,0.188038
1322.0,0.187842
1322.5,0.187647
1323.0,0.187453
1323.5,0.187259
1324.0,0.187065
1324.5,0.186871
1325.0,0.186678
1325.5,0.186485
1326.0,0.186293
1326.5,0.186101
1327.0,0.185909
1327.5,0.185717
1328.0,0.185526
1328.5,0.185335
1329.0,0.185145
1329.5,0.184955
1330.0,0.184765
1330.5,0.184576
1331.0,0.184386
1331.5,0.184198
1332.0,0.184009
1332.5,0.183821
1333.0,0.183633
1333.5,0.183446
1334.0,0.183258
1334.5,0.183072
1335.0,0.182885
1335.5,0.182699
1336.0,0.182513
1336.5,0.182328
1337.0,0.182142
1337.5,0.181957
1338.0,0.181773
1338.5,0.181589
1339.0,0.181405
1339.5,0.181221
1340.0,0.181038
1340.5,0.180855
1341.0,0.180672
1341.5,0.18049
1342.0,0.180308
1342.5,0.180127
1343.0,0.179945
1343.5,0.179764
1344.0,0.179584
1344.5,0.179403
1345.0,0.179223
1345.5,0.179043
1346.0,0.178864
1346.5,0.178685
1347.0,0.178506
1347.5,0.178328
1348.0,0.17815
1348.5,0.177972
1349.0,0.177794
1349.5,0.177617
1350.0,0.17744
1350.5,0.177264
1351.0,0.177087
1351.5,0.176911
1352.0,0.176736
1352.5,0.17656
1353.0,0.176385
1353.5,0.176211
1354.0,0.176036
1354.5,0.175862
1355.0,0.175688
1355.5,0.175515
1356.0,0.175342
1356.5,0.175169
1357.0,0.174996
1357.5,0.174824
1358.0,0.174652
1358.5,0.174481
1359.0,0.174309
1359.5,0.174138
1360.0,0.173968
1360.5,0.173797
1361.0,0.173627
1361.5,0.173457
1362.0,0.173288
1362.5,0.173118
1363.0,0.17295
1363.5,0.172781
1364.0,0.172613
1364.5,0.172445
1365.0,0.172277
1365.5,0.172109
1366.0,0.171942
1366.5,0.171775
1367.0,0.171609
1367.5,0.171443
1368.0,0.171277
1368.5,0.171111
1369.0,0.170946
1369.5,0.170781
1370.0,0.170616
1370.5,0.170451
1371.0,0.170287
1371.5,0.170123
1372.0,0.16996
1372.5,0.169797
1373.0,0.169633
1373.5,0.169471
1374.0,0.169308
1374.5,0.169146
1375.0,0.168984
1375.5,0.168823
1376.0,0.168661
1376.5,0.1685
1377.0,0.16834
1377.5,0.168179
1378.0,0.168019
1378.5,0.167859
1379.0,0.1677
1379.5,0.16754
1380.0,0.167381
1380.5,0.167223
1381.0,0.167064
1381.5,0.166906
1382.0,0.166748
1382.5,0.16659
1383.0,0.166433
1383.5,0.166276
1384.0,0.166119
1384.5,0.165963
1385.0,0.165807
1385.5,0.165651
1386.0,0.165495
1386.5,0.16534
1387.0,0.165185
1387.5,0.16503
1388.0,0.164875
1388.5,0.164721
1389.0,0.164567
1389.5,0.164413
1390.0,0.16426
1390.5,0.164107
1391.0,0.163954
1391.5,0.163801
1392.0,0.163649
1392.5,0.163496
1393.0,0.163345
1393.5,0.163193
1394.0,0.163042
1394.5,0.162891
1395.0,0.16274
1395.5,0.162589
1396.0,0.162439
1396.5,0.162289
1397.0,0.16214
1397.5,0.16199
1398.0,0.161841
1398.5,0.161692
1399.0,0.161543
1399.5,0.161395
1400.0,0.161247
1400.5,0.161099
1401.0,0.160951
1401.5,0.160804
1402.0,0.160657
1402.5,0.16051
1403.0,0.160364
1403.5,0.160217
1404.0,0.160071
1404.5,0.159926
1405.0,0.15978
1405.5,0.159635
1406.0,0.15949
1406.5,0.159345
1407.0,0.159201
1407.5,0.159056
1408.0,0.158912
1408.5,0.158769
1409.0,0.158625
1409.5,0.158482
1410.0,0.158339
1410.5,0.158196
1411.0,0.158054
1411.5,0.157912
1412.0,0.15777
1412.5,0.157628
1413.0,0.157486
1413.5,0.157345
1414.0,0.157204
1414.5,0.157063
1415.0,0.156923
1415.5,0.156783
1416.0,0.156643
1416.5,0.156503
1417.0,0.156364
1417.5,0.156224
1418.0,0.156085
1418.5,0.155947
1419.0,0.155808
1419.5,0.15567
1420.0,0.155532
1420.5,0.155394
1421.0,0.155256
1421.5,0.155119
1422.0,0.154982
1422.5,0.154845
1423.0,0.154709
1423.5,0.154572
1424.0,0.154436
1424.5,0.1543
1425.0,0.154165
1425.5,0.154029
1426.0,0.153894
1426.5,0.153759
1427.0,0.153624
1427.5,0.15349
1428.0,0.153356
1428.5,0.153222
1429.0,0.153088
1429.5,0.152954
1430.0,0.152821
1430.5,0.152688
1431.0,0.152555
1431.5,0.152423
1432.0,0.15229
1432.5,0.152158
1433.0,0.152026
1433.5,0.151895
1434.0,0.151763
1434.5,0.151632
1435.0,0.151501
1435.5,0.15137
1436.0,0.151239
1436.5,0.151109
1437.0,0.150979
1437.5,0.150849
1438.0,0.15072
1438.5,0.15059
1439.0,0.150461
1439.5,0.150332
1440.0,0.150203
1440.5,0.150075
1441.0,0.149946
1441.5,0.149818
1442.0,0.14969
1442.5,0.149563
1443.0,0.149435
1443.5,0.149308
1444.0,0.149181
1444.5,0.149054
1445.0,0.148928
1445.5,0.148801
1446.0,0.148675
1446.5,0.148549
1447.0,0.148424
1447.5,0.148298
1448.0,0.148173
1448.5,0.148048
1449.0,0.147923
1449.5,0.147798
1450.0,0.147674
1450.5,0.14755
1451.0,0.147426
1451.5,0.147302
1452.0,0.147178
1452.5,0.147055
1453.0,0.146932
1453.5,0.146809
1454.0,0.146686
1454.5,0.146563
1455.0,0.146441
1455.5,0.146319
1456.0,0.146197
1456.5,0.146075
1457.0,0.145954
1457.5,0.145832
1458.0,0.145711
1458.5,0.14559
1459.0,0.14547
1459.5,0.145349
1460.0,0.145229
1460.5,0.145109
1461.0,0.144989
1461.5,0.144869
1462.0,0.14475
1462.5,0.14463
1463.0,0.144511
1463.5,0.144392
1464.0,0.144274
1464.5,0.144155
1465.0,0.144037
1465.5,0.143919
1466.0,0.143801
1466.5,0.143683
1467.0,0.143565
1467.5,0.143448
1468.0,0.143331
1468.5,0.143214
1469.0,0.143097
1469.5,0.142981
1470.0,0.142864
1470.5,0.142748
1471.0,0.142632
1471.5,0.142516
1472.0,0.142401
1472.5,0.142285
1473.0,0.14217
1473.5,0.142055
1474.0,0.14194
1474.5,0.141825
1475.0,0.141711
1475.5,0.141597
1476.0,0.141482
1476.5,0.141369
1477.0,0.141255
1477.5,0.141141
1478.0,0.141028
1478.5,0.140915
1479.0,0.140802
1479.5,0.140689
1480.0,0.140576
1480.5,0.140464
1481.0,0.140351
1481.5,0.140239
1482.0,0.140127
1482.5,0.140016
1483.0,0.139904
1483.5,0.139793
1484.0,0.139681
1484.5,0.13957
1485.0,0.139459
1485.5,0.139349
1486.0,0.139238
1486.5,0.139128
1487.0,0.139018
1487.5,0.138908
1488.0,0.138798
1488.5,0.138688
1489.0,0.138579
1489.5,0.138469
1490.0,0.13836
1490.5,0.138251
1491.0,0.138142
1491.5,0.138034
1492.0,0.137925
1492.5,0.137817
1493.0,0.137709
1493.5,0.137601
1494.0,0.137493
1494.5,0.137386
1495.0,0.137278
1495.5,0.137171
1496.0,0.137064
1496.5,0.136957
1497.0,0.13685
1497.5,0.136743
1498.0,0.136637
1498.5,0.13653
1499.0,0.136424
1499.5,0.136318
1500.0,0.136213
1500.5,0.136107
1501.0,0.136001
1501.5,0.135896
1502.0,0.135791
1502.5,0.135686
1503.0,0.135581
1503.5,0.135476
1504.0,0.135372
1504.5,0.135267
1505.0,0.135163
1505.5,0.135059
1506.0,0.134955
1506.5,0.134851
1507.0,0.134748
1507.5,0.134644
1508.0,0.134541
1508.5,0.134438
1509.0,0.134335
1509.5,0.134232
1510.0,0.134129
1510.5,0.134026
1511.0,0.133924
1511.5,0.133822
1512.0,0.13372
1512.5,0.133618
1513.0,0.133516
1513.5,0.133414
1514.0,0.133313
1514.5,0.133211
1515.0,0.13311
1515.5,0.133009
1516.0,0.132908
1516.5,0.132807
1517.0,0.132707
1517.5,0.132606
1518.0,0.132506
1518.5,0.132405
1519.0,0.132305
1519.5,0.132205
1520.0,0.132106
1520.5,0.132006
1521.0,0.131906
1521.5,0.131807
1522.0,0.131708
1522.5,0.131609
1523.0,0.13151
1523.5,0.131411
1524.0,0.131312
1524.5,0.131214
1525.0,0.131115
1525.5,0.131017
1526.0,0.130919
1526.5,0.130821
1527.0,0.130723
1527.5,0.130625
1528.0,0.130527
1528.5,0.13043
1529.0,0.130332
1529.5,0.130235
1530.0,0.130138
1530.5,0.130041
1531.0,0.129944
1531.5,0.129848
1532.0,0.129751
1532.5,0.129655
1533.0,0.129558
1533.5,0.129462
1534.0,0.129366
1534.5,0.12927
1535.0,0.129174
1535.5,0.129078
1536.0,0.128983
1536.5,0.128887
1537.0,0.128792
1537.5,0.128697
1538.0,0.128602
1538.5,0.128507
1539.0,0.128412
1539.5,0.128317
1540.0,0.128223
1540.5,0.128128
1541.0,0.128034
1541.5,0.12794
1542.0,0.127845
1542.5,0.127751
1543.0,0.127657
1543.5,0.127564
1544.0,0.12747
1544.5,0.127376
1545.0,0.127283
1545.5,0.12719
1546.0,0.127097
1546.5,0.127003
1547.0,0.12691
1547.5,0.126818
1548.0,0.126725
1548.5,0.126632
1549.0,0.12654
1549.5,0.126447
1550.0,0.126355
1550.5,0.126263
1551.0,0.126171
1551.5,0.126079
1552.0,0.125987
1552.5,0.125895
1553.0,0.125803
1553.5,0.125712
1554.0,0.12562
1554.5,0.125529
1555.0,0.125438
1555.5,0.125347
1556.0,0.125256
1556.5,0.125165
1557.0,0.125074
1557.5,0.124983
1558.0,0.124893
1558.5,0.124802
1559.0,0.124712
1559.5,0.124621
1560.0,0.124531
1560.5,0.124441
1561.0,0.124351
1561.5,0.124261
1562.0,0.124171
1562.5,0.124082
1563.0,0.123992
1563.5,0.123903
1564.0,0.123813
1564.5,0.123724
1565.0,0.123635
1565.5,0.123545
1566.0,0.123456
1566.5,0.123367
1567.0,0.123278
1567.5,0.12319
1568.0,0.123101
1568.5,0.123012
1569.0,0.122924
1569.5,0.122836
1570.0,0.122747
1570.5,0.122659
1571.0,0.122571
1571.5,0.122483
1572.0,0.122395
1572.5,0.122307
1573.0,0.122219
1573.5,0.122131
1574.0,0.122044
1574.5,0.121956
1575.0,0.121869
1575.5,0.121781
1576.0,0.121694
1576.5,0.121607
1577.0,0.12152
1577.5,0.121433
1578.0,0.121346
1578.5,0.121259
1579.0,0.121172
1579.5,0.121086
1580.0,0.120999
1580.5,0.120912
1581.0,0.120826
1581.5,0.120739
1582.0,0.120653
1582.5,0.120567
1583.0,0.120481
1583.5,0.120395
1584.0,0.120309
1584.5,0.120223
1585.0,0.120137
1585.5,0.120051
1586.0,0.119965
1586.5,0.11988
1587.0,0.119794
1587.5,0.119709
1588.0,0.119623
1588.5,0.119538
1589.0,0.119453
1589.5,0.119367
1590.0,0.119282
1590.5,0.119197
1591.0,0.119112
1591.5,0.119027
1592.0,0.118942
1592.5,0.118857
1593.0,0.118773
1593.5,0.118688
1594.0,0.118603
1594.5,0.118519
1595.0,0.118434
1595.5,0.11835
1596.0,0.118266
1596.5,0.118181
1597.0,0.118097
1597.5,0.118013
1598.0,0.117929
1598.5,0.117845
1599.0,0.117761
1599.5,0.117677
1600.0,0.117593
1600.5,0.117509
1601.0,0.117425
1601.5,0.117342
1602.0,0.117258
1602.5,0.117175
1603.0,0.117091
1603.5,0.117008
1604.0,0.116924
1604.5,0.116841
1605.0,0.116757
1605.5,0.116674
1606.0,0.116591
1606.5,0.116508
1607.0,0.116425
1607.5,0.116342
1608.0,0.116259
1608.5,0.116176
1609.0,0.116093
1609.5,0.11601
1610.0,0.115927
1610.5,0.115845
1611.0,0.115762
1611.5,0.115679
1612.0,0.115597
1612.5,0.115514
1613.0,0.115432
1613.5,0.115349
1614.0,0.115267
1614.5,0.115184
1615.0,0.115102
1615.5,0.11502
1616.0,0.114938
1616.5,0.114855
1617.0,0.114773
1617.5,0.114691
1618.0,0.114609
1618.5,0.114527
1619.0,0.114445
1619.5,0.114363
1620.0,0.114281
1620.5,0.114199
1621.0,0.114117
1621.5,0.114036
1622.0,0.113954
1622.5,0.113872
1623.0,0.11379
1623.5,0.113709
1624.0,0.113627
1624.5,0.113546
1625.0,0.113464
1625.5,0.113382
1626.0,0.113301
1626.5,0.11322
1627.0,0.113138
1627.5,0.113057
1628.0,0.112975
1628.5,0.112894
1629.0,0.112813
1629.5,0.112731
1630.0,0.11265
1630.5,0.112569
1631.0,0.112488
1631.5,0.112407
1632.0,0.112326
1632.5,0.112244
1633.0,0.112163
1633.5,0.112082
1634.0,0.112001
1634.5,0.11192
1635.0,0.111839
1635.5,0.111758
1636.0,0.111677
1636.5,0.111597
1637.0,0.111516
1637.5,0.111435
1638.0,0.111354
1638.5,0.111273
1639.0,0.111192
1639.5,0.111112
1640.0,0.111031
1640.5,0.11095
1641.0,0.11087
1641.5,0.110789
1642.0,0.110708
1642.5,0.110628
1643.0,0.110547
1643.5,0.110467
1644.0,0.110386
1644.5,0.110306
1645.0,0.110225
1645.5,0.110145
1646.0,0.110065
1646.5,0.109984
1647.0,0.109904
1647.5,0.109823
1648.0,0.109743
1648.5,0.109663
1649.0,0.109583
1649.5,0.109503
1650.0,0.109422
1650.5,0.109342
1651.0,0.109262
1651.5,0.109182
1652.0,0.109102
1652.5,0.109022
1653.0,0.108942
1653.5,0.108862
1654.0,0.108782
1654.5,0.108702
1655.0,0.108622
1655.5,0.108542
1656.0,0.108462
1656.5,0.108382
1657.0,0.108303
1657.5,0.108223
1658.0,0.108143
1658.5,0.108063
1659.0,0.107984
1659.5,0.107904
1660.0,0.107824
1660.5,0.107745
1661.0,0.107665
1661.5,0.107586
1662.0,0.107506
1662.5,0.107426
1663.0,0.107347
1663.5,0.107268
1664.0,0.107188
1664.5,0.107109
1665.0,0.107029
1665.5,0.10695
1666.0,0.106871
1666.5,0.106791
1667.0,0.106712
1667.5,0.106633
1668.0,0.106554
1668.5,0.106474
1669.0,0.106395
1669.5,0.106316
1670.0,0.106237
1670.5,0.106158
1671.0,0.106079
1671.5,0.106
1672.0,0.105921
1672.5,0.105842
1673.0,0.105763
1673.5,0.105684
1674.0,0.105605
1674.5,0.105526
1675.0,0.105447
1675.5,0.105369
1676.0,0.10529
1676.5,0.105211
1677.0,0.105132
1677.5,0.105054
1678.0,0.104975
1678.5,0.104896
1679.0,0.104818
1679.5,0.104739
1680.0,0.10466
1680.5,0.104582
1681.0,0.104503
1681.5,0.104425
1682.0,0.104346
1682.5,0.104268
1683.0,0.10419
1683.5,0.104111
1684.0,0.104033
1684.5,0.103955
1685.0,0.103876
1685.5,0.103798
1686.0,0.10372
1686.5,0.103642
1687.0,0.103563
1687.5,0.103485
1688.0,0.103407
1688.5,0.103329
1689.0,0.103251
1689.5,0.103173
1690.0,0.103095
1690.5,0.103017
1691.0,0.102939
1691.5,0.102861
1692.0,0.102783
1692.5,0.102705
1693.0,0.102627
1693.5,0.102549
1694.0,0.102472
1694.5,0.102394
1695.0,0.102316
1695.5,0.102238
1696.0,0.102161
1696.5,0.102083
1697.0,0.102005
1697.5,0.101928
1698.0,0.10185
1698.5,0.101773
1699.0,0.101695
1699.5,0.101618
1700.0,0.10154
1700.5,0.101463
1701.0,0.101385
1701.5,0.101308
1702.0,0.101231
1702.5,0.101153
1703.0,0.101076
1703.5,0.100999
1704.0,0.100921
1704.5,0.100844
1705.0,0.100767
1705.5,0.10069
1706.0,0.100613
1706.5,0.100536
1707.0,0.100459
1707.5,0.100382
1708.0,0.100305
1708.5,0.100228
1709.0,0.100151
1709.5,0.100074
1710.0,0.099997
1710.5,0.09992
1711.0,0.099843
1711.5,0.099766
1712.0,0.099689
1712.5,0.099613
1713.0,0.099536
1713.5,0.099459
1714.0,0.099382
1714.5,0.099306
1715.0,0.099229
1715.5,0.099152
1716.0,0.099076
1716.5,0.098999
1717.0,0.098923
1717.5,0.098846
1718.0,0.09877
1718.5,0.098693
1719.0,0.098617
1719.5,0.098541
1720.0,0.098464
1720.5,0.098388
1721.0,0.098312
1721.5,0.098235
1722.0,0.098159
1722.5,0.098083
1723.0,0.098007
1723.5,0.097931
1724.0,0.097854
1724.5,0.097778
1725.0,0.097702
1725.5,0.097626
1726.0,0.09755
1726.5,0.097474
1727.0,0.097398
1727.5,0.097322
1728.0,0.097246
1728.5,0.097171
1729.0,0.097095
1729.5,0.097019
1730.0,0.096943
1730.5,0.096867
1731.0,0.096792
1731.5,0.096716
1732.0,0.09664
1732.5,0.096565
1733.0,0.096489
1733.5,0.096413
1734.0,0.096338
1734.5,0.096262
1735.0,0.096187
1735.5,0.096111
1736.0,0.096036
1736.5,0.09596
1737.0,0.095885
1737.5,0.09581
1738.0,0.095734
1738.5,0.095659
1739.0,0.095584
1739.5,0.095509
1740.0,0.095433
1740.5,0.095358
1741.0,0.095283
1741.5,0.095208
1742.0,0.095133
1742.5,0.095058
1743.0,0.094983
1743.5,0.094908
1744.0,0.094833
1744.5,0.094758
1745.0,0.094683
1745.5,0.094608
1746.0,0.094533
1746.5,0.094458
1747.0,0.094383
1747.5,0.094308
1748.0,0.094234
1748.5,0.094159
1749.0,0.094084
1749.5,0.09401
1750.0,0.093935
1750.5,0.09386
1751.0,0.093786
1751.5,0.093711
1752.0,0.093637
1752.5,0.093562
1753.0,0.093488
1753.5,0.093413
1754.0,0.093339
1754.5,0.093264
1755.0,0.09319
1755.5,0.093116
1756.0,0.093041
1756.5,0.092967
1757.0,0.092893
1757.5,0.092819
1758.0,0.092744
1758.5,0.09267
1759.0,0.092596
1759.5,0.092522
1760.0,0.092448
1760.5,0.092374
1761.0,0.0923
1761.5,0.092226
1762.0,0.092152
1762.5,0.092078
1763.0,0.092004
1763.5,0.09193
1764.0,0.091856
1764.5,0.091783
1765.0,0.091709
1765.5,0.091635
1766.0,0.091561
1766.5,0.091488
1767.0,0.091414
1767.5,0.09134
1768.0,0.091267
1768.5,0.091193
1769.0,0.09112
1769.5,0.091046
1770.0,0.090973
1770.5,0.090899
1771.0,0.090826
1771.5,0.090752
1772.0,0.090679
1772.5,0.090606
1773.0,0.090532
1773.5,0.090459
1774.0,0.090386
1774.5,0.090313
1775.0,0.090239
1775.5,0.090166
1776.0,0.090093
1776.5,0.09002
1777.0,0.089947
1777.5,0.089874
1778.0,0.089801
1778.5,0.089728
1779.0,0.089655
1779.5,0.089582
1780.0,0.089509
1780.5,0.089436
1781.0,0.089363
1781.5,0.08929
1782.0,0.089218
1782.5,0.089145
1783.0,0.089072
1783.5,0.088999
1784.0,0.088927
1784.5,0.088854
1785.0,0.088782
1785.5,0.088709
1786.0,0.088636
1786.5,0.088564
1787.0,0.088491
1787.5,0.088419
1788.0,0.088347
1788.5,0.088274
1789.0,0.088202
1789.5,0.088129
1790.0,0.088057
1790.5,0.087985
1791.0,0.087913
1791.5,0.08784
1792.0,0.087768
1792.5,0.087696
1793.0,0.087624
1793.5,0.087552
1794.0,0.08748
1794.5,0.087408
1795.0,0.087336
1795.5,0.087264
1796.0,0.087192
1796.5,0.08712
1797.0,0.087048
1797.5,0.086976
1798.0,0.086904
1798.5,0.086832
1799.0,0.086761
1799.5,0.086689
1800.0,0.086617
1800.5,0.086545
1801.0,0.086474
1801.5,0.086402
1802.0,0.08633
1802.5,0.086259
1803.0,0.086187
1803.5,0.086116
1804.0,0.086044
1804.5,0.085973
1805.0,0.085901
1805.5,0.08583
1806.0,0.085759
1806.5,0.085687
1807.0,0.085616
1807.5,0.085545
1808.0,0.085474
1808.5,0.085402
1809.0,0.085331
1809.5,0.08526
1810.0,0.085189
1810.5,0.085118
1811.0,0.085047
1811.5,0.084976
1812.0,0.084905
1812.5,0.084834
1813.0,0.084763
1813.5,0.084692
1814.0,0.084621
1814.5,0.08455
1815.0,0.084479
1815.5,0.084409
1816.0,0.084338
1816.5,0.084267
1817.0,0.084196
1817.5,0.084126
1818.0,0.084055
1818.5,0.083984
1819.0,0.083914
1819.5,0.083843
1820.0,0.083773
1820.5,0.083702
1821.0,0.083632
1821.5,0.083561
1822.0,0.083491
1822.5,0.083421
1823.0,0.08335
1823.5,0.08328
1824.0,0.08321
1824.5,0.08314
1825.0,0.083069
1825.5,0.082999
1826.0,0.082929
1826.5,0.082859
1827.0,0.082789
1827.5,0.082719
1828.0,0.082649
1828.5,0.082579
1829.0,0.082509
1829.5,0.082439
1830.0,0.082369
1830.5,0.082299
1831.0,0.082229
1831.5,0.082159
1832.0,0.082089
1832.5,0.08202
1833.0,0.08195
1833.5,0.08188
1834.0,0.081811
1834.5,0.081741
1835.0,0.081671
1835.5,0.081602
1836.0,0.081532
1836.5,0.081463
1837.0,0.081393
1837.5,0.081324
1838.0,0.081254
1838.5,0.081185
1839.0,0.081116
1839.5,0.081046
1840.0,0.080977
1840.5,0.080908
1841.0,0.080839
1841.5,0.080769
1842.0,0.0807
1842.5,0.080631
1843.0,0.080562
1843.5,0.080493
1844.0,0.080424
1844.5,0.080355
1845.0,0.080286
1845.5,0.080217
1846.0,0.080148
1846.5,0.080079
1847.0,0.08001
1847.5,0.079941
1848.0,0.079872
1848.5,0.079804
1849.0,0.079735
1849.5,0.079666
1850.0,0.079598
1850.5,0.079529
1851.0,0.07946
1851.5,0.079392
1852.0,0.079323
1852.5,0.079255
1853.0,0.079186
1853.5,0.079118
1854.0,0.079049
1854.5,0.078981
1855.0,0.078912
1855.5,0.078844
1856.0,0.078776
1856.5,0.078707
1857.0,0.078639
1857.5,0.078571
1858.0,0.078503
1858.5,0.078435
1859.0,0.078367
1859.5,0.078298
1860.0,0.07823
1860.5,0.078162
1861.0,0.078094
1861.5,0.078026
1862.0,0.077958
1862.5,0.07789
1863.0,0.077823
1863.5,0.077755
1864.0,0.077687
1864.5,0.077619
1865.0,0.077551
1865.5,0.077484
1866.0,0.077416
1866.5,0.077348
1867.0,0.077281
1867.5,0.077213
1868.0,0.077146
1868.5,0.077078
1869.0,0.077011
1869.5,0.076943
1870.0,0.076876
1870.5,0.076808
1871.0,0.076741
1871.5,0.076674
1872.0,0.076606
1872.5,0.076539
1873.0,0.076472
1873.5,0.076404
1874.0,0.076337
1874.5,0.07627
1875.0,0.076203
1875.5,0.076136
1876.0,0.076069
1876.5,0.076002
1877.0,0.075935
1877.5,0.075868
1878.0,0.075801
1878.5,0.075734
1879.0,0.075667
1879.5,0.0756
1880.0,0.075533
1880.5,0.075467
1881.0,0.0754
1881.5,0.075333
1882.0,0.075267
1882.5,0.0752
1883.0,0.075133
1883.5,0.075067
1884.0,0.075
1884.5,0.074934
1885.0,0.074867
1885.5,0.074801
1886.0,0.074734
1886.5,0.074668
1887.0,0.074601
1887.5,0.074535
1888.0,0.074469
1888.5,0.074403
1889.0,0.074336
1889.5,0.07427
1890.0,0.074204
1890.5,0.074138
1891.0,0.074072
1891.5,0.074006
1892.0,0.07394
1892.5,0.073874
1893.0,0.073808
1893.5,0.073742
1894.0,0.073676
1894.5,0.07361
1895.0,0.073544
1895.5,0.073478
1896.0,0.073412
1896.5,0.073347
1897.0,0.073281
1897.5,0.073215
1898.0,0.073149
1898.5,0.073084
1899.0,0.073018
1899.5,0.072953
1900.0,0.072887
1900.5,0.072822
1901.0,0.072756
1901.5,0.072691
1902.0,0.072625
1902.5,0.07256
1903.0,0.072495
1903.5,0.072429
1904.0,0.072364
1904.5,0.072299
1905.0,0.072233
1905.5,0.072168
1906.0,0.072103
1906.5,0.072038
1907.0,0.071973
1907.5,0.071908
1908.0,0.071843
1908.5,0.071778
1909.0,0.071713
1909.5,0.071648
1910.0,0.071583
1910.5,0.071518
1911.0,0.071453
1911.5,0.071389
1912.0,0.071324
1912.5,0.071259
1913.0,0.071194
1913.5,0.07113
1914.0,0.071065
1914.5,0.071
1915.0,0.070936
1915.5,0.070871
1916.0,0.070807
1916.5,0.070742
1917.0,0.070678
1917.5,0.070613
1918.0,0.070549
1918.5,0.070485
1919.0,0.07042
1919.5,0.070356
1920.0,0.070292
1920.5,0.070228
1921.0,0.070163
1921.5,0.070099
1922.0,0.070035
1922.5,0.069971
1923.0,0.069907
1923.5,0.069843
1924.0,0.069779
1924.5,0.069715
1925.0,0.069651
1925.5,0.069587
1926.0,0.069523
1926.5,0.06946
1927.0,0.069396
1927.5,0.069332
1928.0,0.069268
1928.5,0.069205
1929.0,0.069141
1929.5,0.069077
1930.0,0.069014
1930.5,0.06895
1931.0,0.068887
1931.5,0.068823
1932.0,0.06876
1932.5,0.068696
1933.0,0.068633
1933.5,0.068569
1934.0,0.068506
1934.5,0.068443
1935.0,0.068379
1935.5,0.068316
1936.0,0.068253
1936.5,0.06819
1937.0,0.068127
1937.5,0.068064
1938.0,0.068001
1938.5,0.067937
1939.0,0.067874
1939.5,0.067811
1940.0,0.067749
1940.5,0.067686
1941.0,0.067623
1941.5,0.06756
1942.0,0.067497
1942.5,0.067434
1943.0,0.067372
1943.5,0.067309
1944.0,0.067246
1944.5,0.067184
1945.0,0.067121
1945.5,0.067058
1946.0,0.066996
1946.5,0.066933
1947.0,0.066871
1947.5,0.066808
1948.0,0.066746
1948.5,0.066684
1949.0,0.066621
1949.5,0.066559
1950.0,0.066497
1950.5,0.066434
1951.0,0.066372
1951.5,0.06631
1952.0,0.066248
1952.5,0.066186
1953.0,0.066124
1953.5,0.066061
1954.0,0.065999
1954.5,0.065937
1955.0,0.065876
1955.5,0.065814
1956.0,0.065752
1956.5,0.06569
1957.0,0.065628
1957.5,0.065566
1958.0,0.065504
1958.5,0.065443
1959.0,0.065381
1959.5,0.065319
1960.0,0.065258
1960.5,0.065196
1961.0,0.065135
1961.5,0.065073
1962.0,0.065012
1962.5,0.06495
1963.0,0.064889
1963.5,0.064827
1964.0,0.064766
1964.5,0.064705
1965.0,0.064643
1965.5,0.064582
1966.0,0.064521
1966.5,0.06446
1967.0,0.064399
1967.5,0.064337
1968.0,0.064276
1968.5,0.064215
1969.0,0.064154
1969.5,0.064093
1970.0,0.064032
1970.5,0.063971
1971.0,0.063911
1971.5,0.06385
1972.0,0.063789
1972.5,0.063728
1973.0,0.063667
1973.5,0.063607
1974.0,0.063546
1974.5,0.063485
1975.0,0.063425
1975.5,0.063364
1976.0,0.063303
1976.5,0.063243
1977.0,0.063182
1977.5,0.063122
1978.0,0.063062
1978.5,0.063001
1979.0,0.062941
1979.5,0.062881
1980.0,0.06282
1980.5,0.06276
1981.0,0.0627
1981.5,0.06264
1982.0,0.062579
1982.5,0.062519
1983.0,0.062459
1983.5,0.062399
1984.0,0.062339
1984.5,0.062279
1985.0,0.062219
1985.5,0.062159
1986.0,0.0621
1986.5,0.06204
1987.0,0.06198
1987.5,0.06192
1988.0,0.06186
1988.5,0.061801
1989.0,0.061741
1989.5,0.061681
1990.0,0.061622
1990.5,0.061562
1991.0,0.061503
1991.5,0.061443
1992.0,0.061384
1992.5,0.061324
1993.0,0.061265
1993.5,0.061205
1994.0,0.061146
1994.5,0.061087
1995.0,0.061028
1995.5,0.060968
1996.0,0.060909
1996.5,0.06085
1997.0,0.060791
1997.5,0.060732
1998.0,0.060673
1998.5,0.060614
1999.0,0.060555
1999.5,0.060496
2000.0,0.060437
2000.5,0.060378
2001.0,0.060319
2001.5,0.06026
2002.0,0.060201
2002.5,0.060143
2003.0,0.060084
2003.5,0.060025
2004.0,0.059967
2004.5,0.059908
2005.0,0.059849
2005.5,0.059791
2006.0,0.059732
2006.5,0.059674
2007.0,0.059615
2007.5,0.059557
2008.0,0.059499
2008.5,0.05944
2009.0,0.059382
2009.5,0.059324
2010.0,0.059265
2010.5,0.059207
2011.0,0.059149
2011.5,0.059091
2012.0,0.059033
2012.5,0.058975
2013.0,0.058917
2013.5,0.058859
2014.0,0.058801
2014.5,0.058743
2015.0,0.058685
2015.5,0.058627
2016.0,0.058569
2016.5,0.058511
2017.0,0.058454
2017.5,0.058396
2018.0,0.058338
2018.5,0.058281
2019.0,0.058223
2019.5,0.058165
2020.0,0.058108
2020.5,0.05805
2021.0,0.057993
2021.5,0.057935
2022.0,0.057878
2022.5,0.057821
2023.0,0.057763
2023.5,0.057706
2024.0,0.057649
2024.5,0.057591
2025.0,0.057534
2025.5,0.057477
2026.0,0.05742
2026.5,0.057363
2027.0,0.057306
2027.5,0.057249
2028.0,0.057192
2028.5,0.057135
2029.0,0.057078
2029.5,0.057021
2030.0,0.056964
2030.5,0.056907
2031.0,0.05685
2031.5,0.056794
2032.0,0.056737
2032.5,0.05668
2033.0,0.056624
2033.5,0.056567
2034.0,0.05651
2034.5,0.056454
2035.0,0.056397
2035.5,0.056341
2036.0,0.056284
2036.5,0.056228
2037.0,0.056172
2037.5,0.056115
2038.0,0.056059
2038.5,0.056003
2039.0,0.055947
2039.5,0.05589
2040.0,0.055834
2040.5,0.055778
2041.0,0.055722
2041.5,0.055666
2042.0,0.05561
2042.5,0.055554
2043.0,0.055498
2043.5,0.055442
2044.0,0.055386
2044.5,0.05533
2045.0,0.055275
2045.5,0.055219
2046.0,0.055163
2046.5,0.055107
2047.0,0.055052
2047.5,0.054996
2048.0,0.05494
2048.5,0.054885
2049.0,0.054829
2049.5,0.054774
2050.0,0.054718
2050.5,0.054663
2051.0,0.054608
2051.5,0.054552
2052.0,0.054497
2052.5,0.054442
2053.0,0.054386
2053.5,0.054331
2054.0,0.054276
2054.5,0.054221
2055.0,0.054166
2055.5,0.054111
2056.0,0.054056
2056.5,0.054001
2057.0,0.053946
2057.5,0.053891
2058.0,0.053836
2058.5,0.053781
2059.0,0.053726
2059.5,0.053671
2060.0,0.053617
2060.5,0.053562
2061.0,0.053507
2061.5,0.053453
2062.0,0.053398
2062.5,0.053343
2063.0,0.053289
2063.5,0.053234
2064.0,0.05318
2064.5,0.053125
2065.0,0.053071
2065.5,0.053017
2066.0,0.052962
2066.5,0.052908
2067.0,0.052854
2067.5,0.0528
2068.0,0.052745
2068.5,0.052691
2069.0,0.052637
2069.5,0.052583
2070.0,0.052529
2070.5,0.052475
2071.0,0.052421
2071.5,0.052367
2072.0,0.052313
2072.5,0.052259
2073.0,0.052206
2073.5,0.052152
2074.0,0.052098
2074.5,0.052044
2075.0,0.051991
2075.5,0.051937
2076.0,0.051883
2076.5,0.05183
2077.0,0.051776
2077.5,0.051723
2078.0,0.051669
2078.5,0.051616
2079.0,0.051562
2079.5,0.051509
2080.0,0.051456
2080.5,0.051403
2081.0,0.051349
2081.5,0.051296
2082.0,0.051243
2082.5,0.05119
2083.0,0.051137
2083.5,0.051084
2084.0,0.05103
2084.5,0.050977
2085.0,0.050925
2085.5,0.050872
2086.0,0.050819
2086.5,0.050766
2087.0,0.050713
2087.5,0.05066
2088.0,0.050607
2088.5,0.050555
2089.0,0.050502
2089.5,0.050449
2090.0,0.050397
2090.5,0.050344
2091.0,0.050292
2091.5,0.050239
2092.0,0.050187
2092.5,0.050134
2093.0,0.050082
2093.5,0.05003
2094.0,0.049977
2094.5,0.049925
2095.0,0.049873
2095.5,0.049821
2096.0,0.049768
2096.5,0.049716
2097.0,0.049664
2097.5,0.049612
2098.0,0.04956
2098.5,0.049508
2099.0,0.049456
2099.5,0.049404
2100.0,0.049352
2100.5,0.049301
2101.0,0.049249
2101.5,0.049197
2102.0,0.049145
2102.5,0.049093
2103.0,0.049042
2103.5,0.04899
2104.0,0.048939
2104.5,0.048887
2105.0,0.048836
2105.5,0.048784
2106.0,0.048733
2106.5,0.048681
2107.0,0.04863
2107.5,0.048578
2108.0,0.048527
2108.5,0.048476
2109.0,0.048425
2109.5,0.048374
2110.0,0.048322
2110.5,0.048271
2111.0,0.04822
2111.5,0.048169
2112.0,0.048118
2112.5,0.048067
2113.0,0.048016
2113.5,0.047965
2114.0,0.047914
2114.5,0.047864
2115.0,0.047813
2115.5,0.047762
2116.0,0.047711
2116.5,0.047661
2117.0,0.04761
2117.5,0.047559
2118.0,0.047509
2118.5,0.047458
2119.0,0.047408
2119.5,0.047357
2120.0,0.047307
2120.5,0.047257
2121.0,0.047206
2121.5,0.047156
2122.0,0.047106
2122.5,0.047055
2123.0,0.047005
2123.5,0.046955
2124.0,0.046905
2124.5,0.046855
2125.0,0.046805
2125.5,0.046755
2126.0,0.046705
2126.5,0.046655
2127.0,0.046605
2127.5,0.046555
2128.0,0.046505
2128.5,0.046455
2129.0,0.046406
2129.5,0.046356
2130.0,0.046306
2130.5,0.046257
2131.0,0.046207
2131.5,0.046157
2132.0,0.046108
2132.5,0.046058
2133.0,0.046009
2133.5,0.04596
2134.0,0.04591
2134.5,0.045861
2135.0,0.045812
2135.5,0.045762
2136.0,0.045713
2136.5,0.045664
2137.0,0.045615
2137.5,0.045566
2138.0,0.045516
2138.5,0.045467
2139.0,0.045418
2139.5,0.045369
2140.0,0.04532
2140.5,0.045272
2141.0,0.045223
2141.5,0.045174
2142.0,0.045125
2142.5,0.045076
2143.0,0.045028
2143.5,0.044979
2144.0,0.04493
2144.5,0.044882
2145.0,0.044833
2145.5,0.044785
2146.0,0.044736
2146.5,0.044688
2147.0,0.044639
2147.5,0.044591
2148.0,0.044542
2148.5,0.044494
2149.0,0.044446
2149.5,0.044398
2150.0,0.044349
2150.5,0.044301
2151.0,0.044253
2151.5,0.044205
2152.0,0.044157
2152.5,0.044109
2153.0,0.044061
2153.5,0.044013
2154.0,0.043965
2154.5,0.043917
2155.0,0.043869
2155.5,0.043822
2156.0,0.043774
2156.5,0.043726
2157.0,0.043679
2157.5,0.043631
2158.0,0.043583
2158.5,0.043536
2159.0,0.043488
2159.5,0.043441
2160.0,0.043393
2160.5,0.043346
2161.0,0.043299
2161.5,0.043251
2162.0,0.043204
2162.5,0.043157
2163.0,0.043109
2163.5,0.043062
2164.0,0.043015
2164.5,0.042968
2165.0,0.042921
2165.5,0.042874
2166.0,0.042827
2166.5,0.04278
2167.0,0.042733
2167.5,0.042686
2168.0,0.042639
2168.5,0.042592
2169.0,0.042546
2169.5,0.042499
2170.0,0.042452
2170.5,0.042406
2171.0,0.042359
2171.5,0.042312
2172.0,0.042266
2172.5,0.042219
2173.0,0.042173
2173.5,0.042127
2174.0,0.04208
2174.5,0.042034
2175.0,0.041987
2175.5,0.041941
2176.0,0.041895
2176.5,0.041849
2177.0,0.041803
2177.5,0.041756
2178.0,0.04171
2178.5,0.041664
2179.0,0.041618
2179.5,0.041572
2180.0,0.041526
2180.5,0.04148
2181.0,0.041435
2181.5,0.041389
2182.0,0.041343
2182.5,0.041297
2183.0,0.041252
2183.5,0.041206
2184.0,0.04116
2184.5,0.041115
2185.0,0.041069
2185.5,0.041024
2186.0,0.040978
2186.5,0.040933
2187.0,0.040887
2187.5,0.040842
2188.0,0.040797
2188.5,0.040751
2189.0,0.040706
2189.5,0.040661
2190.0,0.040616
2190.5,0.040571
2191.0,0.040525
2191.5,0.04048
2192.0,0.040435
2192.5,0.04039
2193.0,0.040345
2193.5,0.040301
2194.0,0.040256
2194.5,0.040211
2195.0,0.040166
2195.5,0.040121
2196.0,0.040077
2196.5,0.040032
2197.0,0.039987
2197.5,0.039943
2198.0,0.039898
2198.5,0.039854
2199.0,0.039809
2199.5,0.039765
2200.0,0.03972
2200.5,0.039676
2201.0,0.039632
2201.5,0.039587
2202.0,0.039543
2202.5,0.039499
2203.0,0.039455
2203.5,0.03941
2204.0,0.039366
2204.5,0.039322
2205.0,0.039278
2205.5,0.039234
2206.0,0.03919
2206.5,0.039146
2207.0,0.039102
2207.5,0.039059
2208.0,0.039015
2208.5,0.038971
2209.0,0.038927
2209.5,0.038884
2210.0,0.03884
2210.5,0.038796
2211.0,0.038753
2211.5,0.038709
2212.0,0.038666
2212.5,0.038622
2213.0,0.038579
2213.5,0.038535
2214.0,0.038492
2214.5,0.038449
2215.0,0.038405
2215.5,0.038362
2216.0,0.038319
2216.5,0.038276
2217.0,0.038233
2217.5,0.03819
2218.0,0.038147
2218.5,0.038104
2219.0,0.038061
2219.5,0.038018
2220.0,0.037975
2220.5,0.037932
2221.0,0.037889
2221.5,0.037846
2222.0,0.037803
2222.5,0.037761
2223.0,0.037718
2223.5,0.037675
2224.0,0.037633
2224.5,0.03759
2225.0,0.037548
2225.5,0.037505
2226.0,0.037463
2226.5,0.03742
2227.0,0.037378
2227.5,0.037335
2228.0,0.037293
2228.5,0.037251
2229.0,0.037209
2229.5,0.037166
2230.0,0.037124
2230.5,0.037082
2231.0,0.03704
2231.5,0.036998
2232.0,0.036956
2232.5,0.036914
2233.0,0.036872
2233.5,0.03683
2234.0,0.036788
2234.5,0.036746
2235.0,0.036705
2235.5,0.036663
2236.0,0.036621
2236.5,0.036579
2237.0,0.036538
2237.5,0.036496
2238.0,0.036455
2238.5,0.036413
2239.0,0.036372
2239.5,0.03633
2240.0,0.036289
2240.5,0.036247
2241.0,0.036206
2241.5,0.036165
2242.0,0.036123
2242.5,0.036082
2243.0,0.036041
2243.5,0.036
2244.0,0.035959
2244.5,0.035917
2245.0,0.035876
2245.5,0.035835
2246.0,0.035794
2246.5,0.035753
2247.0,0.035712
2247.5,0.035672
2248.0,0.035631
2248.5,0.03559
2249.0,0.035549
2249.5,0.035508
2250.0,0.035468
2250.5,0.035427
2251.0,0.035386
2251.5,0.035346
2252.0,0.035305
2252.5,0.035265
2253.0,0.035224
2253.5,0.035184
2254.0,0.035143
2254.5,0.035103
2255.0,0.035063
2255.5,0.035022
2256.0,0.034982
2256.5,0.034942
2257.0,0.034902
2257.5,0.034862
2258.0,0.034821
2258.5,0.034781
2259.0,0.034741
2259.5,0.034701
2260.0,0.034661
2260.5,0.034621
2261.0,0.034581
2261.5,0.034542
2262.0,0.034502
2262.5,0.034462
2263.0,0.034422
2263.5,0.034382
2264.0,0.034343
2264.5,0.034303
2265.0,0.034263
2265.5,0.034224
2266.0,0.034184
2266.5,0.034145
2267.0,0.034105
2267.5,0.034066
2268.0,0.034027
2268.5,0.033987
2269.0,0.033948
2269.5,0.033909
2270.0,0.033869
2270.5,0.03383
2271.0,0.033791
2271.5,0.033752
2272.0,0.033713
2272.5,0.033673
2273.0,0.033634
2273.5,0.033595
2274.0,0.033556
2274.5,0.033518
2275.0,0.033479
2275.5,0.03344
2276.0,0.033401
2276.5,0.033362
2277.0,0.033323
2277.5,0.033285
2278.0,0.033246
2278.5,0.033207
2279.0,0.033169
2279.5,0.03313
2280.0,0.033092
2280.5,0.033053
2281.0,0.033015
2281.5,0.032976
2282.0,0.032938
2282.5,0.032899
2283.0,0.032861
2283.5,0.032823
2284.0,0.032784
2284.5,0.032746
2285.0,0.032708
2285.5,0.03267
2286.0,0.032632
2286.5,0.032594
2287.0,0.032556
2287.5,0.032518
2288.0,0.03248
2288.5,0.032442
2289.0,0.032404
2289.5,0.032366
2290.0,0.032328
2290.5,0.03229
2291.0,0.032252
2291.5,0.032215
2292.0,0.032177
2292.5,0.032139
2293.0,0.032102
2293.5,0.032064
2294.0,0.032026
2294.5,0.031989
2295.0,0.031951
2295.5,0.031914
2296.0,0.031877
2296.5,0.031839
2297.0,0.031802
2297.5,0.031765
2298.0,0.031727
2298.5,0.03169
2299.0,0.031653
2299.5,0.031616
2300.0,0.031578
2300.5,0.031541
2301.0,0.031504
2301.5,0.031467
2302.0,0.03143
2302.5,0.031393
2303.0,0.031356
2303.5,0.031319
2304.0,0.031283
2304.5,0.031246
2305.0,0.031209
2305.5,0.031172
2306.0,0.031135
2306.5,0.031099
2307.0,0.031062
2307.5,0.031025
2308.0,0.030989
2308.5,0.030952
2309.0,0.030916
2309.5,0.030879
2310.0,0.030843
2310.5,0.030806
2311.0,0.03077
2311.5,0.030734
2312.0,0.030697
2312.5,0.030661
2313.0,0.030625
2313.5,0.030589
2314.0,0.030553
2314.5,0.030516
2315.0,0.03048
2315.5,0.030444
2316.0,0.030408
2316.5,0.030372
2317.0,0.030336
2317.5,0.0303
2318.0,0.030264
2318.5,0.030229
2319.0,0.030193
2319.5,0.030157
2320.0,0.030121
2320.5,0.030085
2321.0,0.03005
2321.5,0.030014
2322.0,0.029978
2322.5,0.029943
2323.0,0.029907
2323.5,0.029872
2324.0,0.029836
2324.5,0.029801
2325.0,0.029765
2325.5,0.02973
2326.0,0.029695
2326.5,0.029659
2327.0,0.029624
2327.5,0.029589
2328.0,0.029554
2328.5,0.029518
2329.0,0.029483
2329.5,0.029448
2330.0,0.029413
2330.5,0.029378
2331.0,0.029343
2331.5,0.029308
2332.0,0.029273
2332.5,0.029238
2333.0,0.029203
2333.5,0.029168
2334.0,0.029134
2334.5,0.029099
2335.0,0.029064
2335.5,0.029029
2336.0,0.028995
2336.5,0.02896
2337.0,0.028925
2337.5,0.028891
2338.0,0.028856
2338.5,0.028822
2339.0,0.028787
2339.5,0.028753
2340.0,0.028719
2340.5,0.028684
2341.0,0.02865
2341.5,0.028616
2342.0,0.028581
2342.5,0.028547
2343.0,0.028513
2343.5,0.028479
2344.0,0.028445
2344.5,0.02841
2345.0,0.028376
2345.5,0.028342
2346.0,0.028308
2346.5,0.028274
2347.0,0.02824
2347.5,0.028206
2348.0,0.028173
2348.5,0.028139
2349.0,0.028105
2349.5,0.028071
2350.0,0.028037
2350.5,0.028004
2351.0,0.02797
2351.5,0.027936
2352.0,0.027903
2352.5,0.027869
2353.0,0.027836
2353.5,0.027802
2354.0,0.027769
2354.5,0.027735
2355.0,0.027702
2355.5,0.027669
2356.0,0.027635
2356.5,0.027602
2357.0,0.027569
2357.5,0.027535
2358.0,0.027502
2358.5,0.027469
2359.0,0.027436
2359.5,0.027403
2360.0,0.02737
2360.5,0.027337
2361.0,0.027304
2361.5,0.027271
2362.0,0.027238
2362.5,0.027205
2363.0,0.027172
2363.5,0.027139
2364.0,0.027106
2364.5,0.027074
2365.0,0.027041
2365.5,0.027008
2366.0,0.026975
2366.5,0.026943
2367.0,0.02691
2367.5,0.026878
2368.0,0.026845
2368.5,0.026813
2369.0,0.02678
2369.5,0.026748
2370.0,0.026715
2370.5,0.026683
2371.0,0.02665
2371.5,0.026618
2372.0,0.026586
2372.5,0.026554
2373.0,0.026521
2373.5,0.026489
2374.0,0.026457
2374.5,0.026425
2375.0,0.026393
2375.5,0.026361
2376.0,0.026329
2376.5,0.026297
2377.0,0.026265
2377.5,0.026233
2378.0,0.026201
2378.5,0.026169
2379.0,0.026137
2379.5,0.026106
2380.0,0.026074
2380.5,0.026042
2381.0,0.02601
2381.5,0.025979
2382.0,0.025947
2382.5,0.025915
2383.0,0.025884
2383.5,0.025852
2384.0,0.025821
2384.5,0.025789
2385.0,0.025758
2385.5,0.025726
2386.0,0.025695
2386.5,0.025664
2387.0,0.025632
2387.5,0.025601
2388.0,0.02557
2388.5,0.025539
2389.0,0.025508
2389.5,0.025476
2390.0,0.025445
2390.5,0.025414
2391.0,0.025383
2391.5,0.025352
2392.0,0.025321
2392.5,0.02529
2393.0,0.025259
2393.5,0.025228
2394.0,0.025197
2394.5,0.025167
2395.0,0.025136
2395.5,0.025105
2396.0,0.025074
2396.5,0.025044
2397.0,0.025013
2397.5,0.024982
2398.0,0.024952
2398.5,0.024921
2399.0,0.024891
2399.5,0.02486
2400.0,0.02483
2400.5,0.024799
2401.0,0.024769
2401.5,0.024738
2402.0,0.024708
2402.5,0.024678
2403.0,0.024647
2403.5,0.024617
2404.0,0.024587
2404.5,0.024557
2405.0,0.024527
2405.5,0.024496
2406.0,0.024466
2406.5,0.024436
2407.0,0.024406
2407.5,0.024376
2408.0,0.024346
2408.5,0.024316
2409.0,0.024286
2409.5,0.024257
2410.0,0.024227
2410.5,0.024197
2411.0,0.024167
2411.5,0.024137
2412.0,0.024108
2412.5,0.024078
2413.0,0.024048
2413.5,0.024019
2414.0,0.023989
2414.5,0.023959
2415.0,0.02393
2415.5,0.0239
2416.0,0.023871
2416.5,0.023842
2417.0,0.023812
2417.5,0.023783
2418.0,0.023753
2418.5,0.023724
2419.0,0.023695
2419.5,0.023666
2420.0,0.023636
2420.5,0.023607
2421.0,0.023578
2421.5,0.023549
2422.0,0.02352
2422.5,0.023491
2423.0,0.023462
2423.5,0.023433
2424.0,0.023404
2424.5,0.023375
2425.0,0.023346
2425.5,0.023317
2426.0,0.023288
2426.5,0.023259
2427.0,0.023231
2427.5,0.023202
2428.0,0.023173
2428.5,0.023144
2429.0,0.023116
2429.5,0.023087
2430.0,0.023058
2430.5,0.02303
2431.0,0.023001
2431.5,0.022973
2432.0,0.022944
2432.5,0.022916
2433.0,0.022888
2433.5,0.022859
2434.0,0.022831
2434.5,0.022803
2435.0,0.022774
2435.5,0.022746
2436.0,0.022718
2436.5,0.02269
2437.0,0.022661
2437.5,0.022633
2438.0,0.022605
2438.5,0.022577
2439.0,0.022549
2439.5,0.022521
2440.0,0.022493
2440.5,0.022465
2441.0,0.022437
2441.5,0.022409
2442.0,0.022381
2442.5,0.022354
2443.0,0.022326
2443.5,0.022298
2444.0,0.02227
2444.5,0.022243
2445.0,0.022215
2445.5,0.022187
2446.0,0.02216
2446.5,0.022132
2447.0,0.022104
2447.5,0.022077
2448.0,0.022049
2448.5,0.022022
2449.0,0.021995
2449.5,0.021967
2450.0,0.02194
2450.5,0.021912
2451.0,0.021885
2451.5,0.021858
2452.0,0.021831
2452.5,0.021803
2453.0,0.021776
2453.5,0.021749
2454.0,0.021722
2454.5,0.021695
2455.0,0.021668
2455.5,0.021641
2456.0,0.021614
2456.5,0.021587
2457.0,0.02156
2457.5,0.021533
2458.0,0.021506
2458.5,0.021479
2459.0,0.021452
2459.5,0.021425
2460.0,0.021399
2460.5,0.021372
2461.0,0.021345
2461.5,0.021318
2462.0,0.021292
2462.5,0.021265
2463.0,0.021239
2463.5,0.021212
2464.0,0.021186
2464.5,0.021159
2465.0,0.021133
2465.5,0.021106
2466.0,0.02108
2466.5,0.021053
2467.0,0.021027
2467.5,0.021001
2468.0,0.020974
2468.5,0.020948
2469.0,0.020922
2469.5,0.020896
2470.0,0.020869
2470.5,0.020843
2471.0,0.020817
2471.5,0.020791
2472.0,0.020765
2472.5,0.020739
2473.0,0.020713
2473.5,0.020687
2474.0,0.020661
2474.5,0.020635
2475.0,0.020609
2475.5,0.020583
2476.0,0.020558
2476.5,0.020532
2477.0,0.020506
2477.5,0.02048
2478.0,0.020455
2478.5,0.020429
2479.0,0.020403
2479.5,0.020378
2480.0,0.020352
2480.5,0.020327
2481.0,0.020301
2481.5,0.020276
2482.0,0.02025
2482.5,0.020225
2483.0,0.020199
2483.5,0.020174
2484.0,0.020149
2484.5,0.020123
2485.0,0.020098
2485.5,0.020073
2486.0,0.020047
2486.5,0.020022
2487.0,0.019997
2487.5,0.019972
2488.0,0.019947
2488.5,0.019922
2489.0,0.019897
2489.5,0.019872
2490.0,0.019847
2490.5,0.019822
2491.0,0.019797
2491.5,0.019772
2492.0,0.019747
2492.5,0.019722
2493.0,0.019697
2493.5,0.019672
2494.0,0.019648
2494.5,0.019623
2495.0,0.019598
2495.5,0.019574
2496.0,0.019549
2496.5,0.019524
2497.0,0.0195
2497.5,0.019475
2498.0,0.019451
2498.5,0.019426
2499.0,0.019402
2499.5,0.019377
2500.0,0.0
