115.0,0.003386
115.5,0.002432
116.0,0.001234
116.5,0.000788
117.0,0.000876
117.5,0.000854
118.0,0.000425
118.5,0.000363
119.0,8.4e-05
119.5,0.001137
120.0,0.004133
120.5,0.028503
121.0,0.078916
121.5,0.091386
122.0,0.041003
122.5,0.005986
123.0,0.000716
123.5,0.000489
124.0,0.000501
124.5,0.000393
125.0,0.000239
125.5,0.000134
126.0,0.00015
126.5,0.000146
127.0,0.000153
127.5,0.000239
128.0,0.000307
128.5,0.000254
129.0,0.000172
129.5,0.000196
130.0,0.000443
130.5,0.000597
131.0,0.000253
131.5,0.000122
132.0,0.000101
132.5,0.00015
133.0,0.000373
133.5,0.000748
134.0,0.000264
134.5,5.8e-05
135.0,1.2e-05
135.5,0.000129
136.0,0.000183
136.5,0.000164
137.0,0.000119
137.5,0.000146
138.0,0.00012
138.5,0.000108
139.0,0.000246
139.5,0.000419
140.0,0.000359
140.5,0.000395
141.0,0.000236
141.5,0.000127
142.0,0.000131
142.5,0.000217
143.0,0.000283
143.5,0.000181
144.0,0.000215
144.5,0.000314
145.0,0.000347
145.5,0.000303
146.0,0.000162
146.5,0.000277
147.0,0.000431
147.5,0.000299
148.0,0.000225
148.5,0.000465
149.0,0.000517
149.5,0.000489
150.0,0.000363
150.5,0.000296
151.0,0.000391
151.5,0.000333
152.0,0.000339
152.5,0.000348
153.0,0.0006
153.5,0.000558
154.0,0.000435
154.5,0.001056
155.0,0.001258
155.5,0.000509
156.0,0.000327
156.5,0.00035
157.0,0.00027
157.5,0.000374
158.0,0.00042
158.5,0.000343
159.0,0.00023
159.5,0.000259
160.0,0.000348
160.5,0.000345
161.0,0.000275
161.5,0.000287
162.0,0.000277
162.5,0.000394
163.0,0.000517
163.5,0.00066
164.0,0.000762
164.5,0.000427
165.0,0.000485
165.5,0.000945
166.0,0.000961
166.5,0.000576
167.0,0.0005
167.5,0.000432
168.0,0.000463
168.5,0.00048
169.0,0.00054
169.5,0.000595
170.0,0.000674
170.5,0.000734
171.0,0.000682
171.5,0.000723
172.0,0.000671
172.5,0.00067
173.0,0.000736
173.5,0.000797
174.0,0.000838
174.5,0.00091
175.0,0.001019
175.5,0.001114
176.0,0.001126
176.5,0.001075
177.0,0.001178
177.5,0.001218
178.0,0.001202
178.5,0.001131
179.0,0.000837
179.5,0.00117
180.0,0.001414
180.5,0.001839
181.0,0.00219
181.5,0.002583
182.0,0.002529
182.5,0.001884
183.0,0.001742
183.5,0.001819
184.0,0.001781
184.5,0.001607
185.0,0.001666
185.5,0.001801
186.0,0.001895
186.5,0.002163
187.0,0.002445
187.5,0.002317
188.0,0.002398
188.5,0.00246
189.0,0.002629
189.5,0.00265
190.0,0.002619
190.5,0.00265
191.0,0.00273
191.5,0.002821
192.0,0.002909
192.5,0.002862
193.0,0.002571
193.5,0.002692
194.0,0.003305
194.5,0.003664
195.0,0.004489
195.5,0.008526
196.0,0.006307
196.5,0.005917
197.0,0.008694
197.5,0.006101
198.0,0.007434
198.5,0.00761
199.0,0.005268
199.5,0.009817
200.0,0.008977
200.5,0.007119
201.0,0.005476
201.5,0.006159
202.0,0.008399
202.5,0.00636
203.0,0.005854
203.5,0.008801
204.0,0.011189
204.5,0.011544
205.0,0.012756
205.5,0.008982
206.0,0.009672
206.5,0.010517
207.0,0.013435
207.5,0.013418
208.0,0.013108
208.5,0.013256
209.0,0.00977
209.5,0.011903
210.0,0.018507
210.5,0.020693
211.0,0.014922
211.5,0.018359
212.0,0.021511
212.5,0.016434
213.0,0.014465
213.5,0.017537
214.0,0.020113
214.5,0.018565
215.0,0.021147
215.5,0.023041
216.0,0.019227
216.5,0.018464
217.0,0.013554
217.5,0.015007
218.0,0.019166
218.5,0.028026
219.0,0.033004
219.5,0.033598
220.0,0.029709
220.5,0.023371
221.0,0.020642
221.5,0.020171
222.0,0.025212
222.5,0.02692
223.0,0.022857
223.5,0.025955
224.0,0.028616
224.5,0.032965
225.0,0.032376
225.5,0.026305
226.0,0.022601
226.5,0.020451
227.0,0.021761
227.5,0.01919
228.0,0.026324
228.5,0.026785
229.0,0.023385
229.5,0.026388
230.0,0.027974
230.5,0.031936
231.0,0.032693
231.5,0.030139
232.0,0.028291
232.5,0.034974
233.0,0.032393
233.5,0.026424
234.0,0.026576
234.5,0.023913
235.0,0.024197
235.5,0.02767
236.0,0.029896
236.5,0.032778
237.0,0.03767
237.5,0.03754
238.0,0.029221
238.5,0.024895
239.0,0.026098
239.5,0.026897
240.0,0.020325
240.5,0.023121
241.0,0.022248
241.5,0.024908
242.0,0.033207
242.5,0.037874
243.0,0.032948
243.5,0.03208
244.0,0.034034
244.5,0.032431
245.0,0.030967
245.5,0.035821
246.0,0.031469
246.5,0.028116
247.0,0.029488
247.5,0.029409
248.0,0.025906
248.5,0.021923
249.0,0.024502
249.5,0.029453
250.0,0.034347
250.5,0.033009
251.0,0.030658
251.5,0.029257
252.0,0.02899
252.5,0.02866
253.0,0.032699
253.5,0.03146
254.0,0.031762
254.5,0.034534
255.0,0.037384
255.5,0.03971
256.0,0.044977
256.5,0.05383
257.0,0.051889
257.5,0.046883
258.0,0.056277
258.5,0.06171
259.0,0.060299
259.5,0.055097
260.0,0.052459
260.5,0.052687
261.0,0.051075
261.5,0.052387
262.0,0.053126
262.5,0.056049
263.0,0.060523
263.5,0.076681
264.0,0.101154
264.5,0.108174
265.0,0.104751
265.5,0.111304
266.0,0.116292
266.5,0.110502
267.0,0.110242
267.5,0.112677
268.0,0.112362
268.5,0.107777
269.0,0.105758
269.5,0.107947
270.0,0.120456
270.5,0.119606
271.0,0.112691
271.5,0.102452
272.0,0.086735
272.5,0.087631
273.0,0.099248
273.5,0.091256
274.0,0.069914
274.5,0.065188
275.0,0.069989
275.5,0.08419
276.0,0.100493
276.5,0.110414
277.0,0.113408
277.5,0.110549
278.0,0.093481
278.5,0.077256
279.0,0.067773
279.5,0.061573
280.0,0.05931
280.5,0.062927
281.0,0.079994
281.5,0.113465
282.0,0.128644
282.5,0.137018
283.0,0.147558
283.5,0.146842
284.0,0.132913
284.5,0.113446
285.0,0.088133
285.5,0.087334
286.0,0.124779
286.5,0.154245
287.0,0.161761
287.5,0.158707
288.0,0.143122
288.5,0.154251
289.0,0.186831
289.5,0.222036
290.0,0.265604
290.5,0.294514
291.0,0.298259
291.5,0.284907
292.0,0.257356
292.5,0.246612
293.0,0.256434
293.5,0.254571
294.0,0.238128
294.5,0.232933
295.0,0.238386
295.5,0.261427
296.0,0.262299
296.5,0.236709
297.0,0.215031
297.5,0.238911
298.0,0.234699
298.5,0.201381
299.0,0.216512
299.5,0.21319
300.0,0.192364
300.5,0.186111
301.0,0.198393
301.5,0.205163
302.0,0.197293
302.5,0.225995
303.0,0.266395
303.5,0.269042
304.0,0.256655
304.5,0.26051
305.0,0.270472
305.5,0.258566
306.0,0.244171
306.5,0.255186
307.0,0.269582
307.5,0.275997
308.0,0.280212
308.5,0.274211
309.0,0.259278
309.5,0.244303
310.0,0.261771
310.5,0.32075
311.0,0.346896
311.5,0.311096
312.0,0.298821
312.5,0.315384
313.0,0.336131
313.5,0.348017
314.0,0.335313
314.5,0.297349
315.0,0.319066
315.5,0.306723
316.0,0.297297
316.5,0.322289
317.0,0.356085
317.5,0.36704
318.0,0.340077
318.5,0.322233
319.0,0.333569
319.5,0.338242
320.0,0.363456
320.5,0.358271
321.0,0.342532
321.5,0.333722
322.0,0.324144
322.5,0.305903
323.0,0.295484
323.5,0.308798
324.0,0.335091
324.5,0.35903
325.0,0.373646
325.5,0.378941
326.0,0.394462
326.5,0.43288
327.0,0.45984
327.5,0.444781
328.0,0.419366
328.5,0.42006
329.0,0.440326
329.5,0.463297
330.0,0.473794
330.5,0.462555
331.0,0.442312
331.5,0.42837
332.0,0.424352
332.5,0.429107
333.0,0.43408
333.5,0.433016
334.0,0.436258
334.5,0.451435
335.0,0.458702
335.5,0.439255
336.0,0.405923
336.5,0.377268
337.0,0.36314
337.5,0.368656
338.0,0.388703
338.5,0.414908
339.0,0.436099
339.5,0.443752
340.0,0.442751
340.5,0.43997
341.0,0.43685
341.5,0.434242
342.0,0.43607
342.5,0.44287
343.0,0.43856
343.5,0.410882
344.0,0.379512
344.5,0.366921
345.0,0.37483
345.5,0.396294
346.0,0.410476
346.5,0.401744
347.0,0.389195
347.5,0.392443
348.0,0.398443
348.5,0.393226
349.0,0.391791
349.5,0.410228
350.0,0.440031
350.5,0.466228
351.0,0.443919
351.5,0.436798
352.0,0.417986
352.5,0.396676
353.0,0.425207
353.5,0.459852
354.0,0.485281
354.5,0.496494
355.0,0.489268
355.5,0.460079
356.0,0.441912
356.5,0.399839
357.0,0.355083
357.5,0.345535
358.0,0.305764
358.5,0.294387
359.0,0.361844
359.5,0.409368
360.0,0.499935
360.5,0.468861
361.0,0.403912
361.5,0.389581
362.0,0.406666
362.5,0.475811
363.0,0.496136
363.5,0.491714
364.0,0.507072
364.5,0.467681
365.0,0.469424
365.5,0.555228
366.0,0.623284
366.5,0.619967
367.0,0.598351
367.5,0.584963
368.0,0.551807
368.5,0.535219
369.0,0.552884
369.5,0.59946
370.0,0.614595
370.5,0.557175
371.0,0.534859
371.5,0.558225
372.0,0.50011
372.5,0.495489
373.0,0.485933
373.5,0.418467
374.0,0.4104
374.5,0.386812
375.0,0.393918
375.5,0.478254
376.0,0.49299
376.5,0.496993
377.0,0.534862
377.5,0.616213
378.0,0.664232
378.5,0.624889
379.0,0.5387
379.5,0.486991
380.0,0.497327
380.5,0.565027
381.0,0.570412
381.5,0.482475
382.0,0.387659
382.5,0.323335
383.0,0.293654
383.5,0.290795
384.0,0.330812
384.5,0.426016
385.0,0.47105
385.5,0.435897
386.0,0.395687
386.5,0.41682
387.0,0.420893
387.5,0.43892
388.0,0.442725
388.5,0.44389
389.0,0.47745
389.5,0.539971
390.0,0.559374
390.5,0.561707
391.0,0.598657
391.5,0.612527
392.0,0.556227
392.5,0.453237
393.0,0.32564
393.5,0.273634
394.0,0.349232
394.5,0.472749
395.0,0.583741
395.5,0.61384
396.0,0.537261
396.5,0.373842
397.0,0.311068
397.5,0.454357
398.0,0.641828
398.5,0.738903
399.0,0.784447
399.5,0.805746
400.0,0.815679
400.5,0.815347
401.0,0.835516
401.5,0.866602
402.0,0.882447
402.5,0.871104
403.0,0.83608
403.5,0.84128
404.0,0.855862
404.5,0.804579
405.0,0.811093
405.5,0.80616
406.0,0.786531
406.5,0.772079
407.0,0.778582
407.5,0.795312
408.0,0.839883
408.5,0.907391
409.0,0.933999
409.5,0.86568
410.0,0.783387
410.5,0.809142
411.0,0.885501
411.5,0.923461
412.0,0.921889
412.5,0.906149
413.0,0.875382
413.5,0.878652
414.0,0.894355
414.5,0.873702
415.0,0.868066
415.5,0.870269
416.0,0.907204
416.5,0.925939
417.0,0.892787
417.5,0.852502
418.0,0.850465
418.5,0.852391
419.0,0.858522
419.5,0.839085
420.0,0.811912
420.5,0.865586
421.0,0.922375
421.5,0.927063
422.0,0.897654
422.5,0.808015
423.0,0.798774
423.5,0.828455
424.0,0.857798
424.5,0.876001
425.0,0.847625
425.5,0.83675
426.0,0.833158
426.5,0.850019
427.0,0.818131
427.5,0.807722
428.0,0.839235
428.5,0.827908
429.0,0.79505
429.5,0.749277
430.0,0.65997
430.5,0.597066
431.0,0.620945
431.5,0.804622
432.0,0.93572
432.5,0.894499
433.0,0.891082
433.5,0.878661
434.0,0.828131
434.5,0.871891
435.0,0.919622
435.5,0.938734
436.0,0.974561
436.5,1.005103
437.0,0.983663
437.5,0.936202
438.0,0.878509
438.5,0.81077
439.0,0.847131
439.5,0.912785
440.0,0.935017
440.5,0.907967
441.0,0.933784
441.5,0.972122
442.0,1.006897
442.5,1.016255
443.0,1.008956
443.5,0.99559
444.0,1.011327
444.5,1.032799
445.0,1.039411
445.5,0.971482
446.0,0.931213
446.5,0.971187
447.0,1.028964
447.5,1.070888
448.0,1.060575
448.5,1.068564
449.0,1.065783
449.5,1.064919
450.0,1.090642
450.5,1.130206
451.0,1.143901
451.5,1.120624
452.0,1.097466
452.5,1.032716
453.0,0.976644
453.5,1.012805
454.0,1.059964
454.5,1.051277
455.0,1.034926
455.5,1.064177
456.0,1.101925
456.5,1.096893
457.0,1.101879
457.5,1.101136
458.0,1.069553
458.5,1.058441
459.0,1.068638
459.5,1.056649
460.0,1.048652
460.5,1.081296
461.0,1.110187
461.5,1.110034
462.0,1.112058
462.5,1.11343
463.0,1.115411
463.5,1.089379
464.0,1.065788
464.5,1.040892
465.0,1.035655
465.5,1.068243
466.0,1.088225
466.5,1.033445
467.0,1.011306
467.5,1.051662
468.0,1.056576
468.5,1.065729
469.0,1.063713
469.5,1.052884
470.0,1.018911
470.5,0.9951
471.0,1.018682
471.5,1.06749
472.0,1.105747
472.5,1.090945
473.0,1.045016
473.5,1.052586
474.0,1.079803
474.5,1.102739
475.0,1.100343
475.5,1.078957
476.0,1.06941
476.5,1.042921
477.0,1.056829
477.5,1.105277
478.0,1.126738
478.5,1.092262
479.0,1.08561
479.5,1.112529
480.0,1.112436
480.5,1.094646
481.0,1.091887
481.5,1.113889
482.0,1.119158
482.5,1.098239
483.0,1.079269
483.5,1.067225
484.0,1.065764
484.5,1.080593
485.0,1.067765
485.5,0.976188
486.0,0.866911
486.5,0.883829
487.0,0.951819
487.5,0.99673
488.0,1.034629
488.5,1.00826
489.0,0.977046
489.5,1.048096
490.0,1.100681
490.5,1.085255
491.0,1.053984
491.5,1.021395
492.0,0.977442
492.5,1.01279
493.0,1.077983
493.5,1.053847
494.0,1.036505
494.5,1.080756
495.0,1.09632
495.5,1.065411
496.0,1.044713
496.5,1.070483
497.0,1.072849
497.5,1.070918
498.0,1.028583
498.5,1.002234
499.0,1.045261
499.5,1.056362
500.0,1.018133
500.5,0.975981
501.0,0.978406
501.5,0.972853
502.0,0.982332
502.5,1.01385
503.0,1.039542
503.5,1.026498
504.0,0.984189
504.5,0.992618
505.0,1.030134
505.5,1.061155
506.0,1.08455
506.5,1.057051
507.0,1.021578
507.5,1.003786
508.0,0.989305
508.5,1.019933
509.0,1.061635
509.5,1.047305
510.0,1.007049
510.5,1.013136
511.0,1.022536
511.5,1.046059
512.0,1.043367
512.5,1.010102
513.0,0.997687
513.5,0.992943
514.0,0.971426
514.5,0.96879
515.0,0.988361
515.5,1.014024
516.0,0.999836
516.5,0.881284
517.0,0.776847
517.5,0.82641
518.0,0.90155
518.5,0.88122
519.0,0.911487
519.5,0.955528
520.0,0.989231
520.5,0.977781
521.0,0.966074
521.5,0.994032
522.0,1.007886
522.5,0.969037
523.0,0.945547
523.5,0.989146
524.0,1.041377
524.5,1.04417
525.0,1.026836
525.5,1.03367
526.0,1.011122
526.5,0.908917
527.0,0.862388
527.5,0.925568
528.0,1.003729
528.5,1.036742
529.0,1.069643
529.5,1.041056
530.0,1.008576
530.5,1.045028
531.0,1.081462
531.5,1.075796
532.0,1.042208
532.5,0.977307
533.0,0.954939
533.5,1.009486
534.0,1.023106
534.5,1.020702
535.0,1.036628
535.5,1.075087
536.0,1.083403
536.5,1.028564
537.0,0.980582
537.5,1.007168
538.0,1.039037
538.5,1.039405
539.0,1.023122
539.5,0.991685
540.0,0.975085
540.5,0.951906
541.0,0.959988
541.5,1.00281
542.0,1.022797
542.5,1.009205
543.0,0.994503
543.5,1.000446
544.0,1.030317
544.5,1.021768
545.0,1.011508
545.5,1.013888
546.0,1.019947
546.5,1.020858
547.0,1.02457
547.5,0.99922
548.0,0.981175
548.5,1.01008
549.0,1.028607
549.5,1.027019
550.0,1.018136
550.5,1.014917
551.0,1.017036
551.5,1.018106
552.0,1.023466
552.5,1.015861
553.0,0.99988
553.5,1.009392
554.0,1.023986
554.5,1.030642
555.0,1.038051
555.5,1.02999
556.0,1.014804
556.5,0.995186
557.0,0.977626
557.5,0.9868
558.0,1.002331
558.5,0.974314
559.0,0.936087
559.5,0.947649
560.0,0.964157
560.5,0.99474
561.0,1.028725
561.5,0.996341
562.0,0.968156
562.5,0.984407
563.0,1.002551
563.5,1.000631
564.0,0.982578
564.5,0.995999
565.0,1.005085
565.5,0.978024
566.0,0.953174
566.5,0.969101
567.0,0.997525
567.5,1.00949
568.0,1.000441
568.5,0.978311
569.0,0.971772
569.5,0.984609
570.0,0.985194
570.5,0.955839
571.0,0.934174
571.5,0.962873
572.0,1.009889
572.5,1.018909
573.0,1.014217
573.5,1.011345
574.0,1.013367
574.5,1.007526
575.0,0.992818
575.5,0.982747
576.0,0.990028
576.5,0.998708
577.0,1.007136
577.5,0.999017
578.0,0.98179
578.5,0.957887
579.0,0.968262
579.5,0.989079
580.0,1.003177
580.5,0.99568
581.0,0.988063
581.5,0.994531
582.0,1.008587
582.5,1.016389
583.0,1.014141
583.5,1.012558
584.0,1.014366
584.5,1.014513
585.0,0.998608
585.5,0.978748
586.0,0.968893
586.5,0.98484
587.0,1.005531
587.5,1.010549
588.0,0.993468
588.5,0.946577
589.0,0.871401
589.5,0.859721
590.0,0.924391
590.5,0.974171
591.0,0.987895
591.5,0.98383
592.0,0.984721
592.5,0.987907
593.0,0.979895
593.5,0.980882
594.0,0.981324
594.5,0.973188
595.0,0.970598
595.5,0.97184
596.0,0.979554
596.5,0.984579
597.0,0.987413
597.5,0.976512
598.0,0.962829
598.5,0.957358
599.0,0.965124
599.5,0.970875
600.0,0.962218
600.5,0.951807
601.0,0.948689
601.5,0.940559
602.0,0.927782
602.5,0.937785
603.0,0.965605
603.5,0.973783
604.0,0.970407
604.5,0.971711
605.0,0.972599
605.5,0.96264
606.0,0.964362
606.5,0.964966
607.0,0.969685
607.5,0.962608
608.0,0.948538
608.5,0.948939
609.0,0.94602
609.5,0.945058
610.0,0.931814
610.5,0.932799
611.0,0.949164
611.5,0.947348
612.0,0.927155
612.5,0.928187
613.0,0.936212
613.5,0.912259
614.0,0.905379
614.5,0.926331
615.0,0.937508
615.5,0.92171
616.0,0.886833
616.5,0.876161
617.0,0.894655
617.5,0.917374
618.0,0.932294
618.5,0.929665
619.0,0.916399
619.5,0.926976
620.0,0.94298
620.5,0.947643
621.0,0.944499
621.5,0.925605
622.0,0.916249
622.5,0.919369
623.0,0.906092
623.5,0.907729
624.0,0.913083
624.5,0.903208
625.0,0.900833
625.5,0.892202
626.0,0.894785
626.5,0.904361
627.0,0.917361
627.5,0.907461
628.0,0.89082
628.5,0.90719
629.0,0.922933
629.5,0.909919
630.0,0.890837
630.5,0.896869
631.0,0.910418
631.5,0.887213
632.0,0.876283
632.5,0.901922
633.0,0.913574
633.5,0.897875
634.0,0.887344
634.5,0.900209
635.0,0.911458
635.5,0.900043
636.0,0.883401
636.5,0.8882
637.0,0.906055
637.5,0.912146
638.0,0.908535
638.5,0.90726
639.0,0.906161
639.5,0.890955
640.0,0.880086
640.5,0.882201
641.0,0.880152
641.5,0.88005
642.0,0.881645
642.5,0.889884
643.0,0.895072
643.5,0.892927
644.0,0.889794
644.5,0.895764
645.0,0.884921
645.5,0.882311
646.0,0.879637
646.5,0.87373
647.0,0.880143
647.5,0.880001
648.0,0.882032
648.5,0.88608
649.0,0.873164
649.5,0.836758
650.0,0.846049
650.5,0.883897
651.0,0.901495
651.5,0.891387
652.0,0.883953
652.5,0.887767
653.0,0.887077
653.5,0.888235
654.0,0.888585
654.5,0.883145
655.0,0.862166
655.5,0.814347
656.0,0.734704
656.5,0.725905
657.0,0.810398
657.5,0.850006
658.0,0.863834
658.5,0.867202
659.0,0.862911
659.5,0.858548
660.0,0.872488
660.5,0.875178
661.0,0.871171
661.5,0.87901
662.0,0.883313
662.5,0.878761
663.0,0.866894
663.5,0.852291
664.0,0.852352
664.5,0.858486
665.0,0.865578
665.5,0.866181
666.0,0.858135
666.5,0.851819
667.0,0.859019
667.5,0.856034
668.0,0.851857
668.5,0.862958
669.0,0.869401
669.5,0.85903
670.0,0.85076
670.5,0.846003
671.0,0.843558
671.5,0.833898
672.0,0.832672
672.5,0.843272
673.0,0.846539
673.5,0.845089
674.0,0.841703
674.5,0.835191
675.0,0.833472
675.5,0.838405
676.0,0.845063
676.5,0.842188
677.0,0.831442
677.5,0.83353
678.0,0.839576
678.5,0.834203
679.0,0.83276
679.5,0.83003
680.0,0.831309
680.5,0.831057
681.0,0.828934
681.5,0.828348
682.0,0.828284
682.5,0.829871
683.0,0.826472
683.5,0.821364
684.0,0.816539
684.5,0.815587
685.0,0.814636
685.5,0.813684
686.0,0.812732
686.5,0.81178
687.0,0.810829
687.5,0.809877
688.0,0.808925
688.5,0.807973
689.0,0.807021
689.5,0.80607
690.0,0.805118
690.5,0.804166
691.0,0.803214
691.5,0.802263
692.0,0.801311
692.5,0.800359
693.0,0.799407
693.5,0.798455
694.0,0.797504
694.5,0.796552
695.0,0.7956
695.5,0.794648
696.0,0.793697
696.5,0.792745
697.0,0.791793
697.5,0.794649
698.0,0.779114
698.5,0.792381
699.0,0.799056
699.5,0.801494
700.0,0.794149
700.5,0.780428
701.0,0.781764
701.5,0.776016
702.0,0.771672
702.5,0.774148
703.0,0.783398
703.5,0.782363
704.0,0.786231
704.5,0.794045
705.0,0.794639
705.5,0.789289
706.0,0.78386
706.5,0.779315
707.0,0.780167
707.5,0.789883
708.0,0.789396
708.5,0.776976
709.0,0.770495
709.5,0.774505
710.0,0.783834
710.5,0.78722
711.0,0.777465
711.5,0.778442
712.0,0.780199
712.5,0.777896
713.0,0.775119
713.5,0.781589
714.0,0.786091
714.5,0.77794
715.0,0.772641
715.5,0.777316
716.0,0.778401
716.5,0.766533
717.0,0.756243
717.5,0.745377
718.0,0.735296
718.5,0.717311
719.0,0.710798
719.5,0.715066
720.0,0.726347
720.5,0.73155
721.0,0.747642
721.5,0.765636
722.0,0.774562
722.5,0.773666
723.0,0.765488
723.5,0.747522
724.0,0.740911
724.5,0.742185
725.0,0.748342
725.5,0.74459
726.0,0.750653
726.5,0.744898
727.0,0.74309
727.5,0.733291
728.0,0.729206
728.5,0.728451
729.0,0.716711
729.5,0.720019
730.0,0.736061
730.5,0.733759
731.0,0.729254
731.5,0.732833
732.0,0.737189
732.5,0.738931
733.0,0.736015
733.5,0.741213
734.0,0.747233
734.5,0.74492
735.0,0.739297
735.5,0.73211
736.0,0.729359
736.5,0.726899
737.0,0.73257
737.5,0.739166
738.0,0.73434
738.5,0.718198
739.0,0.703626
739.5,0.714364
740.0,0.721754
740.5,0.718991
741.0,0.706361
741.5,0.702781
742.0,0.707792
742.5,0.71535
743.0,0.727371
743.5,0.727263
744.0,0.721739
744.5,0.710002
745.0,0.713473
745.5,0.719523
746.0,0.717716
746.5,0.721853
747.0,0.725397
747.5,0.72167
748.0,0.715886
748.5,0.717445
749.0,0.713475
749.5,0.707385
750.0,0.712113
750.5,0.706041
751.0,0.699816
751.5,0.708515
752.0,0.718216
752.5,0.709463
753.0,0.706646
753.5,0.711469
754.0,0.718976
754.5,0.715221
755.0,0.709938
755.5,0.709222
756.0,0.708507
756.5,0.707791
757.0,0.707076
757.5,0.70636
758.0,0.705645
758.5,0.704929
759.0,0.704214
759.5,0.703498
760.0,0.702783
760.5,0.702067
761.0,0.701352
761.5,0.700637
762.0,0.699921
762.5,0.699206
763.0,0.69849
763.5,0.697775
764.0,0.697059
764.5,0.696344
765.0,0.695628
765.5,0.694913
766.0,0.694197
766.5,0.693482
767.0,0.692766
767.5,0.692051
768.0,0.691335
768.5,0.69062
769.0,0.689905
769.5,0.689189
770.0,0.688474
770.5,0.687758
771.0,0.687043
771.5,0.686327
772.0,0.685612
772.5,0.684896
773.0,0.684181
773.5,0.6885
774.0,0.686067
774.5,0.671645
775.0,0.66594
775.5,0.676167
776.0,0.683016
776.5,0.683289
777.0,0.68026
777.5,0.67482
778.0,0.672456
778.5,0.673474
779.0,0.673774
779.5,0.670329
780.0,0.664621
780.5,0.664228
781.0,0.667688
781.5,0.673682
782.0,0.68441
782.5,0.680345
783.0,0.666134
783.5,0.661142
784.0,0.66943
784.5,0.672143
785.0,0.67121
785.5,0.672982
786.0,0.676042
786.5,0.671581
787.0,0.668874
787.5,0.665864
788.0,0.663153
788.5,0.665674
789.0,0.669634
789.5,0.661276
790.0,0.659492
790.5,0.661581
791.0,0.661586
791.5,0.654399
792.0,0.649483
792.5,0.648041
793.0,0.643196
793.5,0.637782
794.0,0.634096
794.5,0.63282
795.0,0.640983
795.5,0.648097
796.0,0.652291
796.5,0.652969
797.0,0.652046
797.5,0.651946
798.0,0.654457
798.5,0.653706
799.0,0.654928
799.5,0.644937
800.0,0.632384
800.5,0.637739
801.0,0.645066
801.5,0.652169
802.0,0.650288
802.5,0.640047
803.0,0.634624
803.5,0.643888
804.0,0.645041
804.5,0.630682
805.0,0.62206
805.5,0.634334
806.0,0.644916
806.5,0.643288
807.0,0.635032
807.5,0.63525
808.0,0.63469
808.5,0.631205
809.0,0.628639
809.5,0.623333
810.0,0.623687
810.5,0.626763
811.0,0.628223
811.5,0.624699
812.0,0.621507
812.5,0.623484
813.0,0.624864
813.5,0.619922
814.0,0.613706
814.5,0.611968
815.0,0.612496
815.5,0.611711
816.0,0.608528
816.5,0.603178
817.0,0.59869
817.5,0.597744
818.0,0.598847
818.5,0.599208
819.0,0.595028
819.5,0.585501
820.0,0.582792
820.5,0.596194
821.0,0.610524
821.5,0.609722
822.0,0.598683
822.5,0.587106
823.0,0.582933
823.5,0.590461
824.0,0.601164
824.5,0.605843
825.0,0.605428
825.5,0.603308
826.0,0.602588
826.5,0.604768
827.0,0.605228
827.5,0.600023
828.0,0.594034
828.5,0.592682
829.0,0.594723
829.5,0.597275
830.0,0.597564
830.5,0.594313
831.0,0.592113
831.5,0.594737
832.0,0.596814
832.5,0.593092
833.0,0.587941
833.5,0.586561
834.0,0.587828
834.5,0.589697
835.0,0.59274
835.5,0.597232
836.0,0.599658
836.5,0.597261
837.0,0.594132
837.5,0.594148
838.0,0.593488
838.5,0.588722
839.0,0.585692
839.5,0.5898
840.0,0.595436
840.5,0.596353
841.0,0.596489
841.5,0.595664
842.0,0.594247
842.5,0.594653
843.0,0.596428
843.5,0.582762
844.0,0.575086
844.5,0.582977
845.0,0.592112
845.5,0.599396
846.0,0.595411
846.5,0.589128
847.0,0.581601
847.5,0.58461
848.0,0.588146
848.5,0.592389
849.0,0.585252
849.5,0.539322
850.0,0.511805
850.5,0.549776
851.0,0.573248
851.5,0.568299
852.0,0.56073
852.5,0.562203
853.0,0.560675
853.5,0.539179
854.0,0.482213
854.5,0.457273
855.0,0.490177
855.5,0.522088
856.0,0.548016
856.5,0.563149
857.0,0.562542
857.5,0.55937
858.0,0.558893
858.5,0.557892
859.0,0.555505
859.5,0.549341
860.0,0.551133
860.5,0.554695
861.0,0.556465
861.5,0.555921
862.0,0.558349
862.5,0.563344
863.0,0.567728
863.5,0.569451
864.0,0.565505
864.5,0.562806
865.0,0.562925
865.5,0.552727
866.0,0.504595
866.5,0.469727
867.0,0.481648
867.5,0.509939
868.0,0.543026
868.5,0.547266
869.0,0.537798
869.5,0.545282
870.0,0.555421
870.5,0.551509
871.0,0.547586
871.5,0.543123
872.0,0.55064
872.5,0.552673
873.0,0.543266
873.5,0.5349
874.0,0.536463
874.5,0.545768
875.0,0.544451
875.5,0.543828
876.0,0.552305
876.5,0.557801
877.0,0.548526
877.5,0.55064
878.0,0.55395
878.5,0.543715
879.0,0.538629
879.5,0.535605
880.0,0.537903
880.5,0.509293
881.0,0.520345
881.5,0.543061
882.0,0.54679
882.5,0.555186
883.0,0.556922
883.5,0.551979
884.0,0.545237
884.5,0.544154
885.0,0.549231
885.5,0.546167
886.0,0.54395
886.5,0.533909
887.0,0.542643
887.5,0.543317
888.0,0.551631
888.5,0.563163
889.0,0.558056
889.5,0.548965
890.0,0.556626
890.5,0.556708
891.0,0.555928
891.5,0.55721
892.0,0.558984
892.5,0.544884
893.0,0.542904
893.5,0.538893
894.0,0.53674
894.5,0.537153
895.0,0.538965
895.5,0.54054
896.0,0.540243
896.5,0.53694
897.0,0.531517
897.5,0.525361
898.0,0.519862
898.5,0.516092
899.0,0.51387
899.5,0.512697
900.0,0.512075
900.5,0.511808
901.0,0.512898
901.5,0.516645
902.0,0.524352
902.5,0.536524
903.0,0.550478
903.5,0.562737
904.0,0.569821
904.5,0.569272
905.0,0.562707
905.5,0.552764
906.0,0.542079
906.5,0.532874
907.0,0.525719
907.5,0.520764
908.0,0.518163
908.5,0.517825
909.0,0.518684
909.5,0.519427
910.0,0.518746
910.5,0.515767
911.0,0.511378
911.5,0.506903
912.0,0.503668
912.5,0.50258
913.0,0.502875
913.5,0.50337
914.0,0.502883
914.5,0.500633
915.0,0.497458
915.5,0.494595
916.0,0.493285
916.5,0.494359
917.0,0.497029
917.5,0.500098
918.0,0.502372
918.5,0.502975
919.0,0.502322
919.5,0.501148
920.0,0.50019
920.5,0.499989
921.0,0.50031
921.5,0.500725
922.0,0.500806
922.5,0.50019
923.0,0.498779
923.5,0.49654
924.0,0.493443
924.5,0.489608
925.0,0.485771
925.5,0.482823
926.0,0.481653
926.5,0.482765
927.0,0.485116
927.5,0.487279
928.0,0.487824
928.5,0.485731
929.0,0.481611
929.5,0.476482
930.0,0.471362
930.5,0.467099
931.0,0.463865
931.5,0.46166
932.0,0.460485
932.5,0.460111
933.0,0.45939
933.5,0.456944
934.0,0.451393
934.5,0.442145
935.0,0.431739
935.5,0.423503
936.0,0.420763
936.5,0.425734
937.0,0.436202
937.5,0.448842
938.0,0.460329
938.5,0.468149
939.0,0.473031
939.5,0.476514
940.0,0.480136
940.5,0.484645
941.0,0.487618
941.5,0.485841
942.0,0.476099
942.5,0.456966
943.0,0.434173
943.5,0.415239
944.0,0.407685
944.5,0.416309
945.0,0.43502
945.5,0.455005
946.0,0.467453
946.5,0.466226
947.0,0.455888
947.5,0.44368
948.0,0.436843
948.5,0.440537
949.0,0.451613
949.5,0.464843
950.0,0.474998
950.5,0.478131
951.0,0.475413
951.5,0.469296
952.0,0.462232
952.5,0.456375
953.0,0.452683
953.5,0.451819
954.0,0.454445
954.5,0.460751
955.0,0.469048
955.5,0.477175
956.0,0.482974
956.5,0.484753
957.0,0.482694
957.5,0.477452
958.0,0.469677
958.5,0.460313
959.0,0.451468
959.5,0.445541
960.0,0.44493
960.5,0.450878
961.0,0.460001
961.5,0.46776
962.0,0.469616
962.5,0.462621
963.0,0.4502
963.5,0.43737
964.0,0.429148
964.5,0.429194
965.0,0.435748
965.5,0.445691
966.0,0.455906
966.5,0.463767
967.0,0.468609
967.5,0.47026
968.0,0.468548
968.5,0.463626
969.0,0.456959
969.5,0.450337
970.0,0.445551
970.5,0.443884
971.0,0.444589
971.5,0.446414
972.0,0.448103
972.5,0.448701
973.0,0.448445
973.5,0.447871
974.0,0.447512
974.5,0.4478
975.0,0.448742
975.5,0.450241
976.0,0.452202
976.5,0.454527
977.0,0.45712
977.5,0.459886
978.0,0.462727
978.5,0.465383
979.0,0.466935
979.5,0.466295
980.0,0.46238
980.5,0.454782
981.0,0.445806
981.5,0.438434
982.0,0.435648
982.5,0.439288
983.0,0.446614
983.5,0.453744
984.0,0.456795
984.5,0.453169
985.0,0.445402
985.5,0.437315
986.0,0.43273
986.5,0.434334
987.0,0.440293
987.5,0.44764
988.0,0.453407
988.5,0.455351
989.0,0.454123
989.5,0.451099
990.0,0.447653
990.5,0.444937
991.0,0.443208
991.5,0.442499
992.0,0.442843
992.5,0.444247
993.0,0.446603
993.5,0.449779
994.0,0.453639
994.5,0.457903
995.0,0.461692
995.5,0.463982
996.0,0.463749
996.5,0.460527
997.0,0.456097
997.5,0.452801
998.0,0.452981
998.5,0.458032
999.0,0.465575
999.5,0.472286
1000.0,0.474838
1000.5,0.471035
1001.0,0.463185
1001.5,0.45472
1002.0,0.449077
1002.5,0.448604
1003.0,0.45132
1003.5,0.454154
1004.0,0.45404
1004.5,0.448951
1005.0,0.44103
1005.5,0.433463
1006.0,0.429434
1006.5,0.431102
1007.0,0.436514
1007.5,0.442692
1008.0,0.446658
1008.5,0.446239
1009.0,0.442487
1009.5,0.437261
1010.0,0.43242
1010.5,0.429399
1011.0,0.427937
1011.5,0.427351
1012.0,0.426957
1012.5,0.426213
1013.0,0.425142
1013.5,0.423911
1014.0,0.422685
1014.5,0.421593
1015.0,0.42061
1015.5,0.419676
1016.0,0.41873
1016.5,0.417705
1017.0,0.416525
1017.5,0.415109
1018.0,0.413375
1018.5,0.411337
1019.0,0.409396
1019.5,0.408043
1020.0,0.407774
1020.5,0.40884
1021.0,0.410517
1021.5,0.411841
1022.0,0.411845
1022.5,0.409936
1023.0,0.40701
1023.5,0.404337
1024.0,0.403184
1024.5,0.404488
1025.0,0.407859
1025.5,0.412575
1026.0,0.417914
1026.5,0.423129
1027.0,0.427371
1027.5,0.429768
1028.0,0.429447
1028.5,0.426
1029.0,0.420879
1029.5,0.416
1030.0,0.41328
1030.5,0.421481
1031.0,0.422653
1031.5,0.423839
1032.0,0.424026
1032.5,0.422555
1033.0,0.420179
1033.5,0.418005
1034.0,0.417139
1034.5,0.418342
1035.0,0.420985
1035.5,0.424095
1036.0,0.426696
1036.5,0.428068
1037.0,0.428504
1037.5,0.428551
1038.0,0.428755
1038.5,0.429461
1039.0,0.430205
1039.5,0.430322
1040.0,0.429146
1040.5,0.426311
1041.0,0.422638
1041.5,0.419248
1042.0,0.417262
1042.5,0.417443
1043.0,0.419132
1043.5,0.421312
1044.0,0.422965
1044.5,0.42329
1045.0,0.422337
1045.5,0.420373
1046.0,0.417663
1046.5,0.41454
1047.0,0.411611
1047.5,0.409548
1048.0,0.409024
1048.5,0.410455
1049.0,0.413218
1049.5,0.416435
1050.0,0.419224
1050.5,0.420842
1051.0,0.421099
1051.5,0.419938
1052.0,0.417306
1052.5,0.413359
1053.0,0.409098
1053.5,0.405733
1054.0,0.404474
1054.5,0.406063
1055.0,0.409364
1055.5,0.412771
1056.0,0.414677
1056.5,0.413938
1057.0,0.411241
1057.5,0.407737
1058.0,0.404575
1058.5,0.402658
1059.0,0.401917
1059.5,0.402036
1060.0,0.4027
1060.5,0.403638
1061.0,0.404748
1061.5,0.405974
1062.0,0.407257
1062.5,0.402253
1063.0,0.401826
1063.5,0.401398
1064.0,0.40097
1064.5,0.400542
1065.0,0.400114
1065.5,0.399685
1066.0,0.399256
1066.5,0.398827
1067.0,0.398398
1067.5,0.397968
1068.0,0.397538
1068.5,0.397108
1069.0,0.396678
1069.5,0.396248
1070.0,0.395817
1070.5,0.395387
1071.0,0.394956
1071.5,0.394524
1072.0,0.394093
1072.5,0.393662
1073.0,0.39323
1073.5,0.392798
1074.0,0.392366
1074.5,0.391934
1075.0,0.391501
1075.5,0.391069
1076.0,0.390636
1076.5,0.390203
1077.0,0.38977
1077.5,0.389337
1078.0,0.388903
1078.5,0.38847
1079.0,0.388036
1079.5,0.387602
1080.0,0.387168
1080.5,0.386734
1081.0,0.3863
1081.5,0.385866
1082.0,0.385431
1082.5,0.384997
1083.0,0.384562
1083.5,0.384127
1084.0,0.383692
1084.5,0.383257
1085.0,0.382822
1085.5,0.382387
1086.0,0.381951
1086.5,0.381516
1087.0,0.38108
1087.5,0.380644
1088.0,0.380209
1088.5,0.379773
1089.0,0.379337
1089.5,0.378901
1090.0,0.378464
1090.5,0.378028
1091.0,0.377592
1091.5,0.377156
1092.0,0.376719
1092.5,0.376283
1093.0,0.375846
1093.5,0.375409
1094.0,0.374973
1094.5,0.374536
1095.0,0.374099
1095.5,0.373663
1096.0,0.373226
1096.5,0.372789
1097.0,0.372352
1097.5,0.371915
1098.0,0.371478
1098.5,0.371041
1099.0,0.370604
1099.5,0.370167
1100.0,0.369729
1100.5,0.369292
1101.0,0.368855
1101.5,0.368418
1102.0,0.367981
1102.5,0.367544
1103.0,0.367106
1103.5,0.366669
1104.0,0.366232
1104.5,0.365795
1105.0,0.365358
1105.5,0.364921
1106.0,0.364484
1106.5,0.364046
1107.0,0.363609
1107.5,0.363172
1108.0,0.362735
1108.5,0.362298
1109.0,0.361861
1109.5,0.361424
1110.0,0.360988
1110.5,0.360551
1111.0,0.360114
1111.5,0.359677
1112.0,0.35924
1112.5,0.358804
1113.0,0.358367
1113.5,0.357931
1114.0,0.357494
1114.5,0.357058
1115.0,0.356622
1115.5,0.356185
1116.0,0.355749
1116.5,0.355313
1117.0,0.354877
1117.5,0.354441
1118.0,0.354005
1118.5,0.353569
1119.0,0.353134
1119.5,0.352698
1120.0,0.352263
1120.5,0.351827
1121.0,0.351392
1121.5,0.350957
1122.0,0.350522
1122.5,0.350087
1123.0,0.349652
1123.5,0.349218
1124.0,0.348783
1124.5,0.348349
1125.0,0.347914
1125.5,0.34748
1126.0,0.347046
1126.5,0.346612
1127.0,0.346179
1127.5,0.345745
1128.0,0.345312
1128.5,0.344878
1129.0,0.344445
1129.5,0.344012
1130.0,0.343579
1130.5,0.343147
1131.0,0.342714
1131.5,0.342282
1132.0,0.34185
1132.5,0.341418
1133.0,0.340986
1133.5,0.340554
1134.0,0.340123
1134.5,0.339692
1135.0,0.339261
1135.5,0.33883
1136.0,0.338399
1136.5,0.337969
1137.0,0.337538
1137.5,0.337108
1138.0,0.336679
1138.5,0.336249
1139.0,0.33582
1139.5,0.33539
1140.0,0.334961
1140.5,0.334533
1141.0,0.334104
1141.5,0.333676
1142.0,0.333248
1142.5,0.33282
1143.0,0.332392
1143.5,0.331965
1144.0,0.331538
1144.5,0.331111
1145.0,0.330684
1145.5,0.330258
1146.0,0.329832
1146.5,0.329406
1147.0,0.328981
1147.5,0.328555
1148.0,0.32813
1148.5,0.327705
1149.0,0.327281
1149.5,0.326857
1150.0,0.326433
1150.5,0.326009
1151.0,0.325586
1151.5,0.325163
1152.0,0.32474
1152.5,0.324318
1153.0,0.323895
1153.5,0.323474
1154.0,0.323052
1154.5,0.322631
1155.0,0.32221
1155.5,0.321789
1156.0,0.321369
1156.5,0.320949
1157.0,0.320529
1157.5,0.32011
1158.0,0.319691
1158.5,0.319272
1159.0,0.318854
1159.5,0.318436
1160.0,0.318018
1160.5,0.317601
1161.0,0.317184
1161.5,0.316767
1162.0,0.316351
1162.5,0.315935
1163.0,0.315519
1163.5,0.315104
1164.0,0.314689
1164.5,0.314275
1165.0,0.313861
1165.5,0.313447
1166.0,0.313034
1166.5,0.312621
1167.0,0.312208
1167.5,0.311796
1168.0,0.311384
1168.5,0.310973
1169.0,0.310562
1169.5,0.310151
1170.0,0.309741
1170.5,0.309331
1171.0,0.308922
1171.5,0.308513
1172.0,0.308104
1172.5,0.307696
1173.0,0.307288
1173.5,0.306881
1174.0,0.306474
1174.5,0.306067
1175.0,0.305661
1175.5,0.305256
1176.0,0.304851
1176.5,0.304446
1177.0,0.304042
1177.5,0.303638
1178.0,0.303234
1178.5,0.302831
1179.0,0.302429
1179.5,0.302027
1180.0,0.301625
1180.5,0.301224
1181.0,0.300824
1181.5,0.300424
1182.0,0.300024
1182.5,0.299625
1183.0,0.299226
1183.5,0.298828
1184.0,0.29843
1184.5,0.298033
1185.0,0.297636
1185.5,0.29724
1186.0,0.296844
1186.5,0.296449
1187.0,0.296054
1187.5,0.29566
1188.0,0.295266
1188.5,0.294873
1189.0,0.29448
1189.5,0.294088
1190.0,0.293696
1190.5,0.293305
1191.0,0.292914
1191.5,0.292524
1192.0,0.292135
1192.5,0.291746
1193.0,0.291357
1193.5,0.290969
1194.0,0.290582
1194.5,0.290195
1195.0,0.289809
1195.5,0.289423
1196.0,0.289038
1196.5,0.288653
1197.0,0.288269
1197.5,0.287885
1198.0,0.287503
1198.5,0.28712
1199.0,0.286738
1199.5,0.286357
1200.0,0.285977
1200.5,0.285597
1201.0,0.285217
1201.5,0.284838
1202.0,0.28446
1202.5,0.284082
1203.0,0.283705
1203.5,0.283329
1204.0,0.282953
1204.5,0.282578
1205.0,0.282203
1205.5,0.281829
1206.0,0.281456
1206.5,0.281083
1207.0,0.280711
1207.5,0.280339
1208.0,0.279969
1208.5,0.279598
1209.0,0.279229
1209.5,0.27886
1210.0,0.278491
1210.5,0.278124
1211.0,0.277757
1211.5,0.27739
1212.0,0.277025
1212.5,0.276659
1213.0,0.276295
1213.5,0.275931
1214.0,0.275568
1214.5,0.275206
1215.0,0.274844
1215.5,0.274483
1216.0,0.274123
1216.5,0.273763
1217.0,0.273404
1217.5,0.273046
1218.0,0.272688
1218.5,0.272331
1219.0,0.271975
1219.5,0.271619
1220.0,0.271264
1220.5,0.27091
1221.0,0.270557
1221.5,0.270204
1222.0,0.269852
1222.5,0.269501
1223.0,0.26915
1223.5,0.2688
1224.0,0.268451
1224.5,0.268103
1225.0,0.267755
1225.5,0.267408
1226.0,0.267061
1226.5,0.266716
1227.0,0.266371
1227.5,0.266027
1228.0,0.265683
1228.5,0.26534
1229.0,0.264998
1229.5,0.264657
1230.0,0.264316
1230.5,0.263976
1231.0,0.263636
1231.5,0.263298
1232.0,0.26296
1232.5,0.262622
1233.0,0.262286
1233.5,0.26195
1234.0,0.261615
1234.5,0.26128
1235.0,0.260946
1235.5,0.260613
1236.0,0.260281
1236.5,0.259949
1237.0,0.259618
1237.5,0.259287
1238.0,0.258958
1238.5,0.258629
1239.0,0.2583
1239.5,0.257973
1240.0,0.257645
1240.5,0.257319
1241.0,0.256993
1241.5,0.256668
1242.0,0.256344
1242.5,0.256021
1243.0,0.255698
1243.5,0.255375
1244.0,0.255054
1244.5,0.254733
1245.0,0.254412
1245.5,0.254093
1246.0,0.253774
1246.5,0.253456
1247.0,0.253138
1247.5,0.252821
1248.0,0.252505
1248.5,0.252189
1249.0,0.251874
1249.5,0.25156
1250.0,0.251246
1250.5,0.250933
1251.0,0.250621
1251.5,0.250309
1252.0,0.249998
1252.5,0.249688
1253.0,0.249378
1253.5,0.249069
1254.0,0.248761
1254.5,0.248453
1255.0,0.248146
1255.5,0.247839
1256.0,0.247534
1256.5,0.247228
1257.0,0.246924
1257.5,0.24662
1258.0,0.246317
1258.5,0.246014
1259.0,0.245712
1259.5,0.245411
1260.0,0.24511
1260.5,0.24481
1261.0,0.244511
1261.5,0.244212
1262.0,0.243914
1262.5,0.243617
1263.0,0.24332
1263.5,0.243024
1264.0,0.242728
1264.5,0.242433
1265.0,0.242139
1265.5,0.241846
1266.0,0.241553
1266.5,0.24126
1267.0,0.240968
1267.5,0.240677
1268.0,0.240387
1268.5,0.240097
1269.0,0.239808
1269.5,0.239519
1270.0,0.239231
1270.5,0.238944
1271.0,0.238657
1271.5,0.238371
1272.0,0.238085
1272.5,0.2378
1273.0,0.237516
1273.5,0.237233
1274.0,0.23695
1274.5,0.236667
1275.0,0.236385
1275.5,0.236104
1276.0,0.235824
1276.5,0.235544
1277.0,0.235264
1277.5,0.234986
1278.0,0.234707
1278.5,0.23443
1279.0,0.234153
1279.5,0.233877
1280.0,0.233601
1280.5,0.233326
1281.0,0.233051
1281.5,0.232777
1282.0,0.232504
1282.5,0.232231
1283.0,0.231959
1283.5,0.231688
1284.0,0.231417
1284.5,0.231147
1285.0,0.230877
1285.5,0.230608
1286.0,0.230339
1286.5,0.230071
1287.0,0.229804
1287.5,0.229537
1288.0,0.229271
1288.5,0.229006
1289.0,0.228741
1289.5,0.228476
1290.0,0.228213
1290.5,0.227949
1291.0,0.227687
1291.5,0.227425
1292.0,0.227163
1292.5,0.226902
1293.0,0.226642
1293.5,0.226382
1294.0,0.226123
1294.5,0.225865
1295.0,0.225607
1295.5,0.225349
1296.0,0.225093
1296.5,0.224836
1297.0,0.224581
1297.5,0.224326
1298.0,0.224071
1298.5,0.223817
1299.0,0.223564
1299.5,0.223311
1300.0,0.223059
1300.5,0.222807
1301.0,0.222556
1301.5,0.222306
1302.0,0.222056
1302.5,0.221806
1303.0,0.221557
1303.5,0.221309
1304.0,0.221061
1304.5,0.220814
1305.0,0.220568
1305.5,0.220322
1306.0,0.220076
1306.5,0.219831
1307.0,0.219587
1307.5,0.219343
1308.0,0.2191
1308.5,0.218857
1309.0,0.218615
1309.5,0.218374
1310.0,0.218132
1310.5,0.217892
1311.0,0.217652
1311.5,0.217413
1312.0,0.217174
1312.5,0.216936
1313.0,0.216698
1313.5,0.216461
1314.0,0.216224
1314.5,0.215988
1315.0,0.215752
1315.5,0.215517
1316.0,0.215283
1316.5,0.215049
1317.0,0.214815
1317.5,0.214583
1318.0,0.21435
1318.5,0.214118
1319.0,0.213887
1319.5,0.213656
1320.0,0.213426
1320.5,0.213196
1321.0,0.212967
1321.5,0.212739
1322.0,0.212511
1322.5,0.212283
1323.0,0.212056
1323.5,0.21183
1324.0,0.211604
1324.5,0.211378
1325.0,0.211153
1325.5,0.210929
1326.0,0.210705
1326.5,0.210482
1327.0,0.210259
1327.5,0.210036
1328.0,0.209815
1328.5,0.209593
1329.0,0.209373
1329.5,0.209152
1330.0,0.208933
1330.5,0.208713
1331.0,0.208495
1331.5,0.208276
1332.0,0.208059
1332.5,0.207842
1333.0,0.207625
1333.5,0.207409
1334.0,0.207193
1334.5,0.206978
1335.0,0.206763
1335.5,0.206549
1336.0,0.206336
1336.5,0.206122
1337.0,0.20591
1337.5,0.205698
1338.0,0.205486
1338.5,0.205275
1339.0,0.205064
1339.5,0.204854
1340.0,0.204645
1340.5,0.204435
1341.0,0.204227
1341.5,0.204019
1342.0,0.203811
1342.5,0.203604
1343.0,0.203397
1343.5,0.203191
1344.0,0.202985
1344.5,0.20278
1345.0,0.202575
1345.5,0.202371
1346.0,0.202167
1346.5,0.201964
1347.0,0.201761
1347.5,0.201559
1348.0,0.201357
1348.5,0.201156
1349.0,0.200955
1349.5,0.200755
1350.0,0.200555
1350.5,0.200355
1351.0,0.200156
1351.5,0.199958
1352.0,0.19976
1352.5,0.199563
1353.0,0.199365
1353.5,0.199169
1354.0,0.198973
1354.5,0.198777
1355.0,0.198582
1355.5,0.198387
1356.0,0.198193
1356.5,0.197999
1357.0,0.197806
1357.5,0.197613
1358.0,0.197421
1358.5,0.197229
1359.0,0.197038
1359.5,0.196847
1360.0,0.196656
1360.5,0.196466
1361.0,0.196276
1361.5,0.196087
1362.0,0.195899
1362.5,0.19571
1363.0,0.195523
1363.5,0.195335
1364.0,0.195148
1364.5,0.194962
1365.0,0.194776
1365.5,0.194591
1366.0,0.194405
1366.5,0.194221
1367.0,0.194037
1367.5,0.193853
1368.0,0.19367
1368.5,0.193487
1369.0,0.193304
1369.5,0.193122
1370.0,0.192941
1370.5,0.19276
1371.0,0.192579
1371.5,0.192399
1372.0,0.192219
1372.5,0.19204
1373.0,0.191861
1373.5,0.191683
1374.0,0.191505
1374.5,0.191327
1375.0,0.19115
1375.5,0.190973
1376.0,0.190797
1376.5,0.190621
1377.0,0.190446
1377.5,0.190271
1378.0,0.190096
1378.5,0.189922
1379.0,0.189749
1379.5,0.189575
1380.0,0.189402
1380.5,0.18923
1381.0,0.189058
1381.5,0.188886
1382.0,0.188715
1382.5,0.188544
1383.0,0.188374
1383.5,0.188204
1384.0,0.188035
1384.5,0.187866
1385.0,0.187697
1385.5,0.187529
1386.0,0.187361
1386.5,0.187193
1387.0,0.187026
1387.5,0.18686
1388.0,0.186694
1388.5,0.186528
1389.0,0.186362
1389.5,0.186198
1390.0,0.186033
1390.5,0.185869
1391.0,0.185705
1391.5,0.185542
1392.0,0.185379
1392.5,0.185216
1393.0,0.185054
1393.5,0.184892
1394.0,0.184731
1394.5,0.18457
1395.0,0.184409
1395.5,0.184249
1396.0,0.184089
1396.5,0.18393
1397.0,0.183771
1397.5,0.183613
1398.0,0.183454
1398.5,0.183297
1399.0,0.183139
1399.5,0.182982
1400.0,0.182825
1400.5,0.182669
1401.0,0.182513
1401.5,0.182358
1402.0,0.182203
1402.5,0.182048
1403.0,0.181894
1403.5,0.18174
1404.0,0.181586
1404.5,0.181433
1405.0,0.18128
1405.5,0.181128
1406.0,0.180976
1406.5,0.180824
1407.0,0.180673
1407.5,0.180522
1408.0,0.180371
1408.5,0.180221
1409.0,0.180071
1409.5,0.179922
1410.0,0.179773
1410.5,0.179624
1411.0,0.179476
1411.5,0.179328
1412.0,0.17918
1412.5,0.179033
1413.0,0.178886
1413.5,0.178739
1414.0,0.178593
1414.5,0.178447
1415.0,0.178302
1415.5,0.178157
1416.0,0.178012
1416.5,0.177868
1417.0,0.177724
1417.5,0.17758
1418.0,0.177437
1418.5,0.177294
1419.0,0.177151
1419.5,0.177009
1420.0,0.176867
1420.5,0.176726
1421.0,0.176584
1421.5,0.176444
1422.0,0.176303
1422.5,0.176163
1423.0,0.176023
1423.5,0.175884
1424.0,0.175745
1424.5,0.175606
1425.0,0.175467
1425.5,0.175329
1426.0,0.175192
1426.5,0.175054
1427.0,0.174917
1427.5,0.17478
1428.0,0.174644
1428.5,0.174508
1429.0,0.174372
1429.5,0.174237
1430.0,0.174102
1430.5,0.173967
1431.0,0.173833
1431.5,0.173699
1432.0,0.173565
1432.5,0.173431
1433.0,0.173298
1433.5,0.173166
1434.0,0.173033
1434.5,0.172901
1435.0,0.172769
1435.5,0.172638
1436.0,0.172507
1436.5,0.172376
1437.0,0.172245
1437.5,0.172115
1438.0,0.171985
1438.5,0.171856
1439.0,0.171727
1439.5,0.171598
1440.0,0.171469
1440.5,0.171341
1441.0,0.171213
1441.5,0.171085
1442.0,0.170958
1442.5,0.170831
1443.0,0.170704
1443.5,0.170578
1444.0,0.170452
1444.5,0.170326
1445.0,0.1702
1445.5,0.170075
1446.0,0.16995
1446.5,0.169826
1447.0,0.169702
1447.5,0.169578
1448.0,0.169454
1448.5,0.169331
1449.0,0.169208
1449.5,0.169085
1450.0,0.168962
1450.5,0.16884
1451.0,0.168718
1451.5,0.168597
1452.0,0.168475
1452.5,0.168354
1453.0,0.168234
1453.5,0.168113
1454.0,0.167993
1454.5,0.167873
1455.0,0.167754
1455.5,0.167634
1456.0,0.167515
1456.5,0.167397
1457.0,0.167278
1457.5,0.16716
1458.0,0.167042
1458.5,0.166925
1459.0,0.166807
1459.5,0.16669
1460.0,0.166574
1460.5,0.166457
1461.0,0.166341
1461.5,0.166225
1462.0,0.166109
1462.5,0.165994
1463.0,0.165879
1463.5,0.165764
1464.0,0.16565
1464.5,0.165535
1465.0,0.165421
1465.5,0.165308
1466.0,0.165194
1466.5,0.165081
1467.0,0.164968
1467.5,0.164855
1468.0,0.164743
1468.5,0.164631
1469.0,0.164519
1469.5,0.164407
1470.0,0.164296
1470.5,0.164185
1471.0,0.164074
1471.5,0.163963
1472.0,0.163853
1472.5,0.163743
1473.0,0.163633
1473.5,0.163524
1474.0,0.163414
1474.5,0.163305
1475.0,0.163197
1475.5,0.163088
1476.0,0.16298
1476.5,0.162872
1477.0,0.162764
1477.5,0.162656
1478.0,0.162549
1478.5,0.162442
1479.0,0.162335
1479.5,0.162229
1480.0,0.162122
1480.5,0.162016
1481.0,0.16191
1481.5,0.161805
1482.0,0.161699
1482.5,0.161594
1483.0,0.161489
1483.5,0.161384
1484.0,0.16128
1484.5,0.161176
1485.0,0.161072
1485.5,0.160968
1486.0,0.160865
1486.5,0.160761
1487.0,0.160658
1487.5,0.160556
1488.0,0.160453
1488.5,0.160351
1489.0,0.160248
1489.5,0.160147
1490.0,0.160045
1490.5,0.159943
1491.0,0.159842
1491.5,0.159741
1492.0,0.15964
1492.5,0.15954
1493.0,0.159439
1493.5,0.159339
1494.0,0.159239
1494.5,0.15914
1495.0,0.15904
1495.5,0.158941
1496.0,0.158842
1496.5,0.158743
1497.0,0.158644
1497.5,0.158546
1498.0,0.158448
1498.5,0.15835
1499.0,0.158252
1499.5,0.158154
1500.0,0.158057
1500.5,0.15796
1501.0,0.157863
1501.5,0.157766
1502.0,0.157669
1502.5,0.157573
1503.0,0.157477
1503.5,0.157381
1504.0,0.157285
1504.5,0.157189
1505.0,0.157094
1505.5,0.156999
1506.0,0.156904
1506.5,0.156809
1507.0,0.156714
1507.5,0.15662
1508.0,0.156526
1508.5,0.156432
1509.0,0.156338
1509.5,0.156244
1510.0,0.156151
1510.5,0.156057
1511.0,0.155964
1511.5,0.155871
1512.0,0.155779
1512.5,0.155686
1513.0,0.155594
1513.5,0.155501
1514.0,0.155409
1514.5,0.155318
1515.0,0.155226
1515.5,0.155135
1516.0,0.155043
1516.5,0.154952
1517.0,0.154861
1517.5,0.15477
1518.0,0.15468
1518.5,0.154589
1519.0,0.154499
1519.5,0.154409
1520.0,0.154319
1520.5,0.154229
1521.0,0.15414
1521.5,0.15405
1522.0,0.153961
1522.5,0.153872
1523.0,0.153783
1523.5,0.153694
1524.0,0.153606
1524.5,0.153517
1525.0,0.153429
1525.5,0.153341
1526.0,0.153253
1526.5,0.153165
1527.0,0.153078
1527.5,0.15299
1528.0,0.152903
1528.5,0.152816
1529.0,0.152729
1529.5,0.152642
1530.0,0.152555
1530.5,0.152469
1531.0,0.152382
1531.5,0.152296
1532.0,0.15221
1532.5,0.152124
1533.0,0.152038
1533.5,0.151952
1534.0,0.151867
1534.5,0.151781
1535.0,0.151696
1535.5,0.151611
1536.0,0.151526
1536.5,0.151441
1537.0,0.151357
1537.5,0.151272
1538.0,0.151188
1538.5,0.151103
1539.0,0.151019
1539.5,0.150935
1540.0,0.150851
1540.5,0.150768
1541.0,0.150684
1541.5,0.1506
1542.0,0.150517
1542.5,0.150434
1543.0,0.150351
1543.5,0.150268
1544.0,0.150185
1544.5,0.150102
1545.0,0.15002
1545.5,0.149937
1546.0,0.149855
1546.5,0.149773
1547.0,0.14969
1547.5,0.149609
1548.0,0.149527
1548.5,0.149445
1549.0,0.149363
1549.5,0.149282
1550.0,0.1492
1550.5,0.149119
1551.0,0.149038
1551.5,0.148957
1552.0,0.148876
1552.5,0.148795
1553.0,0.148714
1553.5,0.148634
1554.0,0.148553
1554.5,0.148473
1555.0,0.148392
1555.5,0.148312
1556.0,0.148232
1556.5,0.148152
1557.0,0.148072
1557.5,0.147992
1558.0,0.147913
1558.5,0.147833
1559.0,0.147754
1559.5,0.147674
1560.0,0.147595
1560.5,0.147516
1561.0,0.147437
1561.5,0.147358
1562.0,0.147279
1562.5,0.1472
1563.0,0.147121
1563.5,0.147043
1564.0,0.146964
1564.5,0.146886
1565.0,0.146807
1565.5,0.146729
1566.0,0.146651
1566.5,0.146573
1567.0,0.146495
1567.5,0.146417
1568.0,0.146339
1568.5,0.146261
1569.0,0.146183
1569.5,0.146106
1570.0,0.146028
1570.5,0.145951
1571.0,0.145873
1571.5,0.145796
1572.0,0.145719
1572.5,0.145641
1573.0,0.145564
1573.5,0.145487
1574.0,0.14541
1574.5,0.145333
1575.0,0.145257
1575.5,0.14518
1576.0,0.145103
1576.5,0.145027
1577.0,0.14495
1577.5,0.144874
1578.0,0.144797
1578.5,0.144721
1579.0,0.144645
1579.5,0.144568
1580.0,0.144492
1580.5,0.144416
1581.0,0.14434
1581.5,0.144264
1582.0,0.144188
1582.5,0.144112
1583.0,0.144036
1583.5,0.143961
1584.0,0.143885
1584.5,0.143809
1585.0,0.143734
1585.5,0.143658
1586.0,0.143583
1586.5,0.143507
1587.0,0.143432
1587.5,0.143356
1588.0,0.143281
1588.5,0.143206
1589.0,0.14313
1589.5,0.143055
1590.0,0.14298
1590.5,0.142905
1591.0,0.14283
1591.5,0.142755
1592.0,0.14268
1592.5,0.142605
1593.0,0.14253
1593.5,0.142455
1594.0,0.14238
1594.5,0.142305
1595.0,0.142231
1595.5,0.142156
1596.0,0.142081
1596.5,0.142007
1597.0,0.141932
1597.5,0.141857
1598.0,0.141783
1598.5,0.141708
1599.0,0.141634
1599.5,0.141559
1600.0,0.141485
1600.5,0.14141
1601.0,0.141336
1601.5,0.141261
1602.0,0.141187
1602.5,0.141112
1603.0,0.141038
1603.5,0.140964
1604.0,0.140889
1604.5,0.140815
1605.0,0.140741
1605.5,0.140666
1606.0,0.140592
1606.5,0.140518
1607.0,0.140444
1607.5,0.140369
1608.0,0.140295
1608.5,0.140221
1609.0,0.140147
1609.5,0.140073
1610.0,0.139998
1610.5,0.139924
1611.0,0.13985
1611.5,0.139776
1612.0,0.139702
1612.5,0.139627
1613.0,0.139553
1613.5,0.139479
1614.0,0.139405
1614.5,0.139331
1615.0,0.139256
1615.5,0.139182
1616.0,0.139108
1616.5,0.139034
1617.0,0.13896
1617.5,0.138885
1618.0,0.138811
1618.5,0.138737
1619.0,0.138663
1619.5,0.138588
1620.0,0.138514
1620.5,0.13844
1621.0,0.138366
1621.5,0.138291
1622.0,0.138217
1622.5,0.138143
1623.0,0.138068
1623.5,0.137994
1624.0,0.137919
1624.5,0.137845
1625.0,0.137771
1625.5,0.137696
1626.0,0.137622
1626.5,0.137547
1627.0,0.137472
1627.5,0.137398
1628.0,0.137323
1628.5,0.137249
1629.0,0.137174
1629.5,0.137099
1630.0,0.137025
1630.5,0.13695
1631.0,0.136875
1631.5,0.1368
1632.0,0.136726
1632.5,0.136651
1633.0,0.136576
1633.5,0.136501
1634.0,0.136426
1634.5,0.136351
1635.0,0.136276
1635.5,0.136201
1636.0,0.136126
1636.5,0.13605
1637.0,0.135975
1637.5,0.1359
1638.0,0.135825
1638.5,0.135749
1639.0,0.135674
1639.5,0.135599
1640.0,0.135523
1640.5,0.135448
1641.0,0.135372
1641.5,0.135297
1642.0,0.135221
1642.5,0.135146
1643.0,0.13507
1643.5,0.134995
1644.0,0.134919
1644.5,0.134843
1645.0,0.134768
1645.5,0.134692
1646.0,0.134616
1646.5,0.13454
1647.0,0.134464
1647.5,0.134389
1648.0,0.134313
1648.5,0.134237
1649.0,0.134161
1649.5,0.134085
1650.0,0.134009
1650.5,0.133933
1651.0,0.133856
1651.5,0.13378
1652.0,0.133704
1652.5,0.133628
1653.0,0.133552
1653.5,0.133475
1654.0,0.133399
1654.5,0.133323
1655.0,0.133246
1655.5,0.13317
1656.0,0.133094
1656.5,0.133017
1657.0,0.132941
1657.5,0.132864
1658.0,0.132788
1658.5,0.132711
1659.0,0.132634
1659.5,0.132558
1660.0,0.132481
1660.5,0.132404
1661.0,0.132328
1661.5,0.132251
1662.0,0.132174
1662.5,0.132097
1663.0,0.13202
1663.5,0.131944
1664.0,0.131867
1664.5,0.13179
1665.0,0.131713
1665.5,0.131636
1666.0,0.131559
1666.5,0.131482
1667.0,0.131405
1667.5,0.131327
1668.0,0.13125
1668.5,0.131173
1669.0,0.131096
1669.5,0.131019
1670.0,0.130941
1670.5,0.130864
1671.0,0.130787
1671.5,0.130709
1672.0,0.130632
1672.5,0.130555
1673.0,0.130477
1673.5,0.1304
1674.0,0.130322
1674.5,0.130245
1675.0,0.130167
1675.5,0.13009
1676.0,0.130012
1676.5,0.129934
1677.0,0.129857
1677.5,0.129779
1678.0,0.129701
1678.5,0.129624
1679.0,0.129546
1679.5,0.129468
1680.0,0.12939
1680.5,0.129312
1681.0,0.129234
1681.5,0.129157
1682.0,0.129079
1682.5,0.129001
1683.0,0.128923
1683.5,0.128845
1684.0,0.128767
1684.5,0.128689
1685.0,0.12861
1685.5,0.128532
1686.0,0.128454
1686.5,0.128376
1687.0,0.128298
1687.5,0.12822
1688.0,0.128141
1688.5,0.128063
1689.0,0.127985
1689.5,0.127907
1690.0,0.127828
1690.5,0.12775
1691.0,0.127671
1691.5,0.127593
1692.0,0.127515
1692.5,0.127436
1693.0,0.127358
1693.5,0.127279
1694.0,0.1272
1694.5,0.127122
1695.0,0.127043
1695.5,0.126965
1696.0,0.126886
1696.5,0.126807
1697.0,0.126729
1697.5,0.12665
1698.0,0.126571
1698.5,0.126492
1699.0,0.126414
1699.5,0.126335
1700.0,0.126256
1700.5,0.126177
1701.0,0.126098
1701.5,0.126019
1702.0,0.12594
1702.5,0.125861
1703.0,0.125782
1703.5,0.125703
1704.0,0.125624
1704.5,0.125545
1705.0,0.125466
1705.5,0.125387
1706.0,0.125308
1706.5,0.125229
1707.0,0.12515
1707.5,0.12507
1708.0,0.124991
1708.5,0.124912
1709.0,0.124833
1709.5,0.124754
1710.0,0.124674
1710.5,0.124595
1711.0,0.124516
1711.5,0.124436
1712.0,0.124357
1712.5,0.124277
1713.0,0.124198
1713.5,0.124118
1714.0,0.124039
1714.5,0.123959
1715.0,0.12388
1715.5,0.1238
1716.0,0.123721
1716.5,0.123641
1717.0,0.123562
1717.5,0.123482
1718.0,0.123402
1718.5,0.123323
1719.0,0.123243
1719.5,0.123163
1720.0,0.123084
1720.5,0.123004
1721.0,0.122924
1721.5,0.122844
1722.0,0.122764
1722.5,0.122685
1723.0,0.122605
1723.5,0.122525
1724.0,0.122445
1724.5,0.122365
1725.0,0.122285
1725.5,0.122205
1726.0,0.122125
1726.5,0.122045
1727.0,0.121965
1727.5,0.121885
1728.0,0.121805
1728.5,0.121725
1729.0,0.121645
1729.5,0.121565
1730.0,0.121485
1730.5,0.121405
1731.0,0.121324
1731.5,0.121244
1732.0,0.121164
1732.5,0.121084
1733.0,0.121004
1733.5,0.120923
1734.0,0.120843
1734.5,0.120763
1735.0,0.120682
1735.5,0.120602
1736.0,0.120522
1736.5,0.120441
1737.0,0.120361
1737.5,0.120281
1738.0,0.1202
1738.5,0.12012
1739.0,0.120039
1739.5,0.119959
1740.0,0.119878
1740.5,0.119798
1741.0,0.119717
1741.5,0.119637
1742.0,0.119556
1742.5,0.119476
1743.0,0.119395
1743.5,0.119314
1744.0,0.119234
1744.5,0.119153
1745.0,0.119072
1745.5,0.118992
1746.0,0.118911
1746.5,0.11883
1747.0,0.11875
1747.5,0.118669
1748.0,0.118588
1748.5,0.118507
1749.0,0.118427
1749.5,0.118346
1750.0,0.118265
1750.5,0.118184
1751.0,0.118103
1751.5,0.118022
1752.0,0.117941
1752.5,0.117861
1753.0,0.11778
1753.5,0.117699
1754.0,0.117618
1754.5,0.117537
1755.0,0.117456
1755.5,0.117375
1756.0,0.117294
1756.5,0.117213
1757.0,0.117132
1757.5,0.117051
1758.0,0.11697
1758.5,0.116889
1759.0,0.116808
1759.5,0.116726
1760.0,0.116645
1760.5,0.116564
1761.0,0.116483
1761.5,0.116402
1762.0,0.116321
1762.5,0.116239
1763.0,0.116158
1763.5,0.116077
1764.0,0.115996
1764.5,0.115915
1765.0,0.115833
1765.5,0.115752
1766.0,0.115671
1766.5,0.115589
1767.0,0.115508
1767.5,0.115427
1768.0,0.115345
1768.5,0.115264
1769.0,0.115183
1769.5,0.115101
1770.0,0.11502
1770.5,0.114939
1771.0,0.114857
1771.5,0.114776
1772.0,0.114694
1772.5,0.114613
1773.0,0.114531
1773.5,0.11445
1774.0,0.114368
1774.5,0.114287
1775.0,0.114205
1775.5,0.114124
1776.0,0.114042
1776.5,0.113961
1777.0,0.113879
1777.5,0.113798
1778.0,0.113716
1778.5,0.113635
1779.0,0.113553
1779.5,0.113471
1780.0,0.11339
1780.5,0.113308
1781.0,0.113227
1781.5,0.113145
1782.0,0.113063
1782.5,0.112982
1783.0,0.1129
1783.5,0.112818
1784.0,0.112736
1784.5,0.112655
1785.0,0.112573
1785.5,0.112491
1786.0,0.11241
1786.5,0.112328
1787.0,0.112246
1787.5,0.112164
1788.0,0.112083
1788.5,0.112001
1789.0,0.111919
1789.5,0.111837
1790.0,0.111755
1790.5,0.111673
1791.0,0.111592
1791.5,0.11151
1792.0,0.111428
1792.5,0.111346
1793.0,0.111264
1793.5,0.111182
1794.0,0.1111
1794.5,0.111019
1795.0,0.110937
1795.5,0.110855
1796.0,0.110773
1796.5,0.110691
1797.0,0.110609
1797.5,0.110527
1798.0,0.110445
1798.5,0.110363
1799.0,0.110281
1799.5,0.110199
1800.0,0.110117
1800.5,0.110035
1801.0,0.109953
1801.5,0.109871
1802.0,0.109789
1802.5,0.109707
1803.0,0.109625
1803.5,0.109543
1804.0,0.109461
1804.5,0.109379
1805.0,0.109297
1805.5,0.109215
1806.0,0.109133
1806.5,0.109051
1807.0,0.108969
1807.5,0.108886
1808.0,0.108804
1808.5,0.108722
1809.0,0.10864
1809.5,0.108558
1810.0,0.108476
1810.5,0.108394
1811.0,0.108312
1811.5,0.108229
1812.0,0.108147
1812.5,0.108065
1813.0,0.107983
1813.5,0.107901
1814.0,0.107819
1814.5,0.107737
1815.0,0.107654
1815.5,0.107572
1816.0,0.10749
1816.5,0.107408
1817.0,0.107326
1817.5,0.107243
1818.0,0.107161
1818.5,0.107079
1819.0,0.106997
1819.5,0.106915
1820.0,0.106832
1820.5,0.10675
1821.0,0.106668
1821.5,0.106586
1822.0,0.106503
1822.5,0.106421
1823.0,0.106339
1823.5,0.106257
1824.0,0.106174
1824.5,0.106092
1825.0,0.10601
1825.5,0.105928
1826.0,0.105845
1826.5,0.105763
1827.0,0.105681
1827.5,0.105598
1828.0,0.105516
1828.5,0.105434
1829.0,0.105352
1829.5,0.105269
1830.0,0.105187
1830.5,0.105105
1831.0,0.105022
1831.5,0.10494
1832.0,0.104858
1832.5,0.104776
1833.0,0.104693
1833.5,0.104611
1834.0,0.104529
1834.5,0.104446
1835.0,0.104364
1835.5,0.104282
1836.0,0.104199
1836.5,0.104117
1837.0,0.104035
1837.5,0.103952
1838.0,0.10387
1838.5,0.103788
1839.0,0.103705
1839.5,0.103623
1840.0,0.103541
1840.5,0.103458
1841.0,0.103376
1841.5,0.103294
1842.0,0.103211
1842.5,0.103129
1843.0,0.103047
1843.5,0.102964
1844.0,0.102882
1844.5,0.1028
1845.0,0.102717
1845.5,0.102635
1846.0,0.102553
1846.5,0.10247
1847.0,0.102388
1847.5,0.102306
1848.0,0.102223
1848.5,0.102141
1849.0,0.102059
1849.5,0.101976
1850.0,0.101894
1850.5,0.101812
1851.0,0.101729
1851.5,0.101647
1852.0,0.101565
1852.5,0.101482
1853.0,0.1014
1853.5,0.101318
1854.0,0.101235
1854.5,0.101153
1855.0,0.101071
1855.5,0.100988
1856.0,0.100906
1856.5,0.100824
1857.0,0.100741
1857.5,0.100659
1858.0,0.100577
1858.5,0.100495
1859.0,0.100412
1859.5,0.10033
1860.0,0.100248
1860.5,0.100165
1861.0,0.100083
1861.5,0.100001
1862.0,0.099918
1862.5,0.099836
1863.0,0.099754
1863.5,0.099672
1864.0,0.099589
1864.5,0.099507
1865.0,0.099425
1865.5,0.099342
1866.0,0.09926
1866.5,0.099178
1867.0,0.099096
1867.5,0.099013
1868.0,0.098931
1868.5,0.098849
1869.0,0.098767
1869.5,0.098684
1870.0,0.098602
1870.5,0.09852
1871.0,0.098438
1871.5,0.098355
1872.0,0.098273
1872.5,0.098191
1873.0,0.098109
1873.5,0.098026
1874.0,0.097944
1874.5,0.097862
1875.0,0.09778
1875.5,0.097698
1876.0,0.097615
1876.5,0.097533
1877.0,0.097451
1877.5,0.097369
1878.0,0.097287
1878.5,0.097205
1879.0,0.097122
1879.5,0.09704
1880.0,0.096958
1880.5,0.096876
1881.0,0.096794
1881.5,0.096712
1882.0,0.096629
1882.5,0.096547
1883.0,0.096465
1883.5,0.096383
1884.0,0.096301
1884.5,0.096219
1885.0,0.096137
1885.5,0.096055
1886.0,0.095973
1886.5,0.095891
1887.0,0.095809
1887.5,0.095726
1888.0,0.095644
1888.5,0.095562
1889.0,0.09548
1889.5,0.095398
1890.0,0.095316
1890.5,0.095234
1891.0,0.095152
1891.5,0.09507
1892.0,0.094988
1892.5,0.094906
1893.0,0.094824
1893.5,0.094742
1894.0,0.09466
1894.5,0.094578
1895.0,0.094496
1895.5,0.094414
1896.0,0.094333
1896.5,0.094251
1897.0,0.094169
1897.5,0.094087
1898.0,0.094005
1898.5,0.093923
1899.0,0.093841
1899.5,0.093759
1900.0,0.093677
1900.5,0.093595
1901.0,0.093514
1901.5,0.093432
1902.0,0.09335
1902.5,0.093268
1903.0,0.093186
1903.5,0.093105
1904.0,0.093023
1904.5,0.092941
1905.0,0.092859
1905.5,0.092777
1906.0,0.092696
1906.5,0.092614
1907.0,0.092532
1907.5,0.09245
1908.0,0.092369
1908.5,0.092287
1909.0,0.092205
1909.5,0.092124
1910.0,0.092042
1910.5,0.09196
1911.0,0.091879
1911.5,0.091797
1912.0,0.091715
1912.5,0.091634
1913.0,0.091552
1913.5,0.091471
1914.0,0.091389
1914.5,0.091307
1915.0,0.091226
1915.5,0.091144
1916.0,0.091063
1916.5,0.090981
1917.0,0.0909
1917.5,0.090818
1918.0,0.090737
1918.5,0.090655
1919.0,0.090574
1919.5,0.090492
1920.0,0.090411
1920.5,0.090329
1921.0,0.090248
1921.5,0.090166
1922.0,0.090085
1922.5,0.090004
1923.0,0.089922
1923.5,0.089841
1924.0,0.08976
1924.5,0.089678
1925.0,0.089597
1925.5,0.089516
1926.0,0.089434
1926.5,0.089353
1927.0,0.089272
1927.5,0.08919
1928.0,0.089109
1928.5,0.089028
1929.0,0.088947
1929.5,0.088866
1930.0,0.088784
1930.5,0.088703
1931.0,0.088622
1931.5,0.088541
1932.0,0.08846
1932.5,0.088379
1933.0,0.088297
1933.5,0.088216
1934.0,0.088135
1934.5,0.088054
1935.0,0.087973
1935.5,0.087892
1936.0,0.087811
1936.5,0.08773
1937.0,0.087649
1937.5,0.087568
1938.0,0.087487
1938.5,0.087406
1939.0,0.087325
1939.5,0.087244
1940.0,0.087163
1940.5,0.087083
1941.0,0.087002
1941.5,0.086921
1942.0,0.08684
1942.5,0.086759
1943.0,0.086678
1943.5,0.086598
1944.0,0.086517
1944.5,0.086436
1945.0,0.086355
1945.5,0.086274
1946.0,0.086194
1946.5,0.086113
1947.0,0.086032
1947.5,0.085952
1948.0,0.085871
1948.5,0.08579
1949.0,0.08571
1949.5,0.085629
1950.0,0.085549
1950.5,0.085468
1951.0,0.085388
1951.5,0.085307
1952.0,0.085226
1952.5,0.085146
1953.0,0.085065
1953.5,0.084985
1954.0,0.084905
1954.5,0.084824
1955.0,0.084744
1955.5,0.084663
1956.0,0.084583
1956.5,0.084503
1957.0,0.084422
1957.5,0.084342
1958.0,0.084262
1958.5,0.084181
1959.0,0.084101
1959.5,0.084021
1960.0,0.083941
1960.5,0.08386
1961.0,0.08378
1961.5,0.0837
1962.0,0.08362
1962.5,0.08354
1963.0,0.08346
1963.5,0.08338
1964.0,0.083299
1964.5,0.083219
1965.0,0.083139
1965.5,0.083059
1966.0,0.082979
1966.5,0.082899
1967.0,0.082819
1967.5,0.082739
1968.0,0.08266
1968.5,0.08258
1969.0,0.0825
1969.5,0.08242
1970.0,0.08234
1970.5,0.08226
1971.0,0.08218
1971.5,0.082101
1972.0,0.082021
1972.5,0.081941
1973.0,0.081861
1973.5,0.081782
1974.0,0.081702
1974.5,0.081622
1975.0,0.081543
1975.5,0.081463
1976.0,0.081384
1976.5,0.081304
1977.0,0.081224
1977.5,0.081145
1978.0,0.081065
1978.5,0.080986
1979.0,0.080906
1979.5,0.080827
1980.0,0.080748
1980.5,0.080668
1981.0,0.080589
1981.5,0.080509
1982.0,0.08043
1982.5,0.080351
1983.0,0.080272
1983.5,0.080192
1984.0,0.080113
1984.5,0.080034
1985.0,0.079955
1985.5,0.079875
1986.0,0.079796
1986.5,0.079717
1987.0,0.079638
1987.5,0.079559
1988.0,0.07948
1988.5,0.079401
1989.0,0.079322
1989.5,0.079243
1990.0,0.079164
1990.5,0.079085
1991.0,0.079006
1991.5,0.078927
1992.0,0.078848
1992.5,0.078769
1993.0,0.078691
1993.5,0.078612
1994.0,0.078533
1994.5,0.078454
1995.0,0.078375
1995.5,0.078297
1996.0,0.078218
1996.5,0.078139
1997.0,0.078061
1997.5,0.077982
1998.0,0.077904
1998.5,0.077825
1999.0,0.077746
1999.5,0.077668
2000.0,0.077589
2000.5,0.077511
2001.0,0.077433
2001.5,0.077354
2002.0,0.077276
2002.5,0.077197
2003.0,0.077119
2003.5,0.077041
2004.0,0.076963
2004.5,0.076884
2005.0,0.076806
2005.5,0.076728
2006.0,0.07665
2006.5,0.076571
2007.0,0.076493
2007.5,0.076415
2008.0,0.076337
2008.5,0.076259
2009.0,0.076181
2009.5,0.076103
2010.0,0.076025
2010.5,0.075947
2011.0,0.075869
2011.5,0.075791
2012.0,0.075714
2012.5,0.075636
2013.0,0.075558
2013.5,0.07548
2014.0,0.075402
2014.5,0.075325
2015.0,0.075247
2015.5,0.075169
2016.0,0.075092
2016.5,0.075014
2017.0,0.074936
2017.5,0.074859
2018.0,0.074781
2018.5,0.074704
2019.0,0.074626
2019.5,0.074549
2020.0,0.074472
2020.5,0.074394
2021.0,0.074317
2021.5,0.074239
2022.0,0.074162
2022.5,0.074085
2023.0,0.074008
2023.5,0.07393
2024.0,0.073853
2024.5,0.073776
2025.0,0.073699
2025.5,0.073622
2026.0,0.073545
2026.5,0.073468
2027.0,0.073391
2027.5,0.073314
2028.0,0.073237
2028.5,0.07316
2029.0,0.073083
2029.5,0.073006
2030.0,0.072929
2030.5,0.072852
2031.0,0.072776
2031.5,0.072699
2032.0,0.072622
2032.5,0.072546
2033.0,0.072469
2033.5,0.072392
2034.0,0.072316
2034.5,0.072239
2035.0,0.072163
2035.5,0.072086
2036.0,0.07201
2036.5,0.071933
2037.0,0.071857
2037.5,0.07178
2038.0,0.071704
2038.5,0.071628
2039.0,0.071551
2039.5,0.071475
2040.0,0.071399
2040.5,0.071323
2041.0,0.071247
2041.5,0.071171
2042.0,0.071094
2042.5,0.071018
2043.0,0.070942
2043.5,0.070866
2044.0,0.07079
2044.5,0.070714
2045.0,0.070639
2045.5,0.070563
2046.0,0.070487
2046.5,0.070411
2047.0,0.070335
2047.5,0.07026
2048.0,0.070184
2048.5,0.070108
2049.0,0.070033
2049.5,0.069957
2050.0,0.069881
2050.5,0.069806
2051.0,0.06973
2051.5,0.069655
2052.0,0.069579
2052.5,0.069504
2053.0,0.069429
2053.5,0.069353
2054.0,0.069278
2054.5,0.069203
2055.0,0.069128
2055.5,0.069052
2056.0,0.068977
2056.5,0.068902
2057.0,0.068827
2057.5,0.068752
2058.0,0.068677
2058.5,0.068602
2059.0,0.068527
2059.5,0.068452
2060.0,0.068377
2060.5,0.068302
2061.0,0.068227
2061.5,0.068153
2062.0,0.068078
2062.5,0.068003
2063.0,0.067929
2063.5,0.067854
2064.0,0.067779
2064.5,0.067705
2065.0,0.06763
2065.5,0.067556
2066.0,0.067481
2066.5,0.067407
2067.0,0.067332
2067.5,0.067258
2068.0,0.067184
2068.5,0.067109
2069.0,0.067035
2069.5,0.066961
2070.0,0.066887
2070.5,0.066813
2071.0,0.066739
2071.5,0.066664
2072.0,0.06659
2072.5,0.066516
2073.0,0.066443
2073.5,0.066369
2074.0,0.066295
2074.5,0.066221
2075.0,0.066147
2075.5,0.066073
2076.0,0.066
2076.5,0.065926
2077.0,0.065852
2077.5,0.065779
2078.0,0.065705
2078.5,0.065631
2079.0,0.065558
2079.5,0.065485
2080.0,0.065411
2080.5,0.065338
2081.0,0.065264
2081.5,0.065191
2082.0,0.065118
2082.5,0.065044
2083.0,0.064971
2083.5,0.064898
2084.0,0.064825
2084.5,0.064752
2085.0,0.064679
2085.5,0.064606
2086.0,0.064533
2086.5,0.06446
2087.0,0.064387
2087.5,0.064314
2088.0,0.064241
2088.5,0.064169
2089.0,0.064096
2089.5,0.064023
2090.0,0.063951
2090.5,0.063878
2091.0,0.063805
2091.5,0.063733
2092.0,0.06366
2092.5,0.063588
2093.0,0.063516
2093.5,0.063443
2094.0,0.063371
2094.5,0.063299
2095.0,0.063226
2095.5,0.063154
2096.0,0.063082
2096.5,0.06301
2097.0,0.062938
2097.5,0.062866
2098.0,0.062794
2098.5,0.062722
2099.0,0.06265
2099.5,0.062578
2100.0,0.062506
2100.5,0.062434
2101.0,0.062363
2101.5,0.062291
2102.0,0.062219
2102.5,0.062148
2103.0,0.062076
2103.5,0.062004
2104.0,0.061933
2104.5,0.061861
2105.0,0.06179
2105.5,0.061719
2106.0,0.061647
2106.5,0.061576
2107.0,0.061505
2107.5,0.061434
2108.0,0.061362
2108.5,0.061291
2109.0,0.06122
2109.5,0.061149
2110.0,0.061078
2110.5,0.061007
2111.0,0.060936
2111.5,0.060865
2112.0,0.060795
2112.5,0.060724
2113.0,0.060653
2113.5,0.060582
2114.0,0.060512
2114.5,0.060441
2115.0,0.060371
2115.5,0.0603
2116.0,0.06023
2116.5,0.060159
2117.0,0.060089
2117.5,0.060018
2118.0,0.059948
2118.5,0.059878
2119.0,0.059808
2119.5,0.059737
2120.0,0.059667
2120.5,0.059597
2121.0,0.059527
2121.5,0.059457
2122.0,0.059387
2122.5,0.059317
2123.0,0.059248
2123.5,0.059178
2124.0,0.059108
2124.5,0.059038
2125.0,0.058969
2125.5,0.058899
2126.0,0.058829
2126.5,0.05876
2127.0,0.05869
2127.5,0.058621
2128.0,0.058552
2128.5,0.058482
2129.0,0.058413
2129.5,0.058344
2130.0,0.058275
2130.5,0.058205
2131.0,0.058136
2131.5,0.058067
2132.0,0.057998
2132.5,0.057929
2133.0,0.05786
2133.5,0.057791
2134.0,0.057723
2134.5,0.057654
2135.0,0.057585
2135.5,0.057516
2136.0,0.057448
2136.5,0.057379
2137.0,0.05731
2137.5,0.057242
2138.0,0.057174
2138.5,0.057105
2139.0,0.057037
2139.5,0.056968
2140.0,0.0569
2140.5,0.056832
2141.0,0.056764
2141.5,0.056696
2142.0,0.056628
2142.5,0.05656
2143.0,0.056492
2143.5,0.056424
2144.0,0.056356
2144.5,0.056288
2145.0,0.05622
2145.5,0.056152
2146.0,0.056085
2146.5,0.056017
2147.0,0.05595
2147.5,0.055882
2148.0,0.055814
2148.5,0.055747
2149.0,0.05568
2149.5,0.055612
2150.0,0.055545
2150.5,0.055478
2151.0,0.055411
2151.5,0.055343
2152.0,0.055276
2152.5,0.055209
2153.0,0.055142
2153.5,0.055075
2154.0,0.055008
2154.5,0.054942
2155.0,0.054875
2155.5,0.054808
2156.0,0.054741
2156.5,0.054675
2157.0,0.054608
2157.5,0.054542
2158.0,0.054475
2158.5,0.054409
2159.0,0.054342
2159.5,0.054276
2160.0,0.05421
2160.5,0.054143
2161.0,0.054077
2161.5,0.054011
2162.0,0.053945
2162.5,0.053879
2163.0,0.053813
2163.5,0.053747
2164.0,0.053681
2164.5,0.053615
2165.0,0.05355
2165.5,0.053484
2166.0,0.053418
2166.5,0.053353
2167.0,0.053287
2167.5,0.053222
2168.0,0.053156
2168.5,0.053091
2169.0,0.053025
2169.5,0.05296
2170.0,0.052895
2170.5,0.05283
2171.0,0.052765
2171.5,0.052699
2172.0,0.052634
2172.5,0.052569
2173.0,0.052505
2173.5,0.05244
2174.0,0.052375
2174.5,0.05231
2175.0,0.052245
2175.5,0.052181
2176.0,0.052116
2176.5,0.052052
2177.0,0.051987
2177.5,0.051923
2178.0,0.051858
2178.5,0.051794
2179.0,0.05173
2179.5,0.051665
2180.0,0.051601
2180.5,0.051537
2181.0,0.051473
2181.5,0.051409
2182.0,0.051345
2182.5,0.051281
2183.0,0.051217
2183.5,0.051154
2184.0,0.05109
2184.5,0.051026
2185.0,0.050962
2185.5,0.050899
2186.0,0.050835
2186.5,0.050772
2187.0,0.050709
2187.5,0.050645
2188.0,0.050582
2188.5,0.050519
2189.0,0.050455
2189.5,0.050392
2190.0,0.050329
2190.5,0.050266
2191.0,0.050203
2191.5,0.05014
2192.0,0.050078
2192.5,0.050015
2193.0,0.049952
2193.5,0.049889
2194.0,0.049827
2194.5,0.049764
2195.0,0.049702
2195.5,0.049639
2196.0,0.049577
2196.5,0.049514
2197.0,0.049452
2197.5,0.04939
2198.0,0.049328
2198.5,0.049266
2199.0,0.049204
2199.5,0.049142
2200.0,0.04908
2200.5,0.049018
2201.0,0.048956
2201.5,0.048894
2202.0,0.048832
2202.5,0.048771
2203.0,0.048709
2203.5,0.048647
2204.0,0.048586
2204.5,0.048524
2205.0,0.048463
2205.5,0.048402
2206.0,0.04834
2206.5,0.048279
2207.0,0.048218
2207.5,0.048157
2208.0,0.048096
2208.5,0.048035
2209.0,0.047974
2209.5,0.047913
2210.0,0.047852
2210.5,0.047791
2211.0,0.04773
2211.5,0.04767
2212.0,0.047609
2212.5,0.047549
2213.0,0.047488
2213.5,0.047428
2214.0,0.047367
2214.5,0.047307
2215.0,0.047246
2215.5,0.047186
2216.0,0.047126
2216.5,0.047066
2217.0,0.047006
2217.5,0.046946
2218.0,0.046886
2218.5,0.046826
2219.0,0.046766
2219.5,0.046706
2220.0,0.046646
2220.5,0.046587
2221.0,0.046527
2221.5,0.046467
2222.0,0.046408
2222.5,0.046348
2223.0,0.046289
2223.5,0.04623
2224.0,0.04617
2224.5,0.046111
2225.0,0.046052
2225.5,0.045993
2226.0,0.045933
2226.5,0.045874
2227.0,0.045815
2227.5,0.045756
2228.0,0.045698
2228.5,0.045639
2229.0,0.04558
2229.5,0.045521
2230.0,0.045462
2230.5,0.045404
2231.0,0.045345
2231.5,0.045287
2232.0,0.045228
2232.5,0.04517
2233.0,0.045112
2233.5,0.045053
2234.0,0.044995
2234.5,0.044937
2235.0,0.044879
2235.5,0.044821
2236.0,0.044762
2236.5,0.044705
2237.0,0.044647
2237.5,0.044589
2238.0,0.044531
2238.5,0.044473
2239.0,0.044415
2239.5,0.044358
2240.0,0.0443
2240.5,0.044243
2241.0,0.044185
2241.5,0.044128
2242.0,0.04407
2242.5,0.044013
2243.0,0.043956
2243.5,0.043898
2244.0,0.043841
2244.5,0.043784
2245.0,0.043727
2245.5,0.04367
2246.0,0.043613
2246.5,0.043556
2247.0,0.043499
2247.5,0.043442
2248.0,0.043386
2248.5,0.043329
2249.0,0.043272
2249.5,0.043216
2250.0,0.043159
2250.5,0.043103
2251.0,0.043046
2251.5,0.04299
2252.0,0.042934
2252.5,0.042877
2253.0,0.042821
2253.5,0.042765
2254.0,0.042709
2254.5,0.042653
2255.0,0.042597
2255.5,0.042541
2256.0,0.042485
2256.5,0.042429
2257.0,0.042373
2257.5,0.042317
2258.0,0.042262
2258.5,0.042206
2259.0,0.042151
2259.5,0.042095
2260.0,0.042039
2260.5,0.041984
2261.0,0.041929
2261.5,0.041873
2262.0,0.041818
2262.5,0.041763
2263.0,0.041708
2263.5,0.041653
2264.0,0.041597
2264.5,0.041542
2265.0,0.041488
2265.5,0.041433
2266.0,0.041378
2266.5,0.041323
2267.0,0.041268
2267.5,0.041214
2268.0,0.041159
2268.5,0.041104
2269.0,0.04105
2269.5,0.040995
2270.0,0.040941
2270.5,0.040886
2271.0,0.040832
2271.5,0.040778
2272.0,0.040724
2272.5,0.040669
2273.0,0.040615
2273.5,0.040561
2274.0,0.040507
2274.5,0.040453
2275.0,0.040399
2275.5,0.040345
2276.0,0.040292
2276.5,0.040238
2277.0,0.040184
2277.5,0.040131
2278.0,0.040077
2278.5,0.040023
2279.0,0.03997
2279.5,0.039916
2280.0,0.039863
2280.5,0.03981
2281.0,0.039756
2281.5,0.039703
2282.0,0.03965
2282.5,0.039597
2283.0,0.039544
2283.5,0.039491
2284.0,0.039438
2284.5,0.039385
2285.0,0.039332
2285.5,0.039279
2286.0,0.039226
2286.5,0.039174
2287.0,0.039121
2287.5,0.039068
2288.0,0.039016
2288.5,0.038963
2289.0,0.038911
2289.5,0.038858
2290.0,0.038806
2290.5,0.038754
2291.0,0.038701
2291.5,0.038649
2292.0,0.038597
2292.5,0.038545
2293.0,0.038493
2293.5,0.038441
2294.0,0.038389
2294.5,0.038337
2295.0,0.038285
2295.5,0.038233
2296.0,0.038181
2296.5,0.03813
2297.0,0.038078
2297.5,0.038027
2298.0,0.037975
2298.5,0.037923
2299.0,0.037872
2299.5,0.037821
2300.0,0.037769
2300.5,0.037718
2301.0,0.037667
2301.5,0.037616
2302.0,0.037564
2302.5,0.037513
2303.0,0.037462
2303.5,0.037411
2304.0,0.03736
2304.5,0.037309
2305.0,0.037259
2305.5,0.037208
2306.0,0.037157
2306.5,0.037106
2307.0,0.037056
2307.5,0.037005
2308.0,0.036955
2308.5,0.036904
2309.0,0.036854
2309.5,0.036803
2310.0,0.036753
2310.5,0.036703
2311.0,0.036653
2311.5,0.036602
2312.0,0.036552
2312.5,0.036502
2313.0,0.036452
2313.5,0.036402
2314.0,0.036352
2314.5,0.036302
2315.0,0.036252
2315.5,0.036203
2316.0,0.036153
2316.5,0.036103
2317.0,0.036054
2317.5,0.036004
2318.0,0.035955
2318.5,0.035905
2319.0,0.035856
2319.5,0.035806
2320.0,0.035757
2320.5,0.035708
2321.0,0.035658
2321.5,0.035609
2322.0,0.03556
2322.5,0.035511
2323.0,0.035462
2323.5,0.035413
2324.0,0.035364
2324.5,0.035315
2325.0,0.035266
2325.5,0.035218
2326.0,0.035169
2326.5,0.03512
2327.0,0.035072
2327.5,0.035023
2328.0,0.034974
2328.5,0.034926
2329.0,0.034878
2329.5,0.034829
2330.0,0.034781
2330.5,0.034733
2331.0,0.034684
2331.5,0.034636
2332.0,0.034588
2332.5,0.03454
2333.0,0.034492
2333.5,0.034444
2334.0,0.034396
2334.5,0.034348
2335.0,0.0343
2335.5,0.034252
2336.0,0.034205
2336.5,0.034157
2337.0,0.034109
2337.5,0.034062
2338.0,0.034014
2338.5,0.033967
2339.0,0.033919
2339.5,0.033872
2340.0,0.033825
2340.5,0.033777
2341.0,0.03373
2341.5,0.033683
2342.0,0.033636
2342.5,0.033589
2343.0,0.033541
2343.5,0.033494
2344.0,0.033447
2344.5,0.033401
2345.0,0.033354
2345.5,0.033307
2346.0,0.03326
2346.5,0.033213
2347.0,0.033167
2347.5,0.03312
2348.0,0.033074
2348.5,0.033027
2349.0,0.032981
2349.5,0.032934
2350.0,0.032888
2350.5,0.032842
2351.0,0.032795
2351.5,0.032749
2352.0,0.032703
2352.5,0.032657
2353.0,0.032611
2353.5,0.032565
2354.0,0.032519
2354.5,0.032473
2355.0,0.032427
2355.5,0.032381
2356.0,0.032335
2356.5,0.032289
2357.0,0.032244
2357.5,0.032198
2358.0,0.032153
2358.5,0.032107
2359.0,0.032061
2359.5,0.032016
2360.0,0.031971
2360.5,0.031925
2361.0,0.03188
2361.5,0.031835
2362.0,0.031789
2362.5,0.031744
2363.0,0.031699
2363.5,0.031654
2364.0,0.031609
2364.5,0.031564
2365.0,0.031519
2365.5,0.031474
2366.0,0.03143
2366.5,0.031385
2367.0,0.03134
2367.5,0.031295
2368.0,0.031251
2368.5,0.031206
2369.0,0.031162
2369.5,0.031117
2370.0,0.031073
2370.5,0.031028
2371.0,0.030984
2371.5,0.03094
2372.0,0.030895
2372.5,0.030851
2373.0,0.030807
2373.5,0.030763
2374.0,0.030719
2374.5,0.030675
2375.0,0.030631
2375.5,0.030587
2376.0,0.030543
2376.5,0.030499
2377.0,0.030455
2377.5,0.030412
2378.0,0.030368
2378.5,0.030324
2379.0,0.030281
2379.5,0.030237
2380.0,0.030194
2380.5,0.03015
2381.0,0.030107
2381.5,0.030064
2382.0,0.03002
2382.5,0.029977
2383.0,0.029934
2383.5,0.029891
2384.0,0.029848
2384.5,0.029805
2385.0,0.029762
2385.5,0.029719
2386.0,0.029676
2386.5,0.029633
2387.0,0.02959
2387.5,0.029547
2388.0,0.029504
2388.5,0.029462
2389.0,0.029419
2389.5,0.029376
2390.0,0.029334
2390.5,0.029291
2391.0,0.029249
2391.5,0.029207
2392.0,0.029164
2392.5,0.029122
2393.0,0.02908
2393.5,0.029037
2394.0,0.028995
2394.5,0.028953
2395.0,0.028911
2395.5,0.028869
2396.0,0.028827
2396.5,0.028785
2397.0,0.028743
2397.5,0.028701
2398.0,0.028659
2398.5,0.028618
2399.0,0.028576
2399.5,0.028534
2400.0,0.028493
2400.5,0.028451
2401.0,0.02841
2401.5,0.028368
2402.0,0.028327
2402.5,0.028285
2403.0,0.028244
2403.5,0.028203
2404.0,0.028161
2404.5,0.02812
2405.0,0.028079
2405.5,0.028038
2406.0,0.027997
2406.5,0.027956
2407.0,0.027915
2407.5,0.027874
2408.0,0.027833
2408.5,0.027792
2409.0,0.027752
2409.5,0.027711
2410.0,0.02767
2410.5,0.02763
2411.0,0.027589
2411.5,0.027548
2412.0,0.027508
2412.5,0.027467
2413.0,0.027427
2413.5,0.027387
2414.0,0.027346
2414.5,0.027306
2415.0,0.027266
2415.5,0.027226
2416.0,0.027185
2416.5,0.027145
2417.0,0.027105
2417.5,0.027065
2418.0,0.027025
2418.5,0.026985
2419.0,0.026946
2419.5,0.026906
2420.0,0.026866
2420.5,0.026826
2421.0,0.026787
2421.5,0.026747
2422.0,0.026707
2422.5,0.026668
2423.0,0.026628
2423.5,0.026589
2424.0,0.026549
2424.5,0.02651
2425.0,0.026471
2425.5,0.026431
2426.0,0.026392
2426.5,0.026353
2427.0,0.026314
2427.5,0.026275
2428.0,0.026236
2428.5,0.026197
2429.0,0.026158
2429.5,0.026119
2430.0,0.02608
2430.5,0.026041
2431.0,0.026002
2431.5,0.025964
2432.0,0.025925
2432.5,0.025886
2433.0,0.025848
2433.5,0.025809
2434.0,0.025771
2434.5,0.025732
2435.0,0.025694
2435.5,0.025655
2436.0,0.025617
2436.5,0.025579
2437.0,0.025541
2437.5,0.025502
2438.0,0.025464
2438.5,0.025426
2439.0,0.025388
2439.5,0.02535
2440.0,0.025312
2440.5,0.025274
2441.0,0.025236
2441.5,0.025198
2442.0,0.025161
2442.5,0.025123
2443.0,0.025085
2443.5,0.025048
2444.0,0.02501
2444.5,0.024972
2445.0,0.024935
2445.5,0.024897
2446.0,0.02486
2446.5,0.024822
2447.0,0.024785
2447.5,0.024748
2448.0,0.024711
2448.5,0.024673
2449.0,0.024636
2449.5,0.024599
2450.0,0.024562
2450.5,0.024525
2451.0,0.024488
2451.5,0.024451
2452.0,0.024414
2452.5,0.024377
2453.0,0.02434
2453.5,0.024304
2454.0,0.024267
2454.5,0.02423
2455.0,0.024194
2455.5,0.024157
2456.0,0.02412
2456.5,0.024084
2457.0,0.024047
2457.5,0.024011
2458.0,0.023975
2458.5,0.023938
2459.0,0.023902
2459.5,0.023866
2460.0,0.02383
2460.5,0.023793
2461.0,0.023757
2461.5,0.023721
2462.0,0.023685
2462.5,0.023649
2463.0,0.023613
2463.5,0.023577
2464.0,0.023542
2464.5,0.023506
2465.0,0.02347
2465.5,0.023434
2466.0,0.023399
2466.5,0.023363
2467.0,0.023327
2467.5,0.023292
2468.0,0.023256
2468.5,0.023221
2469.0,0.023185
2469.5,0.02315
2470.0,0.023115
2470.5,0.023079
2471.0,0.023044
2471.5,0.023009
2472.0,0.022974
2472.5,0.022939
2473.0,0.022904
2473.5,0.022869
2474.0,0.022834
2474.5,0.022799
2475.0,0.022764
2475.5,0.022729
2476.0,0.022694
2476.5,0.022659
2477.0,0.022625
2477.5,0.02259
2478.0,0.022555
2478.5,0.022521
2479.0,0.022486
2479.5,0.022452
2480.0,0.022417
2480.5,0.022383
2481.0,0.022348
2481.5,0.022314
2482.0,0.02228
2482.5,0.022246
2483.0,0.022211
2483.5,0.022177
2484.0,0.022143
2484.5,0.022109
2485.0,0.022075
2485.5,0.022041
2486.0,0.022007
2486.5,0.021973
2487.0,0.021939
2487.5,0.021905
2488.0,0.021872
2488.5,0.021838
2489.0,0.021804
2489.5,0.02177
2490.0,0.021737
2490.5,0.021703
2491.0,0.02167
2491.5,0.021636
2492.0,0.021603
2492.5,0.021569
2493.0,0.021536
2493.5,0.021503
2494.0,0.021469
2494.5,0.021436
2495.0,0.021403
2495.5,0.02137
2496.0,0.021337
2496.5,0.021304
2497.0,0.021271
2497.5,0.021238
2498.0,0.021205
2498.5,0.021172
2499.0,0.021139
2499.5,0.021106
2500.0,0.0
