115.0,0.0
115.5,0.0
116.0,0.0
116.5,0.0
117.0,0.0
117.5,0.0
118.0,0.0
118.5,0.0
119.0,0.0
119.5,0.0
120.0,0.0
120.5,0.0
121.0,0.0
121.5,0.0
122.0,0.0
122.5,0.0
123.0,0.0
123.5,0.0
124.0,0.0
124.5,0.0
125.0,0.0
125.5,0.0
126.0,0.0
126.5,0.0
127.0,0.0
127.5,0.0
128.0,0.0
128.5,0.0
129.0,0.0
129.5,0.0
130.0,0.0
130.5,0.0
131.0,0.0
131.5,0.0
132.0,0.0
132.5,0.0
133.0,0.0
133.5,0.0
134.0,0.0
134.5,0.0
135.0,0.0
135.5,0.0
136.0,0.0
136.5,0.0
137.0,0.0
137.5,0.0
138.0,0.0
138.5,0.0
139.0,0.0
139.5,0.0
140.0,0.0
140.5,0.0
141.0,0.0
141.5,0.0
142.0,0.0
142.5,0.0
143.0,0.0
143.5,0.0
144.0,0.0
144.5,0.0
145.0,0.0
145.5,0.0
146.0,0.0
146.5,0.0
147.0,0.0
147.5,0.0
148.0,0.0
148.5,0.0
149.0,0.0
149.5,0.0
150.0,0.0
150.5,0.0
151.0,0.0
151.5,0.0
152.0,0.0
152.5,0.0
153.0,0.0
153.5,0.0
154.0,0.0
154.5,0.0
155.0,0.0
155.5,0.0
156.0,0.0
156.5,0.0
157.0,0.0
157.5,0.0
158.0,0.0
158.5,0.0
159.0,0.0
159.5,0.0
160.0,0.0
160.5,0.0
161.0,0.0
161.5,0.0
162.0,0.0
162.5,0.0
163.0,0.0
163.5,0.0
164.0,0.0
164.5,0.0
165.0,0.0
165.5,0.0
166.0,0.0
166.5,0.0
167.0,0.0
167.5,0.0
168.0,0.0
168.5,0.0
169.0,0.0
169.5,0.0
170.0,0.0
170.5,0.0
171.0,0.0
171.5,0.0
172.0,1e-06
172.5,1e-06
173.0,1e-06
173.5,1e-06
174.0,1e-06
174.5,0.0
175.0,0.0
175.5,0.0
176.0,0.0
176.5,0.0
177.0,0.0
177.5,0.0
178.0,0.0
178.5,0.0
179.0,0.0
179.5,0.0
180.0,0.0
180.5,2e-06
181.0,4e-06
181.5,6e-06
182.0,8e-06
182.5,9e-06
183.0,1e-05
183.5,9e-06
184.0,8e-06
184.5,5e-06
185.0,0.0
185.5,0.0
186.0,0.0
186.5,0.0
187.0,0.0
187.5,0.0
188.0,0.0
188.5,0.0
189.0,0.0
189.5,0.0
190.0,0.0
190.5,2.4e-05
191.0,5.2e-05
191.5,8e-05
192.0,0.000106
192.5,0.000125
193.0,0.000133
193.5,0.000129
194.0,0.000107
194.5,6.6e-05
195.0,0.0
195.5,0.0
196.0,0.0
196.5,0.0
197.0,0.0
197.5,0.0
198.0,0.0
198.5,0.0
199.0,0.0
199.5,0.0
200.0,0.0
200.5,0.000341
201.0,0.000766
201.5,0.001256
202.0,0.001794
202.5,0.002362
203.0,0.002942
203.5,0.003515
204.0,0.004065
204.5,0.004572
205.0,0.00502
205.5,0.005396
206.0,0.00571
206.5,0.00598
207.0,0.006222
207.5,0.006453
208.0,0.006691
208.5,0.00695
209.0,0.007249
209.5,0.007604
210.0,0.008032
210.5,0.008544
211.0,0.009126
211.5,0.009759
212.0,0.010426
212.5,0.011106
213.0,0.011782
213.5,0.012434
214.0,0.013042
214.5,0.01359
215.0,0.014056
215.5,0.014428
216.0,0.014712
216.5,0.014917
217.0,0.015054
217.5,0.015135
218.0,0.01517
218.5,0.015169
219.0,0.015143
219.5,0.015104
220.0,0.01506
220.5,0.015022
221.0,0.014992
221.5,0.01497
222.0,0.014955
222.5,0.01495
223.0,0.014953
223.5,0.014965
224.0,0.014987
224.5,0.015018
225.0,0.01506
225.5,0.015113
226.0,0.015176
226.5,0.015249
227.0,0.015333
227.5,0.015428
228.0,0.015534
228.5,0.01565
229.0,0.015777
229.5,0.015915
230.0,0.016064
230.5,0.016222
231.0,0.016378
231.5,0.01652
232.0,0.016635
232.5,0.016711
233.0,0.016736
233.5,0.016695
234.0,0.016579
234.5,0.016372
235.0,0.016064
235.5,0.01565
236.0,0.01516
236.5,0.014631
237.0,0.014102
237.5,0.01361
238.0,0.013195
238.5,0.012893
239.0,0.012744
239.5,0.012784
240.0,0.013052
240.5,0.013572
241.0,0.014309
241.5,0.015213
242.0,0.016235
242.5,0.017326
243.0,0.018437
243.5,0.019518
244.0,0.02052
244.5,0.021393
245.0,0.022088
245.5,0.02257
246.0,0.022858
246.5,0.022984
247.0,0.022982
247.5,0.022883
248.0,0.02272
248.5,0.022527
249.0,0.022335
249.5,0.022178
250.0,0.022088
250.5,0.022091
251.0,0.022178
251.5,0.022334
252.0,0.022545
252.5,0.022795
253.0,0.023069
253.5,0.023351
254.0,0.023627
254.5,0.02388
255.0,0.024096
255.5,0.02427
256.0,0.024431
256.5,0.02462
257.0,0.024877
257.5,0.025244
258.0,0.02576
258.5,0.026465
259.0,0.0274
259.5,0.028605
260.0,0.03012
260.5,0.031968
261.0,0.034092
261.5,0.03642
262.0,0.038877
262.5,0.04139
263.0,0.043884
263.5,0.046287
264.0,0.048525
264.5,0.050523
265.0,0.052209
265.5,0.053526
266.0,0.054494
266.5,0.055152
267.0,0.055536
267.5,0.055684
268.0,0.055635
268.5,0.055425
269.0,0.055094
269.5,0.054679
270.0,0.054217
270.5,0.053741
271.0,0.053264
271.5,0.052791
272.0,0.052331
272.5,0.051889
273.0,0.051473
273.5,0.051089
274.0,0.050744
274.5,0.050446
275.0,0.050201
275.5,0.050013
276.0,0.049881
276.5,0.049798
277.0,0.04976
277.5,0.049763
278.0,0.0498
278.5,0.049867
279.0,0.04996
279.5,0.050073
280.0,0.050201
280.5,0.050352
281.0,0.050587
281.5,0.050978
282.0,0.0516
282.5,0.052524
283.0,0.053825
283.5,0.055576
284.0,0.057849
284.5,0.060718
285.0,0.064257
285.5,0.068502
286.0,0.073346
286.5,0.078646
287.0,0.084259
287.5,0.09004
288.0,0.095847
288.5,0.101537
289.0,0.106965
289.5,0.111989
290.0,0.116466
290.5,0.12028
291.0,0.123434
291.5,0.125957
292.0,0.12788
292.5,0.129233
293.0,0.130047
293.5,0.130352
294.0,0.130177
294.5,0.129555
295.0,0.128514
295.5,0.1271
296.0,0.125417
296.5,0.123583
297.0,0.121716
297.5,0.119935
298.0,0.118359
298.5,0.117105
299.0,0.116293
299.5,0.11604
300.0,0.116466
300.5,0.117651
301.0,0.119526
301.5,0.121984
302.0,0.12492
302.5,0.128226
303.0,0.131796
303.5,0.135523
304.0,0.139302
304.5,0.143025
305.0,0.146586
305.5,0.1499
306.0,0.152963
306.5,0.155795
307.0,0.158413
307.5,0.160837
308.0,0.163085
308.5,0.165175
309.0,0.167125
309.5,0.168955
310.0,0.170683
310.5,0.172327
311.0,0.173908
311.5,0.175446
312.0,0.176962
312.5,0.178476
313.0,0.18001
313.5,0.181583
314.0,0.183217
314.5,0.184931
315.0,0.186747
315.5,0.188681
316.0,0.169794
316.5,0.192024
317.0,0.204728
317.5,0.201783
318.0,0.190908
318.5,0.182916
319.0,0.187172
319.5,0.207048
320.0,0.235967
320.5,0.224027
321.0,0.19486
321.5,0.179056
322.0,0.17189
322.5,0.162702
323.0,0.152413
323.5,0.146356
324.0,0.155943
324.5,0.186373
325.0,0.211938
325.5,0.209724
326.0,0.198933
326.5,0.203202
327.0,0.221806
327.5,0.246508
328.0,0.263374
328.5,0.262899
329.0,0.258984
329.5,0.265139
330.0,0.2699
330.5,0.26183
331.0,0.254576
331.5,0.261317
332.0,0.268275
332.5,0.2611
333.0,0.250116
333.5,0.248857
334.0,0.259042
334.5,0.276345
335.0,0.28405
335.5,0.269302
336.0,0.247047
336.5,0.235172
337.0,0.235532
337.5,0.244323
338.0,0.251152
338.5,0.248169
339.0,0.244297
339.5,0.248974
340.0,0.256926
340.5,0.261399
341.0,0.264421
341.5,0.26878
342.0,0.271518
342.5,0.269421
343.0,0.263991
343.5,0.25751
344.0,0.250664
344.5,0.244403
345.0,0.242321
345.5,0.247267
346.0,0.256485
346.5,0.265477
347.0,0.268381
347.5,0.261945
348.0,0.254717
348.5,0.25526
349.0,0.260408
349.5,0.266032
350.0,0.275902
350.5,0.291723
351.0,0.358778
351.5,0.356649
352.0,0.339614
352.5,0.331262
353.0,0.357019
353.5,0.375176
354.0,0.3814
354.5,0.381855
355.0,0.372017
355.5,0.350365
356.0,0.326548
356.5,0.297754
357.0,0.286126
357.5,0.285717
358.0,0.262094
358.5,0.262401
359.0,0.312117
359.5,0.373211
360.0,0.391699
360.5,0.364593
361.0,0.373064
361.5,0.369905
362.0,0.38797
362.5,0.435949
363.0,0.426652
363.5,0.420024
364.0,0.441939
364.5,0.425856
365.0,0.439575
365.5,0.489447
366.0,0.507294
366.5,0.499577
367.0,0.499818
367.5,0.500415
368.0,0.477105
368.5,0.469354
369.0,0.489423
369.5,0.510529
370.0,0.519383
370.5,0.471125
371.0,0.477684
371.5,0.507141
372.0,0.454545
372.5,0.44952
373.0,0.431387
373.5,0.377092
374.0,0.401702
374.5,0.392236
375.0,0.402646
375.5,0.463925
376.0,0.452108
376.5,0.460387
377.0,0.492406
377.5,0.53835
378.0,0.558995
378.5,0.524827
379.0,0.460444
379.5,0.428648
380.0,0.447522
380.5,0.481259
381.0,0.468976
381.5,0.411204
382.0,0.357801
382.5,0.321435
383.0,0.306284
383.5,0.303409
384.0,0.337591
384.5,0.388353
385.0,0.395199
385.5,0.376553
386.0,0.373572
386.5,0.38963
387.0,0.377808
387.5,0.383588
388.0,0.389125
388.5,0.415694
389.0,0.46405
389.5,0.513724
390.0,0.527968
390.5,0.529475
391.0,0.553072
391.5,0.541002
392.0,0.478579
392.5,0.380535
393.0,0.253197
393.5,0.236803
394.0,0.345007
394.5,0.458618
395.0,0.530545
395.5,0.533103
396.0,0.438783
396.5,0.302308
397.0,0.295513
397.5,0.447901
398.0,0.586713
398.5,0.650576
399.0,0.683644
399.5,0.694008
400.0,0.707426
400.5,0.712443
401.0,0.736037
401.5,0.754226
402.0,0.7602
402.5,0.755935
403.0,0.733212
403.5,0.743773
404.0,0.750695
404.5,0.720378
405.0,0.739945
405.5,0.727479
406.0,0.706396
406.5,0.708176
407.0,0.721
407.5,0.712731
408.0,0.739036
408.5,0.772182
409.0,0.784682
409.5,0.734369
410.0,0.681688
410.5,0.710864
411.0,0.755975
411.5,0.791006
412.0,0.779736
412.5,0.763802
413.0,0.745054
413.5,0.755646
414.0,0.753607
414.5,0.740181
415.0,0.735219
415.5,0.738108
416.0,0.766666
416.5,0.76958
417.0,0.730959
417.5,0.705442
418.0,0.717423
418.5,0.736302
419.0,0.745605
419.5,0.729225
420.0,0.716162
420.5,0.749866
421.0,0.774543
421.5,0.75901
422.0,0.761865
422.5,0.709207
423.0,0.733387
423.5,0.752008
424.0,0.761967
424.5,0.765087
425.0,0.746148
425.5,0.741036
426.0,0.747353
426.5,0.76313
427.0,0.720629
427.5,0.719071
428.0,0.739576
428.5,0.720464
429.0,0.691425
429.5,0.651066
430.0,0.569377
430.5,0.532594
431.0,0.573665
431.5,0.731498
432.0,0.80612
432.5,0.77007
433.0,0.816583
433.5,0.812718
434.0,0.749408
434.5,0.790902
435.0,0.81258
435.5,0.820814
436.0,0.854515
436.5,0.867252
437.0,0.833552
437.5,0.80342
438.0,0.767975
438.5,0.728178
439.0,0.764599
439.5,0.80347
440.0,0.8102
440.5,0.798013
441.0,0.823855
441.5,0.846068
442.0,0.863394
442.5,0.859235
443.0,0.852256
443.5,0.871149
444.0,0.892193
444.5,0.9009
445.0,0.895198
445.5,0.849841
446.0,0.836073
446.5,0.870899
447.0,0.910463
447.5,0.949458
448.0,0.938873
448.5,0.938745
449.0,0.928657
449.5,0.930494
450.0,0.966523
450.5,1.005318
451.0,0.997616
451.5,0.964964
452.0,0.94744
452.5,0.894917
453.0,0.86549
453.5,0.906266
454.0,0.934415
454.5,0.922236
455.0,0.91136
455.5,0.93859
456.0,0.960512
456.5,0.952579
457.0,0.965443
457.5,0.966659
458.0,0.932552
458.5,0.939771
459.0,0.948617
459.5,0.934107
460.0,0.927019
460.5,0.960202
461.0,0.987124
461.5,0.982077
462.0,0.995528
462.5,0.998686
463.0,0.989058
463.5,0.967615
464.0,0.959356
464.5,0.929514
465.0,0.917882
465.5,0.959211
466.0,0.965543
466.5,0.912088
467.0,0.910982
467.5,0.938624
468.0,0.945513
468.5,0.948423
469.0,0.938047
469.5,0.936038
470.0,0.918713
470.5,0.909561
471.0,0.919762
471.5,0.954189
472.0,0.991516
472.5,0.970793
473.0,0.937434
473.5,0.958214
474.0,0.976711
474.5,0.996012
475.0,0.991577
475.5,0.970885
476.0,0.951395
476.5,0.932304
477.0,0.967568
477.5,1.008635
478.0,1.007422
478.5,0.976119
479.0,0.973938
479.5,0.998643
480.0,0.991594
480.5,0.980713
481.0,0.976596
481.5,1.001812
482.0,1.011918
482.5,0.988971
483.0,0.984761
483.5,0.986146
484.0,0.977639
484.5,0.980025
485.0,0.983786
485.5,0.938268
486.0,0.860767
486.5,0.857463
487.0,0.879581
487.5,0.906338
488.0,0.946335
488.5,0.941018
489.0,0.931841
489.5,0.976079
490.0,1.0132
490.5,1.010784
491.0,0.975762
491.5,0.96095
492.0,0.92731
492.5,0.935788
493.0,0.979006
493.5,0.976493
494.0,0.968832
494.5,1.004274
495.0,1.025094
495.5,1.003935
496.0,0.991981
496.5,0.999341
497.0,0.998882
497.5,1.006954
498.0,0.973302
498.5,0.945299
499.0,0.95593
499.5,0.973989
500.0,0.960232
500.5,0.927979
501.0,0.915518
501.5,0.898615
502.0,0.90345
502.5,0.92608
503.0,0.955984
503.5,0.959257
504.0,0.933741
504.5,0.939669
505.0,0.958727
505.5,0.985178
506.0,1.010179
506.5,0.992422
507.0,0.977359
507.5,0.96387
508.0,0.942241
508.5,0.953008
509.0,0.985416
509.5,0.993698
510.0,0.968454
510.5,0.964392
511.0,0.968577
511.5,0.987006
512.0,0.986603
512.5,0.952461
513.0,0.935585
513.5,0.942904
514.0,0.939479
514.5,0.924495
515.0,0.924464
515.5,0.938366
516.0,0.950543
516.5,0.888264
517.0,0.824433
517.5,0.852494
518.0,0.89581
518.5,0.88836
519.0,0.902327
519.5,0.926257
520.0,0.947441
520.5,0.942266
521.0,0.940452
521.5,0.957545
522.0,0.960497
522.5,0.930014
523.0,0.923686
523.5,0.955973
524.0,0.989408
524.5,0.989987
525.0,0.965988
525.5,0.965091
526.0,0.953482
526.5,0.883799
527.0,0.853854
527.5,0.901254
528.0,0.952603
528.5,0.984794
529.0,1.01852
529.5,1.003941
530.0,0.982906
530.5,1.005741
531.0,1.030893
531.5,1.026166
532.0,1.000006
532.5,0.955708
533.0,0.934602
533.5,0.969446
534.0,0.99354
534.5,0.988985
535.0,0.997785
535.5,1.030752
536.0,1.037603
536.5,1.008578
537.0,0.980315
537.5,0.996651
538.0,1.019706
538.5,1.015453
539.0,0.996388
539.5,0.968939
540.0,0.956995
540.5,0.944048
541.0,0.954244
541.5,0.994151
542.0,1.005689
542.5,0.995812
543.0,0.981493
543.5,0.977586
544.0,1.008664
544.5,1.010088
545.0,1.005216
545.5,1.005179
546.0,1.011163
546.5,1.010984
547.0,1.000573
547.5,0.979808
548.0,0.974259
548.5,0.989645
549.0,1.000546
549.5,1.008213
550.0,1.007964
550.5,0.996758
551.0,0.989296
551.5,0.998115
552.0,1.013858
552.5,1.006159
553.0,0.999395
553.5,1.001607
554.0,1.009958
554.5,1.027074
555.0,1.035887
555.5,1.025264
556.0,1.014781
556.5,1.005118
557.0,0.99451
557.5,1.002601
558.0,1.007093
558.5,0.98371
559.0,0.960534
559.5,0.963341
560.0,0.971324
560.5,0.990053
561.0,1.014381
561.5,0.996636
562.0,0.982755
562.5,0.985022
563.0,0.997264
563.5,1.007165
564.0,0.993969
564.5,0.988992
565.0,0.988761
565.5,0.978344
566.0,0.960384
566.5,0.967131
567.0,0.993482
567.5,1.011213
568.0,1.005278
568.5,0.986619
569.0,0.985978
569.5,0.991323
570.0,0.979882
570.5,0.96105
571.0,0.948606
571.5,0.966568
572.0,1.000432
572.5,1.019732
573.0,1.017232
573.5,1.020493
574.0,1.019171
574.5,1.013787
575.0,1.003991
575.5,0.99526
576.0,0.992933
576.5,0.999318
577.0,1.01519
577.5,1.012664
578.0,0.979871
578.5,0.955257
579.0,0.97263
579.5,0.993693
580.0,1.007656
580.5,1.009499
581.0,1.008877
581.5,1.010904
582.0,1.02442
582.5,1.028284
583.0,1.034381
583.5,1.030151
584.0,1.030498
584.5,1.028002
585.0,1.016706
585.5,0.995636
586.0,0.991369
586.5,1.007087
587.0,1.025806
587.5,1.026655
588.0,1.009012
588.5,0.978143
589.0,0.917645
589.5,0.898478
590.0,0.944538
590.5,0.996777
591.0,1.007371
591.5,1.001121
592.0,1.00405
592.5,1.002707
593.0,0.995891
593.5,1.004005
594.0,1.002146
594.5,0.992758
595.0,0.985979
595.5,0.993551
596.0,0.998217
596.5,0.995993
597.0,1.005077
597.5,0.997573
598.0,0.983958
598.5,0.977265
599.0,0.979097
599.5,0.989269
600.0,0.986519
600.5,0.970594
601.0,0.961811
601.5,0.959007
602.0,0.957238
602.5,0.961617
603.0,0.974699
603.5,0.98763
604.0,0.990096
604.5,0.993898
605.0,0.993774
605.5,0.987675
606.0,0.990781
606.5,0.987247
607.0,0.999092
607.5,0.98827
608.0,0.965533
608.5,0.963557
609.0,0.964389
609.5,0.964934
610.0,0.95298
610.5,0.954337
611.0,0.974406
611.5,0.97349
612.0,0.955556
612.5,0.952356
613.0,0.957283
613.5,0.923911
614.0,0.927004
614.5,0.95306
615.0,0.957761
615.5,0.947691
616.0,0.920258
616.5,0.91
617.0,0.921812
617.5,0.94705
618.0,0.960967
618.5,0.955798
619.0,0.943493
619.5,0.963609
620.0,0.971659
620.5,0.976926
621.0,0.965641
621.5,0.933401
622.0,0.940201
622.5,0.947584
623.0,0.928074
623.5,0.940531
624.0,0.935004
624.5,0.922902
625.0,0.927002
625.5,0.910454
626.0,0.916691
626.5,0.931855
627.0,0.937339
627.5,0.921753
628.0,0.904308
628.5,0.927836
629.0,0.944218
629.5,0.93053
630.0,0.921143
630.5,0.940285
631.0,0.939523
631.5,0.917409
632.0,0.92233
632.5,0.949534
633.0,0.949093
633.5,0.931924
634.0,0.92959
634.5,0.944919
635.0,0.95135
635.5,0.937382
636.0,0.921804
636.5,0.930297
637.0,0.951833
637.5,0.954788
638.0,0.946787
638.5,0.950687
639.0,0.940954
639.5,0.930945
640.0,0.931407
640.5,0.932246
641.0,0.930614
641.5,0.927607
642.0,0.924573
642.5,0.935041
643.0,0.93601
643.5,0.937558
644.0,0.942882
644.5,0.945387
645.0,0.92483
645.5,0.925368
646.0,0.924763
646.5,0.925081
647.0,0.932576
647.5,0.936607
648.0,0.933424
648.5,0.935334
649.0,0.910341
649.5,0.870665
650.0,0.895875
650.5,0.942441
651.0,0.948037
651.5,0.941189
652.0,0.943872
652.5,0.945211
653.0,0.941988
653.5,0.945038
654.0,0.950445
654.5,0.939091
655.0,0.929956
655.5,0.898676
656.0,0.813586
656.5,0.815064
657.0,0.893397
657.5,0.917721
658.0,0.934902
658.5,0.935692
659.0,0.925261
659.5,0.918426
660.0,0.934051
660.5,0.930465
661.0,0.927525
661.5,0.940424
662.0,0.943989
662.5,0.935679
663.0,0.921576
663.5,0.913465
664.0,0.917664
664.5,0.914547
665.0,0.924804
665.5,0.929629
666.0,0.916109
666.5,0.90924
667.0,0.917675
667.5,0.912056
668.0,0.909388
668.5,0.923468
669.0,0.927596
669.5,0.916735
670.0,0.912563
670.5,0.910495
671.0,0.906074
671.5,0.892611
672.0,0.899045
672.5,0.909597
673.0,0.908382
673.5,0.90679
674.0,0.901837
674.5,0.897538
675.0,0.891344
675.5,0.902175
676.0,0.909339
676.5,0.904418
677.0,0.896905
677.5,0.904183
678.0,0.904719
678.5,0.900512
679.0,0.903931
679.5,0.897319
680.0,0.897984
680.5,0.895699
681.0,0.895614
681.5,0.896611
682.0,0.896982
682.5,0.898963
683.0,0.896575
683.5,0.892237
684.0,0.887958
684.5,0.887199
685.0,0.886258
685.5,0.885396
686.0,0.884309
686.5,0.883304
687.0,0.882308
687.5,0.881252
688.0,0.880228
688.5,0.879238
689.0,0.878316
689.5,0.877213
690.0,0.876068
690.5,0.874897
691.0,0.873668
691.5,0.872674
692.0,0.871862
692.5,0.870667
693.0,0.86938
693.5,0.868055
694.0,0.866984
694.5,0.866004
695.0,0.864771
695.5,0.863863
696.0,0.862913
696.5,0.861777
697.0,0.86161
697.5,0.851094
698.0,0.848463
698.5,0.865004
699.0,0.864692
699.5,0.865821
700.0,0.85317
700.5,0.846253
701.0,0.853719
701.5,0.838988
702.0,0.840106
702.5,0.837601
703.0,0.846192
703.5,0.848585
704.0,0.854218
704.5,0.867007
705.0,0.86232
705.5,0.857466
706.0,0.856351
706.5,0.849536
707.0,0.8494
707.5,0.859655
708.0,0.856725
708.5,0.838945
709.0,0.840363
709.5,0.849555
710.0,0.854929
710.5,0.850689
711.0,0.844201
711.5,0.844362
712.0,0.839107
712.5,0.839116
713.0,0.838471
713.5,0.848223
714.0,0.84661
714.5,0.833946
715.0,0.832845
715.5,0.842816
716.0,0.843161
716.5,0.828021
717.0,0.826864
717.5,0.819298
718.0,0.810479
718.5,0.793017
719.0,0.788536
719.5,0.799792
720.0,0.803912
720.5,0.804599
721.0,0.819485
721.5,0.83423
722.0,0.832211
722.5,0.827581
723.0,0.828599
723.5,0.820061
724.0,0.818012
724.5,0.816441
725.0,0.817636
725.5,0.821418
726.0,0.822295
726.5,0.814328
727.0,0.815657
727.5,0.807289
728.0,0.806288
728.5,0.800486
729.0,0.783992
729.5,0.800456
730.0,0.809262
730.5,0.800264
731.0,0.796109
731.5,0.803072
732.0,0.80321
732.5,0.801634
733.0,0.800146
733.5,0.804514
734.0,0.812616
734.5,0.809708
735.0,0.802636
735.5,0.793153
736.0,0.799385
736.5,0.798866
737.0,0.803931
737.5,0.801789
738.0,0.799642
738.5,0.774695
739.0,0.767882
739.5,0.786039
740.0,0.786892
740.5,0.780713
741.0,0.771544
741.5,0.771504
742.0,0.775802
742.5,0.787344
743.0,0.800439
743.5,0.802579
744.0,0.795275
744.5,0.786086
745.0,0.794548
745.5,0.803185
746.0,0.792615
746.5,0.792303
747.0,0.802515
747.5,0.792603
748.0,0.791108
748.5,0.792412
749.0,0.786324
749.5,0.777774
750.0,0.788632
750.5,0.78659
751.0,0.777852
751.5,0.785568
752.0,0.788134
752.5,0.778783
753.0,0.781549
753.5,0.787856
754.0,0.790722
754.5,0.785446
755.0,0.785301
755.5,0.784066
756.0,0.782928
756.5,0.781997
757.0,0.781017
757.5,0.779898
758.0,0.778977
758.5,0.7781
759.0,0.777054
759.5,0.776092
760.0,0.77526
760.5,0.774508
761.0,0.773697
761.5,0.77292
762.0,0.77214
762.5,0.771362
763.0,0.770587
763.5,0.769814
764.0,0.769045
764.5,0.768279
765.0,0.767517
765.5,0.76676
766.0,0.766007
766.5,0.765263
767.0,0.764449
767.5,0.763469
768.0,0.762463
768.5,0.761721
769.0,0.761221
769.5,0.760409
770.0,0.759378
770.5,0.75828
771.0,0.757309
771.5,0.756392
772.0,0.755478
772.5,0.75431
773.0,0.755822
773.5,0.762567
774.0,0.761089
774.5,0.743724
775.0,0.738804
775.5,0.754562
776.0,0.75976
776.5,0.761921
777.0,0.754548
777.5,0.749868
778.0,0.748242
778.5,0.749461
779.0,0.750439
779.5,0.748891
780.0,0.741368
780.5,0.748289
781.0,0.744905
781.5,0.75118
782.0,0.754142
782.5,0.751349
783.0,0.742131
783.5,0.735525
784.0,0.745937
784.5,0.747784
785.0,0.744309
785.5,0.742386
786.0,0.749029
786.5,0.745
787.0,0.741278
787.5,0.734705
788.0,0.731338
788.5,0.735937
789.0,0.736644
789.5,0.727586
790.0,0.728949
790.5,0.729586
791.0,0.720814
791.5,0.71329
792.0,0.7157
792.5,0.718917
793.0,0.712876
793.5,0.70629
794.0,0.706659
794.5,0.702918
795.0,0.714865
795.5,0.723115
796.0,0.7207
796.5,0.72292
797.0,0.724343
797.5,0.724076
798.0,0.722736
798.5,0.723227
799.0,0.721646
799.5,0.712897
800.0,0.707712
800.5,0.715869
801.0,0.718214
801.5,0.722204
802.0,0.719117
802.5,0.707051
803.0,0.705224
803.5,0.718294
804.0,0.715762
804.5,0.700403
805.0,0.700062
805.5,0.714946
806.0,0.721368
806.5,0.713892
807.0,0.70353
807.5,0.701543
808.0,0.701684
808.5,0.697067
809.0,0.693064
809.5,0.689488
810.0,0.691506
810.5,0.694814
811.0,0.693498
811.5,0.693213
812.0,0.695297
812.5,0.694674
813.0,0.692821
813.5,0.690637
814.0,0.691942
814.5,0.691952
815.0,0.686244
815.5,0.686083
816.0,0.683258
816.5,0.676575
817.0,0.684524
817.5,0.684893
818.0,0.676884
818.5,0.678532
819.0,0.682227
819.5,0.675475
820.0,0.678773
820.5,0.689243
821.0,0.690477
821.5,0.687395
822.0,0.681208
822.5,0.676123
823.0,0.666025
823.5,0.675751
824.0,0.688541
824.5,0.688209
825.0,0.689798
825.5,0.686433
826.0,0.687698
826.5,0.688926
827.0,0.687278
827.5,0.680782
828.0,0.681591
828.5,0.681429
829.0,0.678264
829.5,0.678039
830.0,0.677703
830.5,0.677547
831.0,0.677266
831.5,0.679382
832.0,0.674314
832.5,0.673706
833.0,0.673739
833.5,0.671158
834.0,0.672157
834.5,0.675221
835.0,0.677187
835.5,0.677827
836.0,0.674855
836.5,0.675253
837.0,0.676757
837.5,0.676316
838.0,0.674534
838.5,0.668823
839.0,0.669379
839.5,0.673418
840.0,0.671932
840.5,0.672518
841.0,0.672417
841.5,0.671673
842.0,0.666388
842.5,0.664505
843.0,0.667074
843.5,0.656126
844.0,0.655902
844.5,0.66247
845.0,0.66855
845.5,0.675643
846.0,0.671204
846.5,0.660143
847.0,0.654166
847.5,0.665021
848.0,0.667054
848.5,0.664557
849.0,0.658057
849.5,0.609232
850.0,0.582812
850.5,0.639791
851.0,0.652935
851.5,0.640819
852.0,0.648677
852.5,0.647734
853.0,0.63579
853.5,0.595761
854.0,0.504634
854.5,0.510066
855.0,0.605845
855.5,0.635563
856.0,0.64465
856.5,0.649912
857.0,0.652536
857.5,0.64855
858.0,0.648071
858.5,0.646207
859.0,0.64316
859.5,0.640075
860.0,0.6421
860.5,0.643705
861.0,0.632417
861.5,0.637411
862.0,0.641889
862.5,0.644126
863.0,0.646676
863.5,0.647718
864.0,0.648948
864.5,0.640098
865.0,0.630248
865.5,0.602807
866.0,0.5201
866.5,0.528116
867.0,0.601175
867.5,0.618709
868.0,0.623789
868.5,0.626071
869.0,0.626314
869.5,0.635873
870.0,0.637069
870.5,0.641177
871.0,0.636464
871.5,0.637244
872.0,0.645235
872.5,0.641603
873.0,0.634895
873.5,0.634182
874.0,0.63355
874.5,0.632233
875.0,0.624519
875.5,0.62626
876.0,0.632908
876.5,0.631587
877.0,0.629194
877.5,0.629506
878.0,0.637239
878.5,0.633555
879.0,0.625372
879.5,0.623447
880.0,0.626127
880.5,0.617876
881.0,0.621989
881.5,0.634249
882.0,0.6315
882.5,0.629786
883.0,0.634946
883.5,0.630422
884.0,0.628286
884.5,0.631189
885.0,0.633006
885.5,0.631953
886.0,0.623256
886.5,0.616264
887.0,0.62395
887.5,0.627156
888.0,0.627489
888.5,0.629533
889.0,0.627784
889.5,0.626415
890.0,0.628281
890.5,0.629791
891.0,0.626571
891.5,0.626776
892.0,0.624851
892.5,0.619899
893.0,0.628465
893.5,0.631764
894.0,0.632612
894.5,0.631183
895.0,0.6327
895.5,0.635245
896.0,0.636337
896.5,0.634754
897.0,0.63736
897.5,0.636217
898.0,0.635323
898.5,0.629698
899.0,0.618333
899.5,0.618001
900.0,0.612692
900.5,0.610359
901.0,0.608823
901.5,0.606397
902.0,0.610478
902.5,0.614466
903.0,0.620975
903.5,0.625825
904.0,0.627266
904.5,0.626404
905.0,0.624895
905.5,0.622455
906.0,0.615146
906.5,0.608478
907.0,0.601484
907.5,0.596496
908.0,0.591842
908.5,0.589252
909.0,0.587421
909.5,0.593355
910.0,0.594187
910.5,0.595202
911.0,0.595568
911.5,0.595689
912.0,0.593122
912.5,0.59363
913.0,0.588897
913.5,0.583372
914.0,0.58262
914.5,0.580381
915.0,0.575959
915.5,0.570069
916.0,0.571898
916.5,0.571629
917.0,0.567731
917.5,0.564228
918.0,0.569162
918.5,0.570467
919.0,0.569485
919.5,0.568097
920.0,0.569817
920.5,0.570293
921.0,0.566498
921.5,0.563346
922.0,0.566455
922.5,0.566743
923.0,0.56263
923.5,0.560587
924.0,0.558521
924.5,0.559546
925.0,0.560853
925.5,0.563386
926.0,0.564868
926.5,0.574004
927.0,0.577465
927.5,0.580807
928.0,0.578463
928.5,0.582651
929.0,0.582339
929.5,0.581815
930.0,0.58096
930.5,0.575785
931.0,0.572442
931.5,0.568362
932.0,0.565337
932.5,0.570196
933.0,0.576573
933.5,0.572621
934.0,0.565318
934.5,0.555853
935.0,0.570179
935.5,0.549366
936.0,0.547539
936.5,0.559022
937.0,0.552788
937.5,0.56636
938.0,0.565999
938.5,0.58332
939.0,0.598608
939.5,0.607971
940.0,0.600949
940.5,0.592046
941.0,0.579638
941.5,0.572056
942.0,0.566709
942.5,0.556326
943.0,0.543062
943.5,0.553259
944.0,0.54074
944.5,0.544747
945.0,0.563457
945.5,0.552628
946.0,0.554583
946.5,0.563143
947.0,0.574552
947.5,0.574248
948.0,0.569422
948.5,0.567232
949.0,0.576627
949.5,0.556284
950.0,0.554278
950.5,0.558814
951.0,0.579782
951.5,0.576665
952.0,0.559349
952.5,0.55414
953.0,0.558955
953.5,0.559751
954.0,0.553233
954.5,0.541345
955.0,0.547605
955.5,0.548253
956.0,0.551851
956.5,0.551528
957.0,0.546928
957.5,0.557664
958.0,0.555415
958.5,0.545019
959.0,0.534332
959.5,0.533829
960.0,0.537369
960.5,0.539991
961.0,0.539249
961.5,0.536479
962.0,0.536801
962.5,0.533175
963.0,0.535268
963.5,0.530701
964.0,0.52684
964.5,0.522663
965.0,0.523551
965.5,0.521911
966.0,0.513467
966.5,0.520845
967.0,0.518304
967.5,0.518058
968.0,0.517622
968.5,0.51652
969.0,0.522043
969.5,0.516117
970.0,0.518699
970.5,0.521178
971.0,0.524499
971.5,0.524313
972.0,0.52378
972.5,0.525561
973.0,0.521947
973.5,0.507111
974.0,0.511302
974.5,0.51482
975.0,0.512526
975.5,0.511066
976.0,0.513322
976.5,0.515052
977.0,0.518095
977.5,0.518169
978.0,0.508867
978.5,0.512951
979.0,0.51608
979.5,0.515452
980.0,0.514279
980.5,0.519029
981.0,0.523298
981.5,0.526277
982.0,0.519199
982.5,0.518334
983.0,0.516612
983.5,0.513816
984.0,0.514503
984.5,0.512092
985.0,0.514719
985.5,0.512855
986.0,0.516223
986.5,0.511914
987.0,0.510624
987.5,0.511398
988.0,0.502622
988.5,0.508876
989.0,0.511622
989.5,0.514445
990.0,0.511413
990.5,0.511239
991.0,0.513681
991.5,0.510689
992.0,0.506941
992.5,0.502573
993.0,0.503663
993.5,0.511274
994.0,0.51155
994.5,0.510008
995.0,0.509997
995.5,0.509822
996.0,0.510422
996.5,0.506799
997.0,0.501119
997.5,0.510674
998.0,0.511261
998.5,0.50989
999.0,0.506973
999.5,0.509168
1000.0,0.513614
1000.5,0.504713
1001.0,0.504993
1001.5,0.506361
1002.0,0.503339
1002.5,0.501022
1003.0,0.502448
1003.5,0.508532
1004.0,0.508356
1004.5,0.514606
1005.0,0.51477
1005.5,0.500027
1006.0,0.487869
1006.5,0.49295
1007.0,0.498011
1007.5,0.494847
1008.0,0.49256
1008.5,0.508559
1009.0,0.504742
1009.5,0.502189
1010.0,0.503457
1010.5,0.505463
1011.0,0.501608
1011.5,0.491662
1012.0,0.499578
1012.5,0.479532
1013.0,0.485632
1013.5,0.494745
1014.0,0.509244
1014.5,0.491028
1015.0,0.501552
1015.5,0.502647
1016.0,0.503828
1016.5,0.505047
1017.0,0.505666
1017.5,0.504904
1018.0,0.501976
1018.5,0.496532
1019.0,0.489943
1019.5,0.484012
1020.0,0.480542
1020.5,0.480766
1021.0,0.483632
1021.5,0.487519
1022.0,0.490804
1022.5,0.49222
1023.0,0.491902
1023.5,0.49034
1024.0,0.488024
1024.5,0.485417
1025.0,0.482877
1025.5,0.480737
1026.0,0.479332
1026.5,0.478907
1027.0,0.479344
1027.5,0.480439
1028.0,0.481985
1028.5,0.483718
1029.0,0.485145
1029.5,0.485714
1030.0,0.484874
1030.5,0.482928
1031.0,0.480998
1031.5,0.479153
1032.0,0.477927
1032.5,0.477695
1033.0,0.478211
1033.5,0.479075
1034.0,0.479885
1034.5,0.480331
1035.0,0.480475
1035.5,0.480474
1036.0,0.480481
1036.5,0.480596
1037.0,0.480693
1037.5,0.48059
1038.0,0.480105
1038.5,0.479144
1039.0,0.477966
1039.5,0.476921
1040.0,0.476356
1040.5,0.476467
1041.0,0.476835
1041.5,0.476888
1042.0,0.476056
1042.5,0.474001
1043.0,0.471326
1043.5,0.468865
1044.0,0.467457
1044.5,0.467656
1045.0,0.468898
1045.5,0.470337
1046.0,0.471129
1046.5,0.470678
1047.0,0.469385
1047.5,0.467896
1048.0,0.466862
1048.5,0.466758
1049.0,0.467372
1049.5,0.468318
1050.0,0.469213
1050.5,0.469748
1051.0,0.469928
1051.5,0.469834
1052.0,0.469547
1052.5,0.469099
1053.0,0.468314
1053.5,0.466969
1054.0,0.464841
1054.5,0.461868
1055.0,0.458635
1055.5,0.45589
1056.0,0.454383
1056.5,0.454616
1057.0,0.456117
1057.5,0.458167
1058.0,0.460048
1058.5,0.461189
1059.0,0.461609
1059.5,0.461475
1060.0,0.460953
1060.5,0.460189
1061.0,0.459259
1061.5,0.458217
1062.0,0.457121
1062.5,0.455981
1063.0,0.455555
1063.5,0.45513
1064.0,0.454705
1064.5,0.454279
1065.0,0.453855
1065.5,0.45343
1066.0,0.453005
1066.5,0.452581
1067.0,0.452157
1067.5,0.451732
1068.0,0.451309
1068.5,0.450885
1069.0,0.450461
1069.5,0.450038
1070.0,0.449615
1070.5,0.449192
1071.0,0.448769
1071.5,0.448346
1072.0,0.447924
1072.5,0.447501
1073.0,0.447079
1073.5,0.446657
1074.0,0.446236
1074.5,0.445814
1075.0,0.445393
1075.5,0.444971
1076.0,0.44455
1076.5,0.44413
1077.0,0.443709
1077.5,0.443289
1078.0,0.442868
1078.5,0.442448
1079.0,0.442028
1079.5,0.441609
1080.0,0.441189
1080.5,0.44077
1081.0,0.440351
1081.5,0.439932
1082.0,0.439514
1082.5,0.439095
1083.0,0.438677
1083.5,0.438259
1084.0,0.437841
1084.5,0.437423
1085.0,0.437006
1085.5,0.436589
1086.0,0.436172
1086.5,0.435755
1087.0,0.435338
1087.5,0.434922
1088.0,0.434506
1088.5,0.43409
1089.0,0.433674
1089.5,0.433259
1090.0,0.432844
1090.5,0.432429
1091.0,0.432014
1091.5,0.431599
1092.0,0.431185
1092.5,0.430771
1093.0,0.430357
1093.5,0.429943
1094.0,0.429529
1094.5,0.429116
1095.0,0.428703
1095.5,0.42829
1096.0,0.427878
1096.5,0.427465
1097.0,0.427053
1097.5,0.426641
1098.0,0.42623
1098.5,0.425818
1099.0,0.425407
1099.5,0.424996
1100.0,0.424586
1100.5,0.424175
1101.0,0.423765
1101.5,0.423355
1102.0,0.422945
1102.5,0.422536
1103.0,0.422127
1103.5,0.421718
1104.0,0.421309
1104.5,0.4209
1105.0,0.420492
1105.5,0.420084
1106.0,0.419676
1106.5,0.419269
1107.0,0.418862
1107.5,0.418455
1108.0,0.418048
1108.5,0.417641
1109.0,0.417235
1109.5,0.416829
1110.0,0.416424
1110.5,0.416018
1111.0,0.415613
1111.5,0.415208
1112.0,0.414804
1112.5,0.414399
1113.0,0.413995
1113.5,0.413591
1114.0,0.413188
1114.5,0.412784
1115.0,0.412381
1115.5,0.411979
1116.0,0.411576
1116.5,0.411174
1117.0,0.410772
1117.5,0.41037
1118.0,0.409969
1118.5,0.409568
1119.0,0.409167
1119.5,0.408767
1120.0,0.408366
1120.5,0.407966
1121.0,0.407567
1121.5,0.407167
1122.0,0.406768
1122.5,0.406369
1123.0,0.405971
1123.5,0.405572
1124.0,0.405174
1124.5,0.404777
1125.0,0.404379
1125.5,0.403982
1126.0,0.403585
1126.5,0.403189
1127.0,0.402793
1127.5,0.402397
1128.0,0.402001
1128.5,0.401606
1129.0,0.401211
1129.5,0.400816
1130.0,0.400422
1130.5,0.400028
1131.0,0.399634
1131.5,0.39924
1132.0,0.398847
1132.5,0.398454
1133.0,0.398062
1133.5,0.397669
1134.0,0.397277
1134.5,0.396886
1135.0,0.396494
1135.5,0.396103
1136.0,0.395712
1136.5,0.395322
1137.0,0.394932
1137.5,0.394542
1138.0,0.394153
1138.5,0.393764
1139.0,0.393375
1139.5,0.392986
1140.0,0.392598
1140.5,0.39221
1141.0,0.391823
1141.5,0.391436
1142.0,0.391049
1142.5,0.390662
1143.0,0.390276
1143.5,0.38989
1144.0,0.389505
1144.5,0.389119
1145.0,0.388735
1145.5,0.38835
1146.0,0.387966
1146.5,0.387582
1147.0,0.387198
1147.5,0.386815
1148.0,0.386432
1148.5,0.38605
1149.0,0.385668
1149.5,0.385286
1150.0,0.384904
1150.5,0.384523
1151.0,0.384142
1151.5,0.383762
1152.0,0.383382
1152.5,0.383002
1153.0,0.382623
1153.5,0.382244
1154.0,0.381865
1154.5,0.381486
1155.0,0.381108
1155.5,0.380731
1156.0,0.380354
1156.5,0.379977
1157.0,0.3796
1157.5,0.379224
1158.0,0.378848
1158.5,0.378473
1159.0,0.378097
1159.5,0.377723
1160.0,0.377348
1160.5,0.376974
1161.0,0.376601
1161.5,0.376227
1162.0,0.375854
1162.5,0.375482
1163.0,0.375109
1163.5,0.374738
1164.0,0.374366
1164.5,0.373995
1165.0,0.373624
1165.5,0.373254
1166.0,0.372884
1166.5,0.372515
1167.0,0.372145
1167.5,0.371777
1168.0,0.371408
1168.5,0.37104
1169.0,0.370672
1169.5,0.370305
1170.0,0.369938
1170.5,0.369572
1171.0,0.369206
1171.5,0.36884
1172.0,0.368475
1172.5,0.36811
1173.0,0.367745
1173.5,0.367381
1174.0,0.367017
1174.5,0.366654
1175.0,0.366291
1175.5,0.365928
1176.0,0.365566
1176.5,0.365204
1177.0,0.364843
1177.5,0.364482
1178.0,0.364121
1178.5,0.363761
1179.0,0.363401
1179.5,0.363042
1180.0,0.362683
1180.5,0.362324
1181.0,0.361966
1181.5,0.361609
1182.0,0.361251
1182.5,0.360894
1183.0,0.360538
1183.5,0.360182
1184.0,0.359826
1184.5,0.359471
1185.0,0.359116
1185.5,0.358761
1186.0,0.358407
1186.5,0.358054
1187.0,0.357701
1187.5,0.357348
1188.0,0.356996
1188.5,0.356644
1189.0,0.356292
1189.5,0.355941
1190.0,0.35559
1190.5,0.35524
1191.0,0.354891
1191.5,0.354541
1192.0,0.354192
1192.5,0.353844
1193.0,0.353496
1193.5,0.353148
1194.0,0.352801
1194.5,0.352454
1195.0,0.352108
1195.5,0.351762
1196.0,0.351417
1196.5,0.351072
1197.0,0.350727
1197.5,0.350383
1198.0,0.350039
1198.5,0.349696
1199.0,0.349353
1199.5,0.349011
1200.0,0.348669
1200.5,0.348328
1201.0,0.347987
1201.5,0.347646
1202.0,0.347306
1202.5,0.346967
1203.0,0.346628
1203.5,0.346289
1204.0,0.345951
1204.5,0.345613
1205.0,0.345275
1205.5,0.344939
1206.0,0.344602
1206.5,0.344266
1207.0,0.343931
1207.5,0.343596
1208.0,0.343261
1208.5,0.342927
1209.0,0.342593
1209.5,0.34226
1210.0,0.341927
1210.5,0.341595
1211.0,0.341264
1211.5,0.340932
1212.0,0.340601
1212.5,0.340271
1213.0,0.339941
1213.5,0.339612
1214.0,0.339283
1214.5,0.338955
1215.0,0.338627
1215.5,0.338299
1216.0,0.337972
1216.5,0.337646
1217.0,0.33732
1217.5,0.336994
1218.0,0.336669
1218.5,0.336344
1219.0,0.33602
1219.5,0.335697
1220.0,0.335374
1220.5,0.335051
1221.0,0.334729
1221.5,0.334407
1222.0,0.334086
1222.5,0.333766
1223.0,0.333445
1223.5,0.333126
1224.0,0.332807
1224.5,0.332488
1225.0,0.33217
1225.5,0.331852
1226.0,0.331535
1226.5,0.331218
1227.0,0.330902
1227.5,0.330586
1228.0,0.330271
1228.5,0.329956
1229.0,0.329642
1229.5,0.329328
1230.0,0.329015
1230.5,0.328702
1231.0,0.328389
1231.5,0.328077
1232.0,0.327766
1232.5,0.327455
1233.0,0.327145
1233.5,0.326835
1234.0,0.326525
1234.5,0.326216
1235.0,0.325908
1235.5,0.325599
1236.0,0.325292
1236.5,0.324985
1237.0,0.324678
1237.5,0.324372
1238.0,0.324066
1238.5,0.323761
1239.0,0.323456
1239.5,0.323152
1240.0,0.322848
1240.5,0.322545
1241.0,0.322242
1241.5,0.32194
1242.0,0.321638
1242.5,0.321336
1243.0,0.321035
1243.5,0.320735
1244.0,0.320435
1244.5,0.320135
1245.0,0.319836
1245.5,0.319537
1246.0,0.319239
1246.5,0.318941
1247.0,0.318644
1247.5,0.318347
1248.0,0.318051
1248.5,0.317755
1249.0,0.31746
1249.5,0.317165
1250.0,0.31687
1250.5,0.316576
1251.0,0.316282
1251.5,0.315989
1252.0,0.315697
1252.5,0.315404
1253.0,0.315113
1253.5,0.314821
1254.0,0.31453
1254.5,0.31424
1255.0,0.31395
1255.5,0.313661
1256.0,0.313371
1256.5,0.313083
1257.0,0.312795
1257.5,0.312507
1258.0,0.31222
1258.5,0.311933
1259.0,0.311647
1259.5,0.311361
1260.0,0.311075
1260.5,0.31079
1261.0,0.310506
1261.5,0.310222
1262.0,0.309938
1262.5,0.309655
1263.0,0.309372
1263.5,0.30909
1264.0,0.308808
1264.5,0.308526
1265.0,0.308245
1265.5,0.307965
1266.0,0.307684
1266.5,0.307405
1267.0,0.307126
1267.5,0.306847
1268.0,0.306568
1268.5,0.30629
1269.0,0.306013
1269.5,0.305736
1270.0,0.305459
1270.5,0.305183
1271.0,0.304907
1271.5,0.304632
1272.0,0.304357
1272.5,0.304082
1273.0,0.303808
1273.5,0.303535
1274.0,0.303262
1274.5,0.302989
1275.0,0.302717
1275.5,0.302445
1276.0,0.302173
1276.5,0.301902
1277.0,0.301632
1277.5,0.301362
1278.0,0.301092
1278.5,0.300822
1279.0,0.300554
1279.5,0.300285
1280.0,0.300017
1280.5,0.299749
1281.0,0.299482
1281.5,0.299215
1282.0,0.298949
1282.5,0.298683
1283.0,0.298418
1283.5,0.298153
1284.0,0.297888
1284.5,0.297624
1285.0,0.29736
1285.5,0.297096
1286.0,0.296833
1286.5,0.296571
1287.0,0.296309
1287.5,0.296047
1288.0,0.295785
1288.5,0.295525
1289.0,0.295264
1289.5,0.295004
1290.0,0.294744
1290.5,0.294485
1291.0,0.294226
1291.5,0.293968
1292.0,0.29371
1292.5,0.293452
1293.0,0.293195
1293.5,0.292938
1294.0,0.292681
1294.5,0.292425
1295.0,0.29217
1295.5,0.291915
1296.0,0.29166
1296.5,0.291405
1297.0,0.291151
1297.5,0.290898
1298.0,0.290645
1298.5,0.290392
1299.0,0.29014
1299.5,0.289888
1300.0,0.289636
1300.5,0.289385
1301.0,0.289134
1301.5,0.288884
1302.0,0.288634
1302.5,0.288384
1303.0,0.288135
1303.5,0.287886
1304.0,0.287638
1304.5,0.28739
1305.0,0.287142
1305.5,0.286895
1306.0,0.286648
1306.5,0.286402
1307.0,0.286156
1307.5,0.28591
1308.0,0.285665
1308.5,0.28542
1309.0,0.285175
1309.5,0.284931
1310.0,0.284688
1310.5,0.284444
1311.0,0.284201
1311.5,0.283959
1312.0,0.283717
1312.5,0.283475
1313.0,0.283234
1313.5,0.282993
1314.0,0.282752
1314.5,0.282512
1315.0,0.282272
1315.5,0.282032
1316.0,0.281793
1316.5,0.281555
1317.0,0.281316
1317.5,0.281078
1318.0,0.280841
1318.5,0.280604
1319.0,0.280367
1319.5,0.28013
1320.0,0.279894
1320.5,0.279659
1321.0,0.279423
1321.5,0.279188
1322.0,0.278954
1322.5,0.27872
1323.0,0.278486
1323.5,0.278253
1324.0,0.278019
1324.5,0.277787
1325.0,0.277554
1325.5,0.277323
1326.0,0.277091
1326.5,0.27686
1327.0,0.276629
1327.5,0.276398
1328.0,0.276168
1328.5,0.275939
1329.0,0.275709
1329.5,0.27548
1330.0,0.275252
1330.5,0.275023
1331.0,0.274795
1331.5,0.274568
1332.0,0.274341
1332.5,0.274114
1333.0,0.273887
1333.5,0.273661
1334.0,0.273435
1334.5,0.27321
1335.0,0.272985
1335.5,0.27276
1336.0,0.272536
1336.5,0.272312
1337.0,0.272089
1337.5,0.271865
1338.0,0.271642
1338.5,0.27142
1339.0,0.271198
1339.5,0.270976
1340.0,0.270754
1340.5,0.270533
1341.0,0.270313
1341.5,0.270092
1342.0,0.269872
1342.5,0.269652
1343.0,0.269433
1343.5,0.269214
1344.0,0.268995
1344.5,0.268777
1345.0,0.268559
1345.5,0.268341
1346.0,0.268124
1346.5,0.267907
1347.0,0.267691
1347.5,0.267474
1348.0,0.267259
1348.5,0.267043
1349.0,0.266828
1349.5,0.266613
1350.0,0.266398
1350.5,0.266184
1351.0,0.26597
1351.5,0.265757
1352.0,0.265544
1352.5,0.265331
1353.0,0.265118
1353.5,0.264906
1354.0,0.264694
1354.5,0.264483
1355.0,0.264272
1355.5,0.264061
1356.0,0.26385
1356.5,0.26364
1357.0,0.263431
1357.5,0.263221
1358.0,0.263012
1358.5,0.262803
1359.0,0.262595
1359.5,0.262386
1360.0,0.262179
1360.5,0.261971
1361.0,0.261764
1361.5,0.261557
1362.0,0.261351
1362.5,0.261144
1363.0,0.260939
1363.5,0.260733
1364.0,0.260528
1364.5,0.260323
1365.0,0.260118
1365.5,0.259914
1366.0,0.25971
1366.5,0.259507
1367.0,0.259303
1367.5,0.2591
1368.0,0.258898
1368.5,0.258695
1369.0,0.258493
1369.5,0.258292
1370.0,0.25809
1370.5,0.257889
1371.0,0.257689
1371.5,0.257488
1372.0,0.257288
1372.5,0.257088
1373.0,0.256889
1373.5,0.25669
1374.0,0.256491
1374.5,0.256292
1375.0,0.256094
1375.5,0.255896
1376.0,0.255699
1376.5,0.255501
1377.0,0.255304
1377.5,0.255108
1378.0,0.254911
1378.5,0.254715
1379.0,0.25452
1379.5,0.254324
1380.0,0.254129
1380.5,0.253934
1381.0,0.25374
1381.5,0.253546
1382.0,0.253352
1382.5,0.253158
1383.0,0.252965
1383.5,0.252772
1384.0,0.252579
1384.5,0.252387
1385.0,0.252195
1385.5,0.252003
1386.0,0.251811
1386.5,0.25162
1387.0,0.251429
1387.5,0.251239
1388.0,0.251048
1388.5,0.250858
1389.0,0.250669
1389.5,0.250479
1390.0,0.25029
1390.5,0.250101
1391.0,0.249913
1391.5,0.249724
1392.0,0.249536
1392.5,0.249349
1393.0,0.249161
1393.5,0.248974
1394.0,0.248787
1394.5,0.248601
1395.0,0.248415
1395.5,0.248229
1396.0,0.248043
1396.5,0.247858
1397.0,0.247673
1397.5,0.247488
1398.0,0.247303
1398.5,0.247119
1399.0,0.246935
1399.5,0.246752
1400.0,0.246568
1400.5,0.246385
1401.0,0.246202
1401.5,0.24602
1402.0,0.245838
1402.5,0.245656
1403.0,0.245474
1403.5,0.245293
1404.0,0.245111
1404.5,0.244931
1405.0,0.24475
1405.5,0.24457
1406.0,0.24439
1406.5,0.24421
1407.0,0.244031
1407.5,0.243851
1408.0,0.243672
1408.5,0.243494
1409.0,0.243315
1409.5,0.243137
1410.0,0.242959
1410.5,0.242782
1411.0,0.242605
1411.5,0.242427
1412.0,0.242251
1412.5,0.242074
1413.0,0.241898
1413.5,0.241722
1414.0,0.241546
1414.5,0.241371
1415.0,0.241196
1415.5,0.241021
1416.0,0.240846
1416.5,0.240672
1417.0,0.240498
1417.5,0.240324
1418.0,0.24015
1418.5,0.239977
1419.0,0.239804
1419.5,0.239631
1420.0,0.239459
1420.5,0.239286
1421.0,0.239114
1421.5,0.238942
1422.0,0.238771
1422.5,0.2386
1423.0,0.238429
1423.5,0.238258
1424.0,0.238087
1424.5,0.237917
1425.0,0.237747
1425.5,0.237577
1426.0,0.237408
1426.5,0.237239
1427.0,0.23707
1427.5,0.236901
1428.0,0.236732
1428.5,0.236564
1429.0,0.236396
1429.5,0.236228
1430.0,0.236061
1430.5,0.235894
1431.0,0.235727
1431.5,0.23556
1432.0,0.235393
1432.5,0.235227
1433.0,0.235061
1433.5,0.234895
1434.0,0.23473
1434.5,0.234564
1435.0,0.234399
1435.5,0.234235
1436.0,0.23407
1436.5,0.233906
1437.0,0.233742
1437.5,0.233578
1438.0,0.233414
1438.5,0.233251
1439.0,0.233088
1439.5,0.232925
1440.0,0.232762
1440.5,0.2326
1441.0,0.232437
1441.5,0.232275
1442.0,0.232114
1442.5,0.231952
1443.0,0.231791
1443.5,0.23163
1444.0,0.231469
1444.5,0.231308
1445.0,0.231148
1445.5,0.230988
1446.0,0.230828
1446.5,0.230668
1447.0,0.230509
1447.5,0.23035
1448.0,0.230191
1448.5,0.230032
1449.0,0.229873
1449.5,0.229715
1450.0,0.229557
1450.5,0.229399
1451.0,0.229241
1451.5,0.229084
1452.0,0.228927
1452.5,0.22877
1453.0,0.228613
1453.5,0.228456
1454.0,0.2283
1454.5,0.228144
1455.0,0.227988
1455.5,0.227832
1456.0,0.227677
1456.5,0.227522
1457.0,0.227367
1457.5,0.227212
1458.0,0.227057
1458.5,0.226903
1459.0,0.226749
1459.5,0.226595
1460.0,0.226441
1460.5,0.226288
1461.0,0.226134
1461.5,0.225981
1462.0,0.225828
1462.5,0.225675
1463.0,0.225523
1463.5,0.225371
1464.0,0.225219
1464.5,0.225067
1465.0,0.224915
1465.5,0.224764
1466.0,0.224612
1466.5,0.224461
1467.0,0.224311
1467.5,0.22416
1468.0,0.224009
1468.5,0.223859
1469.0,0.223709
1469.5,0.223559
1470.0,0.22341
1470.5,0.22326
1471.0,0.223111
1471.5,0.222962
1472.0,0.222813
1472.5,0.222664
1473.0,0.222516
1473.5,0.222368
1474.0,0.22222
1474.5,0.222072
1475.0,0.221924
1475.5,0.221777
1476.0,0.221629
1476.5,0.221482
1477.0,0.221335
1477.5,0.221189
1478.0,0.221042
1478.5,0.220896
1479.0,0.22075
1479.5,0.220604
1480.0,0.220458
1480.5,0.220313
1481.0,0.220167
1481.5,0.220022
1482.0,0.219877
1482.5,0.219732
1483.0,0.219587
1483.5,0.219443
1484.0,0.219299
1484.5,0.219155
1485.0,0.219011
1485.5,0.218867
1486.0,0.218723
1486.5,0.21858
1487.0,0.218437
1487.5,0.218294
1488.0,0.218151
1488.5,0.218008
1489.0,0.217866
1489.5,0.217724
1490.0,0.217582
1490.5,0.21744
1491.0,0.217298
1491.5,0.217156
1492.0,0.217015
1492.5,0.216874
1493.0,0.216732
1493.5,0.216592
1494.0,0.216451
1494.5,0.21631
1495.0,0.21617
1495.5,0.21603
1496.0,0.21589
1496.5,0.21575
1497.0,0.21561
1497.5,0.215471
1498.0,0.215331
1498.5,0.215192
1499.0,0.215053
1499.5,0.214914
1500.0,0.214775
1500.5,0.214637
1501.0,0.214498
1501.5,0.21436
1502.0,0.214222
1502.5,0.214084
1503.0,0.213946
1503.5,0.213809
1504.0,0.213671
1504.5,0.213534
1505.0,0.213397
1505.5,0.21326
1506.0,0.213123
1506.5,0.212987
1507.0,0.21285
1507.5,0.212714
1508.0,0.212578
1508.5,0.212442
1509.0,0.212306
1509.5,0.21217
1510.0,0.212035
1510.5,0.211899
1511.0,0.211764
1511.5,0.211629
1512.0,0.211494
1512.5,0.211359
1513.0,0.211225
1513.5,0.21109
1514.0,0.210956
1514.5,0.210822
1515.0,0.210688
1515.5,0.210554
1516.0,0.21042
1516.5,0.210286
1517.0,0.210153
1517.5,0.21002
1518.0,0.209886
1518.5,0.209753
1519.0,0.20962
1519.5,0.209488
1520.0,0.209355
1520.5,0.209223
1521.0,0.20909
1521.5,0.208958
1522.0,0.208826
1522.5,0.208694
1523.0,0.208562
1523.5,0.208431
1524.0,0.208299
1524.5,0.208168
1525.0,0.208037
1525.5,0.207906
1526.0,0.207775
1526.5,0.207644
1527.0,0.207513
1527.5,0.207383
1528.0,0.207252
1528.5,0.207122
1529.0,0.206992
1529.5,0.206862
1530.0,0.206732
1530.5,0.206602
1531.0,0.206472
1531.5,0.206343
1532.0,0.206213
1532.5,0.206084
1533.0,0.205955
1533.5,0.205826
1534.0,0.205697
1534.5,0.205568
1535.0,0.20544
1535.5,0.205311
1536.0,0.205183
1536.5,0.205054
1537.0,0.204926
1537.5,0.204798
1538.0,0.20467
1538.5,0.204542
1539.0,0.204415
1539.5,0.204287
1540.0,0.20416
1540.5,0.204032
1541.0,0.203905
1541.5,0.203778
1542.0,0.203651
1542.5,0.203524
1543.0,0.203398
1543.5,0.203271
1544.0,0.203144
1544.5,0.203018
1545.0,0.202892
1545.5,0.202765
1546.0,0.202639
1546.5,0.202513
1547.0,0.202388
1547.5,0.202262
1548.0,0.202136
1548.5,0.202011
1549.0,0.201885
1549.5,0.20176
1550.0,0.201635
1550.5,0.20151
1551.0,0.201384
1551.5,0.20126
1552.0,0.201135
1552.5,0.20101
1553.0,0.200885
1553.5,0.200761
1554.0,0.200637
1554.5,0.200512
1555.0,0.200388
1555.5,0.200264
1556.0,0.20014
1556.5,0.200016
1557.0,0.199892
1557.5,0.199769
1558.0,0.199645
1558.5,0.199522
1559.0,0.199398
1559.5,0.199275
1560.0,0.199152
1560.5,0.199028
1561.0,0.198905
1561.5,0.198782
1562.0,0.19866
1562.5,0.198537
1563.0,0.198414
1563.5,0.198292
1564.0,0.198169
1564.5,0.198047
1565.0,0.197924
1565.5,0.197802
1566.0,0.19768
1566.5,0.197558
1567.0,0.197436
1567.5,0.197314
1568.0,0.197192
1568.5,0.197071
1569.0,0.196949
1569.5,0.196827
1570.0,0.196706
1570.5,0.196584
1571.0,0.196463
1571.5,0.196342
1572.0,0.196221
1572.5,0.1961
1573.0,0.195979
1573.5,0.195858
1574.0,0.195737
1574.5,0.195616
1575.0,0.195496
1575.5,0.195375
1576.0,0.195254
1576.5,0.195134
1577.0,0.195014
1577.5,0.194893
1578.0,0.194773
1578.5,0.194653
1579.0,0.194533
1579.5,0.194413
1580.0,0.194293
1580.5,0.194173
1581.0,0.194053
1581.5,0.193933
1582.0,0.193814
1582.5,0.193694
1583.0,0.193575
1583.5,0.193455
1584.0,0.193336
1584.5,0.193216
1585.0,0.193097
1585.5,0.192978
1586.0,0.192859
1586.5,0.19274
1587.0,0.192621
1587.5,0.192502
1588.0,0.192383
1588.5,0.192264
1589.0,0.192145
1589.5,0.192026
1590.0,0.191908
1590.5,0.191789
1591.0,0.191671
1591.5,0.191552
1592.0,0.191434
1592.5,0.191315
1593.0,0.191197
1593.5,0.191079
1594.0,0.190961
1594.5,0.190842
1595.0,0.190724
1595.5,0.190606
1596.0,0.190488
1596.5,0.19037
1597.0,0.190252
1597.5,0.190134
1598.0,0.190017
1598.5,0.189899
1599.0,0.189781
1599.5,0.189664
1600.0,0.189546
1600.5,0.189428
1601.0,0.189311
1601.5,0.189193
1602.0,0.189076
1602.5,0.188959
1603.0,0.188841
1603.5,0.188724
1604.0,0.188607
1604.5,0.188489
1605.0,0.188372
1605.5,0.188255
1606.0,0.188138
1606.5,0.188021
1607.0,0.187904
1607.5,0.187787
1608.0,0.18767
1608.5,0.187553
1609.0,0.187436
1609.5,0.187319
1610.0,0.187203
1610.5,0.187086
1611.0,0.186969
1611.5,0.186852
1612.0,0.186736
1612.5,0.186619
1613.0,0.186503
1613.5,0.186386
1614.0,0.186269
1614.5,0.186153
1615.0,0.186036
1615.5,0.18592
1616.0,0.185804
1616.5,0.185687
1617.0,0.185571
1617.5,0.185454
1618.0,0.185338
1618.5,0.185222
1619.0,0.185106
1619.5,0.184989
1620.0,0.184873
1620.5,0.184757
1621.0,0.184641
1621.5,0.184525
1622.0,0.184408
1622.5,0.184292
1623.0,0.184176
1623.5,0.18406
1624.0,0.183944
1624.5,0.183828
1625.0,0.183712
1625.5,0.183596
1626.0,0.18348
1626.5,0.183364
1627.0,0.183248
1627.5,0.183132
1628.0,0.183016
1628.5,0.1829
1629.0,0.182785
1629.5,0.182669
1630.0,0.182553
1630.5,0.182437
1631.0,0.182321
1631.5,0.182205
1632.0,0.182089
1632.5,0.181974
1633.0,0.181858
1633.5,0.181742
1634.0,0.181626
1634.5,0.18151
1635.0,0.181395
1635.5,0.181279
1636.0,0.181163
1636.5,0.181047
1637.0,0.180931
1637.5,0.180816
1638.0,0.1807
1638.5,0.180584
1639.0,0.180469
1639.5,0.180353
1640.0,0.180237
1640.5,0.180121
1641.0,0.180006
1641.5,0.17989
1642.0,0.179775
1642.5,0.179659
1643.0,0.179543
1643.5,0.179428
1644.0,0.179312
1644.5,0.179196
1645.0,0.179081
1645.5,0.178965
1646.0,0.17885
1646.5,0.178734
1647.0,0.178619
1647.5,0.178503
1648.0,0.178387
1648.5,0.178272
1649.0,0.178156
1649.5,0.178041
1650.0,0.177925
1650.5,0.17781
1651.0,0.177694
1651.5,0.177579
1652.0,0.177464
1652.5,0.177348
1653.0,0.177233
1653.5,0.177117
1654.0,0.177002
1654.5,0.176886
1655.0,0.176771
1655.5,0.176656
1656.0,0.17654
1656.5,0.176425
1657.0,0.17631
1657.5,0.176194
1658.0,0.176079
1658.5,0.175964
1659.0,0.175848
1659.5,0.175733
1660.0,0.175618
1660.5,0.175502
1661.0,0.175387
1661.5,0.175272
1662.0,0.175157
1662.5,0.175042
1663.0,0.174926
1663.5,0.174811
1664.0,0.174696
1664.5,0.174581
1665.0,0.174466
1665.5,0.17435
1666.0,0.174235
1666.5,0.17412
1667.0,0.174005
1667.5,0.17389
1668.0,0.173775
1668.5,0.17366
1669.0,0.173545
1669.5,0.17343
1670.0,0.173315
1670.5,0.1732
1671.0,0.173085
1671.5,0.17297
1672.0,0.172855
1672.5,0.17274
1673.0,0.172625
1673.5,0.17251
1674.0,0.172395
1674.5,0.17228
1675.0,0.172165
1675.5,0.17205
1676.0,0.171935
1676.5,0.17182
1677.0,0.171705
1677.5,0.171591
1678.0,0.171476
1678.5,0.171361
1679.0,0.171246
1679.5,0.171131
1680.0,0.171017
1680.5,0.170902
1681.0,0.170787
1681.5,0.170672
1682.0,0.170558
1682.5,0.170443
1683.0,0.170328
1683.5,0.170213
1684.0,0.170099
1684.5,0.169984
1685.0,0.169869
1685.5,0.169755
1686.0,0.16964
1686.5,0.169526
1687.0,0.169411
1687.5,0.169296
1688.0,0.169182
1688.5,0.169067
1689.0,0.168953
1689.5,0.168838
1690.0,0.168724
1690.5,0.168609
1691.0,0.168495
1691.5,0.16838
1692.0,0.168266
1692.5,0.168151
1693.0,0.168037
1693.5,0.167923
1694.0,0.167808
1694.5,0.167694
1695.0,0.167579
1695.5,0.167465
1696.0,0.167351
1696.5,0.167236
1697.0,0.167122
1697.5,0.167008
1698.0,0.166894
1698.5,0.166779
1699.0,0.166665
1699.5,0.166551
1700.0,0.166437
1700.5,0.166322
1701.0,0.166208
1701.5,0.166094
1702.0,0.16598
1702.5,0.165866
1703.0,0.165752
1703.5,0.165638
1704.0,0.165524
1704.5,0.16541
1705.0,0.165295
1705.5,0.165181
1706.0,0.165067
1706.5,0.164953
1707.0,0.164839
1707.5,0.164725
1708.0,0.164611
1708.5,0.164497
1709.0,0.164384
1709.5,0.16427
1710.0,0.164156
1710.5,0.164042
1711.0,0.163928
1711.5,0.163814
1712.0,0.1637
1712.5,0.163587
1713.0,0.163473
1713.5,0.163359
1714.0,0.163245
1714.5,0.163131
1715.0,0.163018
1715.5,0.162904
1716.0,0.16279
1716.5,0.162677
1717.0,0.162563
1717.5,0.162449
1718.0,0.162336
1718.5,0.162222
1719.0,0.162108
1719.5,0.161995
1720.0,0.161881
1720.5,0.161768
1721.0,0.161654
1721.5,0.161541
1722.0,0.161427
1722.5,0.161314
1723.0,0.1612
1723.5,0.161087
1724.0,0.160973
1724.5,0.16086
1725.0,0.160747
1725.5,0.160633
1726.0,0.16052
1726.5,0.160407
1727.0,0.160293
1727.5,0.16018
1728.0,0.160067
1728.5,0.159953
1729.0,0.15984
1729.5,0.159727
1730.0,0.159614
1730.5,0.159501
1731.0,0.159387
1731.5,0.159274
1732.0,0.159161
1732.5,0.159048
1733.0,0.158935
1733.5,0.158822
1734.0,0.158709
1734.5,0.158596
1735.0,0.158483
1735.5,0.15837
1736.0,0.158257
1736.5,0.158144
1737.0,0.158031
1737.5,0.157918
1738.0,0.157805
1738.5,0.157692
1739.0,0.157579
1739.5,0.157466
1740.0,0.157354
1740.5,0.157241
1741.0,0.157128
1741.5,0.157015
1742.0,0.156903
1742.5,0.15679
1743.0,0.156677
1743.5,0.156564
1744.0,0.156452
1744.5,0.156339
1745.0,0.156226
1745.5,0.156114
1746.0,0.156001
1746.5,0.155889
1747.0,0.155776
1747.5,0.155664
1748.0,0.155551
1748.5,0.155439
1749.0,0.155326
1749.5,0.155214
1750.0,0.155101
1750.5,0.154989
1751.0,0.154876
1751.5,0.154764
1752.0,0.154652
1752.5,0.154539
1753.0,0.154427
1753.5,0.154315
1754.0,0.154202
1754.5,0.15409
1755.0,0.153978
1755.5,0.153866
1756.0,0.153754
1756.5,0.153641
1757.0,0.153529
1757.5,0.153417
1758.0,0.153305
1758.5,0.153193
1759.0,0.153081
1759.5,0.152969
1760.0,0.152857
1760.5,0.152745
1761.0,0.152633
1761.5,0.152521
1762.0,0.152409
1762.5,0.152297
1763.0,0.152185
1763.5,0.152073
1764.0,0.151961
1764.5,0.15185
1765.0,0.151738
1765.5,0.151626
1766.0,0.151514
1766.5,0.151402
1767.0,0.151291
1767.5,0.151179
1768.0,0.151067
1768.5,0.150956
1769.0,0.150844
1769.5,0.150732
1770.0,0.150621
1770.5,0.150509
1771.0,0.150398
1771.5,0.150286
1772.0,0.150175
1772.5,0.150063
1773.0,0.149952
1773.5,0.14984
1774.0,0.149729
1774.5,0.149618
1775.0,0.149506
1775.5,0.149395
1776.0,0.149284
1776.5,0.149172
1777.0,0.149061
1777.5,0.14895
1778.0,0.148838
1778.5,0.148727
1779.0,0.148616
1779.5,0.148505
1780.0,0.148394
1780.5,0.148283
1781.0,0.148172
1781.5,0.148061
1782.0,0.14795
1782.5,0.147838
1783.0,0.147728
1783.5,0.147617
1784.0,0.147506
1784.5,0.147395
1785.0,0.147284
1785.5,0.147173
1786.0,0.147062
1786.5,0.146951
1787.0,0.14684
1787.5,0.14673
1788.0,0.146619
1788.5,0.146508
1789.0,0.146397
1789.5,0.146287
1790.0,0.146176
1790.5,0.146065
1791.0,0.145955
1791.5,0.145844
1792.0,0.145734
1792.5,0.145623
1793.0,0.145513
1793.5,0.145402
1794.0,0.145292
1794.5,0.145181
1795.0,0.145071
1795.5,0.14496
1796.0,0.14485
1796.5,0.14474
1797.0,0.144629
1797.5,0.144519
1798.0,0.144409
1798.5,0.144299
1799.0,0.144188
1799.5,0.144078
1800.0,0.143968
1800.5,0.143858
1801.0,0.143748
1801.5,0.143638
1802.0,0.143528
1802.5,0.143418
1803.0,0.143308
1803.5,0.143198
1804.0,0.143088
1804.5,0.142978
1805.0,0.142868
1805.5,0.142758
1806.0,0.142648
1806.5,0.142538
1807.0,0.142428
1807.5,0.142319
1808.0,0.142209
1808.5,0.142099
1809.0,0.141989
1809.5,0.14188
1810.0,0.14177
1810.5,0.14166
1811.0,0.141551
1811.5,0.141441
1812.0,0.141332
1812.5,0.141222
1813.0,0.141113
1813.5,0.141003
1814.0,0.140894
1814.5,0.140784
1815.0,0.140675
1815.5,0.140565
1816.0,0.140456
1816.5,0.140347
1817.0,0.140238
1817.5,0.140128
1818.0,0.140019
1818.5,0.13991
1819.0,0.139801
1819.5,0.139692
1820.0,0.139582
1820.5,0.139473
1821.0,0.139364
1821.5,0.139255
1822.0,0.139146
1822.5,0.139037
1823.0,0.138928
1823.5,0.138819
1824.0,0.13871
1824.5,0.138602
1825.0,0.138493
1825.5,0.138384
1826.0,0.138275
1826.5,0.138166
1827.0,0.138058
1827.5,0.137949
1828.0,0.13784
1828.5,0.137731
1829.0,0.137623
1829.5,0.137514
1830.0,0.137406
1830.5,0.137297
1831.0,0.137189
1831.5,0.13708
1832.0,0.136972
1832.5,0.136863
1833.0,0.136755
1833.5,0.136646
1834.0,0.136538
1834.5,0.13643
1835.0,0.136322
1835.5,0.136213
1836.0,0.136105
1836.5,0.135997
1837.0,0.135889
1837.5,0.13578
1838.0,0.135672
1838.5,0.135564
1839.0,0.135456
1839.5,0.135348
1840.0,0.13524
1840.5,0.135132
1841.0,0.135024
1841.5,0.134916
1842.0,0.134808
1842.5,0.134701
1843.0,0.134593
1843.5,0.134485
1844.0,0.134377
1844.5,0.13427
1845.0,0.134162
1845.5,0.134054
1846.0,0.133946
1846.5,0.133839
1847.0,0.133731
1847.5,0.133624
1848.0,0.133516
1848.5,0.133409
1849.0,0.133301
1849.5,0.133194
1850.0,0.133086
1850.5,0.132979
1851.0,0.132872
1851.5,0.132764
1852.0,0.132657
1852.5,0.13255
1853.0,0.132443
1853.5,0.132335
1854.0,0.132228
1854.5,0.132121
1855.0,0.132014
1855.5,0.131907
1856.0,0.1318
1856.5,0.131693
1857.0,0.131586
1857.5,0.131479
1858.0,0.131372
1858.5,0.131265
1859.0,0.131158
1859.5,0.131051
1860.0,0.130945
1860.5,0.130838
1861.0,0.130731
1861.5,0.130624
1862.0,0.130518
1862.5,0.130411
1863.0,0.130304
1863.5,0.130198
1864.0,0.130091
1864.5,0.129985
1865.0,0.129878
1865.5,0.129772
1866.0,0.129665
1866.5,0.129559
1867.0,0.129453
1867.5,0.129346
1868.0,0.12924
1868.5,0.129134
1869.0,0.129028
1869.5,0.128921
1870.0,0.128815
1870.5,0.128709
1871.0,0.128603
1871.5,0.128497
1872.0,0.128391
1872.5,0.128285
1873.0,0.128179
1873.5,0.128073
1874.0,0.127967
1874.5,0.127861
1875.0,0.127755
1875.5,0.127649
1876.0,0.127544
1876.5,0.127438
1877.0,0.127332
1877.5,0.127227
1878.0,0.127121
1878.5,0.127015
1879.0,0.12691
1879.5,0.126804
1880.0,0.126699
1880.5,0.126593
1881.0,0.126488
1881.5,0.126382
1882.0,0.126277
1882.5,0.126172
1883.0,0.126066
1883.5,0.125961
1884.0,0.125856
1884.5,0.12575
1885.0,0.125645
1885.5,0.12554
1886.0,0.125435
1886.5,0.12533
1887.0,0.125225
1887.5,0.12512
1888.0,0.125015
1888.5,0.12491
1889.0,0.124805
1889.5,0.1247
1890.0,0.124595
1890.5,0.12449
1891.0,0.124386
1891.5,0.124281
1892.0,0.124176
1892.5,0.124072
1893.0,0.123967
1893.5,0.123862
1894.0,0.123758
1894.5,0.123653
1895.0,0.123549
1895.5,0.123444
1896.0,0.12334
1896.5,0.123235
1897.0,0.123131
1897.5,0.123027
1898.0,0.122922
1898.5,0.122818
1899.0,0.122714
1899.5,0.12261
1900.0,0.122506
1900.5,0.122401
1901.0,0.122297
1901.5,0.122193
1902.0,0.122089
1902.5,0.121985
1903.0,0.121881
1903.5,0.121777
1904.0,0.121674
1904.5,0.12157
1905.0,0.121466
1905.5,0.121362
1906.0,0.121258
1906.5,0.121155
1907.0,0.121051
1907.5,0.120947
1908.0,0.120844
1908.5,0.12074
1909.0,0.120637
1909.5,0.120533
1910.0,0.12043
1910.5,0.120326
1911.0,0.120223
1911.5,0.12012
1912.0,0.120016
1912.5,0.119913
1913.0,0.11981
1913.5,0.119707
1914.0,0.119603
1914.5,0.1195
1915.0,0.119397
1915.5,0.119294
1916.0,0.119191
1916.5,0.119088
1917.0,0.118985
1917.5,0.118882
1918.0,0.11878
1918.5,0.118677
1919.0,0.118574
1919.5,0.118471
1920.0,0.118368
1920.5,0.118266
1921.0,0.118163
1921.5,0.11806
1922.0,0.117958
1922.5,0.117855
1923.0,0.117753
1923.5,0.11765
1924.0,0.117548
1924.5,0.117446
1925.0,0.117343
1925.5,0.117241
1926.0,0.117139
1926.5,0.117036
1927.0,0.116934
1927.5,0.116832
1928.0,0.11673
1928.5,0.116628
1929.0,0.116526
1929.5,0.116424
1930.0,0.116322
1930.5,0.11622
1931.0,0.116118
1931.5,0.116016
1932.0,0.115914
1932.5,0.115813
1933.0,0.115711
1933.5,0.115609
1934.0,0.115507
1934.5,0.115406
1935.0,0.115304
1935.5,0.115203
1936.0,0.115101
1936.5,0.115
1937.0,0.114898
1937.5,0.114797
1938.0,0.114695
1938.5,0.114594
1939.0,0.114493
1939.5,0.114392
1940.0,0.11429
1940.5,0.114189
1941.0,0.114088
1941.5,0.113987
1942.0,0.113886
1942.5,0.113785
1943.0,0.113684
1943.5,0.113583
1944.0,0.113482
1944.5,0.113381
1945.0,0.113281
1945.5,0.11318
1946.0,0.113079
1946.5,0.112978
1947.0,0.112878
1947.5,0.112777
1948.0,0.112677
1948.5,0.112576
1949.0,0.112475
1949.5,0.112375
1950.0,0.112275
1950.5,0.112174
1951.0,0.112074
1951.5,0.111974
1952.0,0.111873
1952.5,0.111773
1953.0,0.111673
1953.5,0.111573
1954.0,0.111473
1954.5,0.111373
1955.0,0.111273
1955.5,0.111173
1956.0,0.111073
1956.5,0.110973
1957.0,0.110873
1957.5,0.110773
1958.0,0.110673
1958.5,0.110574
1959.0,0.110474
1959.5,0.110374
1960.0,0.110275
1960.5,0.110175
1961.0,0.110076
1961.5,0.109976
1962.0,0.109877
1962.5,0.109777
1963.0,0.109678
1963.5,0.109579
1964.0,0.109479
1964.5,0.10938
1965.0,0.109281
1965.5,0.109182
1966.0,0.109083
1966.5,0.108984
1967.0,0.108885
1967.5,0.108786
1968.0,0.108687
1968.5,0.108588
1969.0,0.108489
1969.5,0.10839
1970.0,0.108291
1970.5,0.108192
1971.0,0.108094
1971.5,0.107995
1972.0,0.107897
1972.5,0.107798
1973.0,0.107699
1973.5,0.107601
1974.0,0.107503
1974.5,0.107404
1975.0,0.107306
1975.5,0.107207
1976.0,0.107109
1976.5,0.107011
1977.0,0.106913
1977.5,0.106815
1978.0,0.106716
1978.5,0.106618
1979.0,0.10652
1979.5,0.106422
1980.0,0.106324
1980.5,0.106227
1981.0,0.106129
1981.5,0.106031
1982.0,0.105933
1982.5,0.105835
1983.0,0.105738
1983.5,0.10564
1984.0,0.105543
1984.5,0.105445
1985.0,0.105348
1985.5,0.10525
1986.0,0.105153
1986.5,0.105055
1987.0,0.104958
1987.5,0.104861
1988.0,0.104763
1988.5,0.104666
1989.0,0.104569
1989.5,0.104472
1990.0,0.104375
1990.5,0.104278
1991.0,0.104181
1991.5,0.104084
1992.0,0.103987
1992.5,0.10389
1993.0,0.103793
1993.5,0.103697
1994.0,0.1036
1994.5,0.103503
1995.0,0.103407
1995.5,0.10331
1996.0,0.103214
1996.5,0.103117
1997.0,0.103021
1997.5,0.102924
1998.0,0.102828
1998.5,0.102731
1999.0,0.102635
1999.5,0.102539
2000.0,0.102443
2000.5,0.102347
2001.0,0.102251
2001.5,0.102155
2002.0,0.102059
2002.5,0.101963
2003.0,0.101867
2003.5,0.101771
2004.0,0.101675
2004.5,0.101579
2005.0,0.101483
2005.5,0.101388
2006.0,0.101292
2006.5,0.101197
2007.0,0.101101
2007.5,0.101006
2008.0,0.10091
2008.5,0.100815
2009.0,0.100719
2009.5,0.100624
2010.0,0.100529
2010.5,0.100433
2011.0,0.100338
2011.5,0.100243
2012.0,0.100148
2012.5,0.100053
2013.0,0.099958
2013.5,0.099863
2014.0,0.099768
2014.5,0.099673
2015.0,0.099578
2015.5,0.099484
2016.0,0.099389
2016.5,0.099294
2017.0,0.0992
2017.5,0.099105
2018.0,0.099011
2018.5,0.098916
2019.0,0.098822
2019.5,0.098727
2020.0,0.098633
2020.5,0.098539
2021.0,0.098444
2021.5,0.09835
2022.0,0.098256
2022.5,0.098162
2023.0,0.098068
2023.5,0.097974
2024.0,0.09788
2024.5,0.097786
2025.0,0.097692
2025.5,0.097598
2026.0,0.097504
2026.5,0.097411
2027.0,0.097317
2027.5,0.097223
2028.0,0.09713
2028.5,0.097036
2029.0,0.096943
2029.5,0.096849
2030.0,0.096756
2030.5,0.096662
2031.0,0.096569
2031.5,0.096476
2032.0,0.096383
2032.5,0.09629
2033.0,0.096196
2033.5,0.096103
2034.0,0.09601
2034.5,0.095917
2035.0,0.095824
2035.5,0.095732
2036.0,0.095639
2036.5,0.095546
2037.0,0.095453
2037.5,0.095361
2038.0,0.095268
2038.5,0.095175
2039.0,0.095083
2039.5,0.09499
2040.0,0.094898
2040.5,0.094805
2041.0,0.094713
2041.5,0.094621
2042.0,0.094529
2042.5,0.094436
2043.0,0.094344
2043.5,0.094252
2044.0,0.09416
2044.5,0.094068
2045.0,0.093976
2045.5,0.093884
2046.0,0.093792
2046.5,0.093701
2047.0,0.093609
2047.5,0.093517
2048.0,0.093426
2048.5,0.093334
2049.0,0.093242
2049.5,0.093151
2050.0,0.093059
2050.5,0.092968
2051.0,0.092877
2051.5,0.092785
2052.0,0.092694
2052.5,0.092603
2053.0,0.092512
2053.5,0.092421
2054.0,0.09233
2054.5,0.092239
2055.0,0.092148
2055.5,0.092057
2056.0,0.091966
2056.5,0.091875
2057.0,0.091784
2057.5,0.091694
2058.0,0.091603
2058.5,0.091512
2059.0,0.091422
2059.5,0.091331
2060.0,0.091241
2060.5,0.09115
2061.0,0.09106
2061.5,0.09097
2062.0,0.09088
2062.5,0.090789
2063.0,0.090699
2063.5,0.090609
2064.0,0.090519
2064.5,0.090429
2065.0,0.090339
2065.5,0.090249
2066.0,0.090159
2066.5,0.09007
2067.0,0.08998
2067.5,0.08989
2068.0,0.089801
2068.5,0.089711
2069.0,0.089621
2069.5,0.089532
2070.0,0.089443
2070.5,0.089353
2071.0,0.089264
2071.5,0.089175
2072.0,0.089085
2072.5,0.088996
2073.0,0.088907
2073.5,0.088818
2074.0,0.088729
2074.5,0.08864
2075.0,0.088551
2075.5,0.088462
2076.0,0.088374
2076.5,0.088285
2077.0,0.088196
2077.5,0.088107
2078.0,0.088019
2078.5,0.08793
2079.0,0.087842
2079.5,0.087753
2080.0,0.087665
2080.5,0.087577
2081.0,0.087488
2081.5,0.0874
2082.0,0.087312
2082.5,0.087224
2083.0,0.087136
2083.5,0.087048
2084.0,0.08696
2084.5,0.086872
2085.0,0.086784
2085.5,0.086696
2086.0,0.086609
2086.5,0.086521
2087.0,0.086433
2087.5,0.086346
2088.0,0.086258
2088.5,0.086171
2089.0,0.086083
2089.5,0.085996
2090.0,0.085908
2090.5,0.085821
2091.0,0.085734
2091.5,0.085647
2092.0,0.08556
2092.5,0.085473
2093.0,0.085386
2093.5,0.085299
2094.0,0.085212
2094.5,0.085125
2095.0,0.085038
2095.5,0.084952
2096.0,0.084865
2096.5,0.084778
2097.0,0.084692
2097.5,0.084605
2098.0,0.084519
2098.5,0.084432
2099.0,0.084346
2099.5,0.08426
2100.0,0.084173
2100.5,0.084087
2101.0,0.084001
2101.5,0.083915
2102.0,0.083829
2102.5,0.083743
2103.0,0.083657
2103.5,0.083571
2104.0,0.083486
2104.5,0.0834
2105.0,0.083314
2105.5,0.083229
2106.0,0.083143
2106.5,0.083057
2107.0,0.082972
2107.5,0.082887
2108.0,0.082801
2108.5,0.082716
2109.0,0.082631
2109.5,0.082545
2110.0,0.08246
2110.5,0.082375
2111.0,0.08229
2111.5,0.082205
2112.0,0.08212
2112.5,0.082036
2113.0,0.081951
2113.5,0.081866
2114.0,0.081781
2114.5,0.081697
2115.0,0.081612
2115.5,0.081528
2116.0,0.081443
2116.5,0.081359
2117.0,0.081274
2117.5,0.08119
2118.0,0.081106
2118.5,0.081022
2119.0,0.080938
2119.5,0.080853
2120.0,0.080769
2120.5,0.080685
2121.0,0.080602
2121.5,0.080518
2122.0,0.080434
2122.5,0.08035
2123.0,0.080267
2123.5,0.080183
2124.0,0.080099
2124.5,0.080016
2125.0,0.079932
2125.5,0.079849
2126.0,0.079766
2126.5,0.079682
2127.0,0.079599
2127.5,0.079516
2128.0,0.079433
2128.5,0.07935
2129.0,0.079267
2129.5,0.079184
2130.0,0.079101
2130.5,0.079018
2131.0,0.078936
2131.5,0.078853
2132.0,0.07877
2132.5,0.078688
2133.0,0.078605
2133.5,0.078523
2134.0,0.07844
2134.5,0.078358
2135.0,0.078276
2135.5,0.078193
2136.0,0.078111
2136.5,0.078029
2137.0,0.077947
2137.5,0.077865
2138.0,0.077783
2138.5,0.077701
2139.0,0.07762
2139.5,0.077538
2140.0,0.077456
2140.5,0.077374
2141.0,0.077293
2141.5,0.077211
2142.0,0.07713
2142.5,0.077048
2143.0,0.076967
2143.5,0.076886
2144.0,0.076804
2144.5,0.076723
2145.0,0.076642
2145.5,0.076561
2146.0,0.07648
2146.5,0.076399
2147.0,0.076318
2147.5,0.076238
2148.0,0.076157
2148.5,0.076076
2149.0,0.075995
2149.5,0.075915
2150.0,0.075834
2150.5,0.075754
2151.0,0.075673
2151.5,0.075593
2152.0,0.075513
2152.5,0.075433
2153.0,0.075352
2153.5,0.075272
2154.0,0.075192
2154.5,0.075112
2155.0,0.075032
2155.5,0.074952
2156.0,0.074873
2156.5,0.074793
2157.0,0.074713
2157.5,0.074634
2158.0,0.074554
2158.5,0.074475
2159.0,0.074395
2159.5,0.074316
2160.0,0.074236
2160.5,0.074157
2161.0,0.074078
2161.5,0.073999
2162.0,0.07392
2162.5,0.073841
2163.0,0.073762
2163.5,0.073683
2164.0,0.073604
2164.5,0.073525
2165.0,0.073447
2165.5,0.073368
2166.0,0.073289
2166.5,0.073211
2167.0,0.073132
2167.5,0.073054
2168.0,0.072976
2168.5,0.072897
2169.0,0.072819
2169.5,0.072741
2170.0,0.072663
2170.5,0.072585
2171.0,0.072507
2171.5,0.072429
2172.0,0.072351
2172.5,0.072273
2173.0,0.072195
2173.5,0.072118
2174.0,0.07204
2174.5,0.071963
2175.0,0.071885
2175.5,0.071808
2176.0,0.07173
2176.5,0.071653
2177.0,0.071576
2177.5,0.071499
2178.0,0.071421
2178.5,0.071344
2179.0,0.071267
2179.5,0.071191
2180.0,0.071114
2180.5,0.071037
2181.0,0.07096
2181.5,0.070883
2182.0,0.070807
2182.5,0.07073
2183.0,0.070654
2183.5,0.070577
2184.0,0.070501
2184.5,0.070425
2185.0,0.070349
2185.5,0.070272
2186.0,0.070196
2186.5,0.07012
2187.0,0.070044
2187.5,0.069968
2188.0,0.069892
2188.5,0.069817
2189.0,0.069741
2189.5,0.069665
2190.0,0.06959
2190.5,0.069514
2191.0,0.069439
2191.5,0.069363
2192.0,0.069288
2192.5,0.069213
2193.0,0.069137
2193.5,0.069062
2194.0,0.068987
2194.5,0.068912
2195.0,0.068837
2195.5,0.068762
2196.0,0.068687
2196.5,0.068613
2197.0,0.068538
2197.5,0.068463
2198.0,0.068389
2198.5,0.068314
2199.0,0.06824
2199.5,0.068165
2200.0,0.068091
2200.5,0.068017
2201.0,0.067942
2201.5,0.067868
2202.0,0.067794
2202.5,0.06772
2203.0,0.067646
2203.5,0.067572
2204.0,0.067498
2204.5,0.067425
2205.0,0.067351
2205.5,0.067277
2206.0,0.067204
2206.5,0.06713
2207.0,0.067057
2207.5,0.066983
2208.0,0.06691
2208.5,0.066837
2209.0,0.066763
2209.5,0.06669
2210.0,0.066617
2210.5,0.066544
2211.0,0.066471
2211.5,0.066398
2212.0,0.066325
2212.5,0.066253
2213.0,0.06618
2213.5,0.066107
2214.0,0.066035
2214.5,0.065962
2215.0,0.06589
2215.5,0.065817
2216.0,0.065745
2216.5,0.065673
2217.0,0.0656
2217.5,0.065528
2218.0,0.065456
2218.5,0.065384
2219.0,0.065312
2219.5,0.06524
2220.0,0.065168
2220.5,0.065097
2221.0,0.065025
2221.5,0.064953
2222.0,0.064882
2222.5,0.06481
2223.0,0.064739
2223.5,0.064667
2224.0,0.064596
2224.5,0.064524
2225.0,0.064453
2225.5,0.064382
2226.0,0.064311
2226.5,0.06424
2227.0,0.064169
2227.5,0.064098
2228.0,0.064027
2228.5,0.063956
2229.0,0.063886
2229.5,0.063815
2230.0,0.063744
2230.5,0.063674
2231.0,0.063603
2231.5,0.063533
2232.0,0.063462
2232.5,0.063392
2233.0,0.063322
2233.5,0.063252
2234.0,0.063181
2234.5,0.063111
2235.0,0.063041
2235.5,0.062971
2236.0,0.062902
2236.5,0.062832
2237.0,0.062762
2237.5,0.062692
2238.0,0.062623
2238.5,0.062553
2239.0,0.062483
2239.5,0.062414
2240.0,0.062345
2240.5,0.062275
2241.0,0.062206
2241.5,0.062137
2242.0,0.062068
2242.5,0.061999
2243.0,0.061929
2243.5,0.06186
2244.0,0.061792
2244.5,0.061723
2245.0,0.061654
2245.5,0.061585
2246.0,0.061517
2246.5,0.061448
2247.0,0.061379
2247.5,0.061311
2248.0,0.061242
2248.5,0.061174
2249.0,0.061106
2249.5,0.061037
2250.0,0.060969
2250.5,0.060901
2251.0,0.060833
2251.5,0.060765
2252.0,0.060697
2252.5,0.060629
2253.0,0.060561
2253.5,0.060494
2254.0,0.060426
2254.5,0.060358
2255.0,0.060291
2255.5,0.060223
2256.0,0.060156
2256.5,0.060088
2257.0,0.060021
2257.5,0.059954
2258.0,0.059886
2258.5,0.059819
2259.0,0.059752
2259.5,0.059685
2260.0,0.059618
2260.5,0.059551
2261.0,0.059484
2261.5,0.059417
2262.0,0.059351
2262.5,0.059284
2263.0,0.059217
2263.5,0.059151
2264.0,0.059084
2264.5,0.059018
2265.0,0.058951
2265.5,0.058885
2266.0,0.058819
2266.5,0.058753
2267.0,0.058686
2267.5,0.05862
2268.0,0.058554
2268.5,0.058488
2269.0,0.058422
2269.5,0.058356
2270.0,0.058291
2270.5,0.058225
2271.0,0.058159
2271.5,0.058094
2272.0,0.058028
2272.5,0.057963
2273.0,0.057897
2273.5,0.057832
2274.0,0.057766
2274.5,0.057701
2275.0,0.057636
2275.5,0.057571
2276.0,0.057506
2276.5,0.057441
2277.0,0.057376
2277.5,0.057311
2278.0,0.057246
2278.5,0.057181
2279.0,0.057116
2279.5,0.057052
2280.0,0.056987
2280.5,0.056922
2281.0,0.056858
2281.5,0.056793
2282.0,0.056729
2282.5,0.056665
2283.0,0.0566
2283.5,0.056536
2284.0,0.056472
2284.5,0.056408
2285.0,0.056344
2285.5,0.05628
2286.0,0.056216
2286.5,0.056152
2287.0,0.056088
2287.5,0.056025
2288.0,0.055961
2288.5,0.055897
2289.0,0.055834
2289.5,0.05577
2290.0,0.055707
2290.5,0.055643
2291.0,0.05558
2291.5,0.055517
2292.0,0.055454
2292.5,0.05539
2293.0,0.055327
2293.5,0.055264
2294.0,0.055201
2294.5,0.055138
2295.0,0.055075
2295.5,0.055013
2296.0,0.05495
2296.5,0.054887
2297.0,0.054825
2297.5,0.054762
2298.0,0.054699
2298.5,0.054637
2299.0,0.054575
2299.5,0.054512
2300.0,0.05445
2300.5,0.054388
2301.0,0.054326
2301.5,0.054263
2302.0,0.054201
2302.5,0.054139
2303.0,0.054077
2303.5,0.054015
2304.0,0.053954
2304.5,0.053892
2305.0,0.05383
2305.5,0.053768
2306.0,0.053707
2306.5,0.053645
2307.0,0.053584
2307.5,0.053522
2308.0,0.053461
2308.5,0.0534
2309.0,0.053338
2309.5,0.053277
2310.0,0.053216
2310.5,0.053155
2311.0,0.053094
2311.5,0.053033
2312.0,0.052972
2312.5,0.052911
2313.0,0.05285
2313.5,0.05279
2314.0,0.052729
2314.5,0.052668
2315.0,0.052608
2315.5,0.052547
2316.0,0.052487
2316.5,0.052426
2317.0,0.052366
2317.5,0.052306
2318.0,0.052246
2318.5,0.052185
2319.0,0.052125
2319.5,0.052065
2320.0,0.052005
2320.5,0.051945
2321.0,0.051885
2321.5,0.051826
2322.0,0.051766
2322.5,0.051706
2323.0,0.051646
2323.5,0.051587
2324.0,0.051527
2324.5,0.051468
2325.0,0.051408
2325.5,0.051349
2326.0,0.05129
2326.5,0.05123
2327.0,0.051171
2327.5,0.051112
2328.0,0.051053
2328.5,0.050994
2329.0,0.050935
2329.5,0.050876
2330.0,0.050817
2330.5,0.050758
2331.0,0.050699
2331.5,0.050641
2332.0,0.050582
2332.5,0.050523
2333.0,0.050465
2333.5,0.050406
2334.0,0.050348
2334.5,0.05029
2335.0,0.050231
2335.5,0.050173
2336.0,0.050115
2336.5,0.050057
2337.0,0.049999
2337.5,0.049941
2338.0,0.049883
2338.5,0.049825
2339.0,0.049767
2339.5,0.049709
2340.0,0.049651
2340.5,0.049594
2341.0,0.049536
2341.5,0.049478
2342.0,0.049421
2342.5,0.049363
2343.0,0.049306
2343.5,0.049248
2344.0,0.049191
2344.5,0.049134
2345.0,0.049077
2345.5,0.04902
2346.0,0.048962
2346.5,0.048905
2347.0,0.048848
2347.5,0.048792
2348.0,0.048735
2348.5,0.048678
2349.0,0.048621
2349.5,0.048564
2350.0,0.048508
2350.5,0.048451
2351.0,0.048395
2351.5,0.048338
2352.0,0.048282
2352.5,0.048225
2353.0,0.048169
2353.5,0.048113
2354.0,0.048057
2354.5,0.048
2355.0,0.047944
2355.5,0.047888
2356.0,0.047832
2356.5,0.047776
2357.0,0.047721
2357.5,0.047665
2358.0,0.047609
2358.5,0.047553
2359.0,0.047498
2359.5,0.047442
2360.0,0.047386
2360.5,0.047331
2361.0,0.047275
2361.5,0.04722
2362.0,0.047165
2362.5,0.047109
2363.0,0.047054
2363.5,0.046999
2364.0,0.046944
2364.5,0.046889
2365.0,0.046834
2365.5,0.046779
2366.0,0.046724
2366.5,0.046669
2367.0,0.046614
2367.5,0.04656
2368.0,0.046505
2368.5,0.04645
2369.0,0.046396
2369.5,0.046341
2370.0,0.046287
2370.5,0.046233
2371.0,0.046178
2371.5,0.046124
2372.0,0.04607
2372.5,0.046015
2373.0,0.045961
2373.5,0.045907
2374.0,0.045853
2374.5,0.045799
2375.0,0.045745
2375.5,0.045691
2376.0,0.045638
2376.5,0.045584
2377.0,0.04553
2377.5,0.045477
2378.0,0.045423
2378.5,0.045369
2379.0,0.045316
2379.5,0.045262
2380.0,0.045209
2380.5,0.045156
2381.0,0.045103
2381.5,0.045049
2382.0,0.044996
2382.5,0.044943
2383.0,0.04489
2383.5,0.044837
2384.0,0.044784
2384.5,0.044731
2385.0,0.044678
2385.5,0.044625
2386.0,0.044573
2386.5,0.04452
2387.0,0.044467
2387.5,0.044415
2388.0,0.044362
2388.5,0.04431
2389.0,0.044257
2389.5,0.044205
2390.0,0.044153
2390.5,0.044101
2391.0,0.044048
2391.5,0.043996
2392.0,0.043944
2392.5,0.043892
2393.0,0.04384
2393.5,0.043788
2394.0,0.043736
2394.5,0.043684
2395.0,0.043633
2395.5,0.043581
2396.0,0.043529
2396.5,0.043478
2397.0,0.043426
2397.5,0.043375
2398.0,0.043323
2398.5,0.043272
2399.0,0.04322
2399.5,0.043169
2400.0,0.043118
2400.5,0.043067
2401.0,0.043015
2401.5,0.042964
2402.0,0.042913
2402.5,0.042862
2403.0,0.042811
2403.5,0.04276
2404.0,0.04271
2404.5,0.042659
2405.0,0.042608
2405.5,0.042557
2406.0,0.042507
2406.5,0.042456
2407.0,0.042406
2407.5,0.042355
2408.0,0.042305
2408.5,0.042255
2409.0,0.042204
2409.5,0.042154
2410.0,0.042104
2410.5,0.042054
2411.0,0.042004
2411.5,0.041954
2412.0,0.041904
2412.5,0.041854
2413.0,0.041804
2413.5,0.041754
2414.0,0.041704
2414.5,0.041654
2415.0,0.041605
2415.5,0.041555
2416.0,0.041505
2416.5,0.041456
2417.0,0.041406
2417.5,0.041357
2418.0,0.041308
2418.5,0.041258
2419.0,0.041209
2419.5,0.04116
2420.0,0.041111
2420.5,0.041062
2421.0,0.041013
2421.5,0.040964
2422.0,0.040915
2422.5,0.040866
2423.0,0.040817
2423.5,0.040768
2424.0,0.040719
2424.5,0.040671
2425.0,0.040622
2425.5,0.040573
2426.0,0.040525
2426.5,0.040476
2427.0,0.040428
2427.5,0.04038
2428.0,0.040331
2428.5,0.040283
2429.0,0.040235
2429.5,0.040186
2430.0,0.040138
2430.5,0.04009
2431.0,0.040042
2431.5,0.039994
2432.0,0.039946
2432.5,0.039898
2433.0,0.039851
2433.5,0.039803
2434.0,0.039755
2434.5,0.039707
2435.0,0.03966
2435.5,0.039612
2436.0,0.039565
2436.5,0.039517
2437.0,0.03947
2437.5,0.039423
2438.0,0.039375
2438.5,0.039328
2439.0,0.039281
2439.5,0.039234
2440.0,0.039186
2440.5,0.039139
2441.0,0.039092
2441.5,0.039045
2442.0,0.038999
2442.5,0.038952
2443.0,0.038905
2443.5,0.038858
2444.0,0.038811
2444.5,0.038765
2445.0,0.038718
2445.5,0.038672
2446.0,0.038625
2446.5,0.038579
2447.0,0.038532
2447.5,0.038486
2448.0,0.03844
2448.5,0.038393
2449.0,0.038347
2449.5,0.038301
2450.0,0.038255
2450.5,0.038209
2451.0,0.038163
2451.5,0.038117
2452.0,0.038071
2452.5,0.038025
2453.0,0.037979
2453.5,0.037934
2454.0,0.037888
2454.5,0.037842
2455.0,0.037797
2455.5,0.037751
2456.0,0.037705
2456.5,0.03766
2457.0,0.037615
2457.5,0.037569
2458.0,0.037524
2458.5,0.037479
2459.0,0.037434
2459.5,0.037388
2460.0,0.037343
2460.5,0.037298
2461.0,0.037253
2461.5,0.037208
2462.0,0.037163
2462.5,0.037119
2463.0,0.037074
2463.5,0.037029
2464.0,0.036984
2464.5,0.03694
2465.0,0.036895
2465.5,0.03685
2466.0,0.036806
2466.5,0.036761
2467.0,0.036717
2467.5,0.036673
2468.0,0.036628
2468.5,0.036584
2469.0,0.03654
2469.5,0.036496
2470.0,0.036452
2470.5,0.036408
2471.0,0.036364
2471.5,0.03632
2472.0,0.036276
2472.5,0.036232
2473.0,0.036188
2473.5,0.036144
2474.0,0.0361
2474.5,0.036057
2475.0,0.036013
2475.5,0.03597
2476.0,0.035926
2476.5,0.035883
2477.0,0.035839
2477.5,0.035796
2478.0,0.035752
2478.5,0.035709
2479.0,0.035666
2479.5,0.035623
2480.0,0.03558
2480.5,0.035537
2481.0,0.035494
2481.5,0.035451
2482.0,0.035408
2482.5,0.035365
2483.0,0.035322
2483.5,0.035279
2484.0,0.035236
2484.5,0.035194
2485.0,0.035151
2485.5,0.035108
2486.0,0.035066
2486.5,0.035023
2487.0,0.034981
2487.5,0.034938
2488.0,0.034896
2488.5,0.034854
2489.0,0.034812
2489.5,0.034769
2490.0,0.034727
2490.5,0.034685
2491.0,0.034643
2491.5,0.034601
2492.0,0.034559
2492.5,0.034517
2493.0,0.034475
2493.5,0.034433
2494.0,0.034392
2494.5,0.03435
2495.0,0.034308
2495.5,0.034266
2496.0,0.034225
2496.5,0.034183
2497.0,0.034142
2497.5,0.0341
2498.0,0.034059
2498.5,0.034018
2499.0,0.033976
2499.5,0.033935
2500.0,0.0
