115.0,0.004218
115.5,0.0027
116.0,0.001559
116.5,0.001032
117.0,0.000821
117.5,0.000454
118.0,0.000417
118.5,0.000226
119.0,0.0
119.5,9.5e-05
120.0,0.000605
120.5,0.001548
121.0,0.005655
121.5,0.00867
122.0,0.004748
122.5,0.001014
123.0,0.000255
123.5,0.000225
124.0,0.000245
124.5,0.000259
125.0,0.000205
125.5,0.000164
126.0,0.000184
126.5,0.000129
127.0,9.5e-05
127.5,0.000205
128.0,0.000269
128.5,0.000289
129.0,0.000222
129.5,0.000204
130.0,0.00034
130.5,0.000368
131.0,0.000249
131.5,0.000253
132.0,0.000232
132.5,0.000221
133.0,0.000326
133.5,0.000419
134.0,0.000266
134.5,0.000203
135.0,0.000203
135.5,0.000181
136.0,0.000173
136.5,0.000219
137.0,0.000221
137.5,0.000174
138.0,0.000214
138.5,0.000239
139.0,0.000254
139.5,0.000304
140.0,0.000291
140.5,0.000255
141.0,0.000233
141.5,0.000286
142.0,0.000266
142.5,0.000272
143.0,0.000318
143.5,0.000309
144.0,0.000255
144.5,0.000273
145.0,0.000305
145.5,0.000335
146.0,0.000304
146.5,0.000365
147.0,0.000421
147.5,0.000434
148.0,0.000417
148.5,0.000454
149.0,0.000434
149.5,0.000472
150.0,0.000495
150.5,0.000423
151.0,0.000389
151.5,0.000469
152.0,0.000534
152.5,0.000604
153.0,0.00066
153.5,0.000545
154.0,0.00053
154.5,0.000664
155.0,0.000797
155.5,0.000747
156.0,0.000614
156.5,0.000548
157.0,0.000603
157.5,0.000649
158.0,0.000595
158.5,0.000553
159.0,0.000519
159.5,0.000521
160.0,0.000542
160.5,0.000588
161.0,0.000661
161.5,0.000708
162.0,0.00061
162.5,0.000647
163.0,0.00077
163.5,0.000839
164.0,0.00074
164.5,0.000786
165.0,0.000861
165.5,0.000941
166.0,0.000973
166.5,0.000895
167.0,0.000822
167.5,0.00093
168.0,0.000971
168.5,0.000887
169.0,0.000991
169.5,0.001179
170.0,0.001272
170.5,0.001308
171.0,0.001278
171.5,0.001373
172.0,0.00147
172.5,0.001524
173.0,0.001529
173.5,0.001534
174.0,0.001627
174.5,0.00182
175.0,0.002036
175.5,0.002186
176.0,0.002329
176.5,0.002442
177.0,0.00266
177.5,0.002935
178.0,0.003124
178.5,0.002752
179.0,0.002108
179.5,0.002832
180.0,0.003188
180.5,0.00327
181.0,0.003611
181.5,0.003972
182.0,0.004299
182.5,0.004372
183.0,0.004219
183.5,0.004278
184.0,0.00402
184.5,0.003688
185.0,0.003715
185.5,0.004222
186.0,0.00452
186.5,0.004887
187.0,0.005335
187.5,0.006344
188.0,0.00769
188.5,0.008139
189.0,0.009272
189.5,0.008011
190.0,0.006859
190.5,0.008702
191.0,0.009708
191.5,0.010092
192.0,0.009597
192.5,0.009109
193.0,0.007672
193.5,0.007722
194.0,0.010346
194.5,0.012172
195.0,0.011925
195.5,0.008668
196.0,0.00517
196.5,0.008492
197.0,0.012396
197.5,0.008267
198.0,0.012152
198.5,0.01354
199.0,0.009477
199.5,0.016207
200.0,0.016881
200.5,0.013789
201.0,0.017562
201.5,0.02106
202.0,0.017936
202.5,0.020307
203.0,0.022083
203.5,0.014243
204.0,0.018543
204.5,0.021863
205.0,0.02779
205.5,0.021163
206.0,0.018227
206.5,0.029155
207.0,0.032601
207.5,0.031551
208.0,0.031408
208.5,0.031796
209.0,0.030866
209.5,0.033903
210.0,0.042639
210.5,0.051847
211.0,0.051301
211.5,0.055334
212.0,0.063527
212.5,0.05936
213.0,0.050342
213.5,0.051207
214.0,0.053985
214.5,0.058494
215.0,0.060189
215.5,0.059765
216.0,0.05332
216.5,0.051288
217.0,0.043413
217.5,0.038987
218.0,0.046286
218.5,0.057207
219.0,0.071306
219.5,0.077964
220.0,0.076043
220.5,0.066059
221.0,0.051712
221.5,0.052809
222.0,0.057818
222.5,0.065521
223.0,0.067717
223.5,0.074511
224.0,0.071353
224.5,0.067166
225.0,0.068814
225.5,0.062303
226.0,0.054409
226.5,0.046721
227.0,0.049844
227.5,0.056082
228.0,0.062558
228.5,0.065625
229.0,0.063806
229.5,0.05669
230.0,0.063833
230.5,0.070566
231.0,0.067539
231.5,0.06116
232.0,0.063742
232.5,0.068536
233.0,0.054697
233.5,0.04177
234.0,0.03699
234.5,0.039962
235.0,0.046009
235.5,0.051153
236.0,0.047665
236.5,0.052902
237.0,0.054836
237.5,0.057533
238.0,0.049233
238.5,0.037287
239.0,0.037769
239.5,0.038161
240.0,0.032024
240.5,0.030326
241.0,0.038173
241.5,0.054793
242.0,0.073462
242.5,0.080548
243.0,0.073233
243.5,0.071906
244.0,0.074007
244.5,0.065647
245.0,0.059439
245.5,0.06003
246.0,0.058181
246.5,0.052838
247.0,0.055746
247.5,0.054166
248.0,0.051212
248.5,0.052068
249.0,0.053588
249.5,0.068002
250.0,0.072359
250.5,0.067438
251.0,0.057801
251.5,0.046259
252.0,0.042663
252.5,0.043281
253.0,0.05367
253.5,0.057171
254.0,0.054761
254.5,0.061182
255.0,0.072506
255.5,0.077334
256.0,0.085547
256.5,0.108902
257.0,0.113589
257.5,0.095442
258.0,0.096804
258.5,0.105142
259.0,0.103484
259.5,0.086246
260.0,0.07459
260.5,0.07566
261.0,0.075932
261.5,0.087947
262.0,0.088551
262.5,0.088395
263.0,0.118978
263.5,0.169675
264.0,0.203102
264.5,0.198938
265.0,0.201401
265.5,0.215336
266.0,0.195814
266.5,0.193099
267.0,0.198108
267.5,0.198876
268.0,0.193597
268.5,0.191595
269.0,0.187079
269.5,0.195851
270.0,0.215186
270.5,0.210582
271.0,0.190872
271.5,0.171855
272.0,0.164583
272.5,0.177746
273.0,0.182985
273.5,0.15035
274.0,0.113138
274.5,0.113127
275.0,0.126528
275.5,0.150211
276.0,0.173404
276.5,0.186507
277.0,0.185088
277.5,0.16927
278.0,0.144415
278.5,0.112572
279.0,0.081471
279.5,0.064216
280.0,0.068309
280.5,0.094559
281.0,0.141763
281.5,0.207705
282.0,0.233992
282.5,0.241362
283.0,0.253482
283.5,0.252607
284.0,0.226975
284.5,0.184778
285.0,0.154452
285.5,0.201063
286.0,0.26731
286.5,0.282227
287.0,0.275517
287.5,0.254723
288.0,0.257774
288.5,0.291041
289.0,0.334444
289.5,0.388703
290.0,0.424669
290.5,0.424073
291.0,0.426398
291.5,0.418218
292.0,0.37733
292.5,0.354312
293.0,0.373991
293.5,0.383679
294.0,0.382696
294.5,0.381364
295.0,0.390959
295.5,0.416
296.0,0.406363
296.5,0.37868
297.0,0.382577
297.5,0.405115
298.0,0.350858
298.5,0.33908
299.0,0.37404
299.5,0.348391
300.0,0.320704
300.5,0.338474
301.0,0.362653
301.5,0.35132
302.0,0.36899
302.5,0.410833
303.0,0.418436
303.5,0.403738
304.0,0.400521
304.5,0.422772
305.0,0.427858
305.5,0.390675
306.0,0.373078
306.5,0.389638
307.0,0.412671
307.5,0.414131
308.0,0.430875
308.5,0.418031
309.0,0.379276
309.5,0.36253
310.0,0.397051
310.5,0.453191
311.0,0.480605
311.5,0.445338
312.0,0.437473
312.5,0.451929
313.0,0.461578
313.5,0.482881
314.0,0.466413
314.5,0.454633
315.0,0.473821
315.5,0.426804
316.0,0.416074
316.5,0.483546
317.0,0.53165
317.5,0.514148
318.0,0.472716
318.5,0.471802
319.0,0.484281
319.5,0.493425
320.0,0.501311
320.5,0.524477
321.0,0.54377
321.5,0.5475
322.0,0.533411
322.5,0.506195
323.0,0.48893
323.5,0.500833
324.0,0.527322
324.5,0.549229
325.0,0.562867
325.5,0.570027
326.0,0.578929
326.5,0.593062
327.0,0.590578
327.5,0.556327
328.0,0.527309
328.5,0.539666
329.0,0.573958
329.5,0.601988
330.0,0.616132
330.5,0.61533
331.0,0.604207
331.5,0.589025
332.0,0.576887
332.5,0.573633
333.0,0.579197
333.5,0.591158
334.0,0.603587
334.5,0.609799
335.0,0.6036
335.5,0.582594
336.0,0.559108
336.5,0.54598
337.0,0.543393
337.5,0.548742
338.0,0.560938
338.5,0.577849
339.0,0.591657
339.5,0.595521
340.0,0.592204
340.5,0.587195
341.0,0.587304
341.5,0.596462
342.0,0.605768
342.5,0.606284
343.0,0.601764
343.5,0.596963
344.0,0.587962
344.5,0.572861
345.0,0.566528
345.5,0.579681
346.0,0.589667
346.5,0.576235
347.0,0.56209
347.5,0.569933
348.0,0.579481
348.5,0.569874
349.0,0.560934
349.5,0.574649
350.0,0.600987
350.5,0.622782
351.0,0.669189
351.5,0.666271
352.0,0.640883
352.5,0.620146
353.0,0.654382
353.5,0.69885
354.0,0.720644
354.5,0.729467
355.0,0.724398
355.5,0.714704
356.0,0.70343
356.5,0.663003
357.0,0.610031
357.5,0.579661
358.0,0.545629
358.5,0.537287
359.0,0.599014
359.5,0.663359
360.0,0.681307
360.5,0.647575
361.0,0.622326
361.5,0.637577
362.0,0.640562
362.5,0.689345
363.0,0.706417
363.5,0.673827
364.0,0.70717
364.5,0.701308
365.0,0.72345
365.5,0.804999
366.0,0.830646
366.5,0.812657
367.0,0.790335
367.5,0.785271
368.0,0.769715
368.5,0.759663
369.0,0.782825
369.5,0.819389
370.0,0.83184
370.5,0.775179
371.0,0.767571
371.5,0.81763
372.0,0.755101
372.5,0.75376
373.0,0.746168
373.5,0.671325
374.0,0.699067
374.5,0.686422
375.0,0.674466
375.5,0.767732
376.0,0.768196
376.5,0.75602
377.0,0.768705
377.5,0.860372
378.0,0.958693
378.5,0.937691
379.0,0.835415
379.5,0.762604
380.0,0.804463
380.5,0.914471
381.0,0.935061
381.5,0.852637
382.0,0.779601
382.5,0.69548
383.0,0.61088
383.5,0.573509
384.0,0.675448
384.5,0.823116
385.0,0.875731
385.5,0.850827
386.0,0.839997
386.5,0.890434
387.0,0.852942
387.5,0.819254
388.0,0.796514
388.5,0.730091
389.0,0.740882
389.5,0.843553
390.0,0.886681
390.5,0.891138
391.0,0.929206
391.5,0.905212
392.0,0.82022
392.5,0.679655
393.0,0.462663
393.5,0.428279
394.0,0.608724
394.5,0.770529
395.0,0.869929
395.5,0.861383
396.0,0.731613
396.5,0.522263
397.0,0.490602
397.5,0.716226
398.0,0.910772
398.5,0.992738
399.0,1.044922
399.5,1.075486
400.0,1.085804
400.5,1.093604
401.0,1.122285
401.5,1.131357
402.0,1.141286
402.5,1.143842
403.0,1.105861
403.5,1.113894
404.0,1.133789
404.5,1.089957
405.0,1.116626
405.5,1.091666
406.0,1.067975
406.5,1.071524
407.0,1.076651
407.5,1.052812
408.0,1.069566
408.5,1.119821
409.0,1.119707
409.5,1.031561
410.0,0.924783
410.5,0.957298
411.0,1.075323
411.5,1.141595
412.0,1.146231
412.5,1.142833
413.0,1.128765
413.5,1.153933
414.0,1.169213
414.5,1.152854
415.0,1.143807
415.5,1.128704
416.0,1.157273
416.5,1.172191
417.0,1.121938
417.5,1.092455
418.0,1.100505
418.5,1.106937
419.0,1.121274
419.5,1.108668
420.0,1.082458
420.5,1.128558
421.0,1.168537
421.5,1.155534
422.0,1.131509
422.5,1.058718
423.0,1.069584
423.5,1.086765
424.0,1.100559
424.5,1.104143
425.0,1.096331
425.5,1.097358
426.0,1.093226
426.5,1.107539
427.0,1.071567
427.5,1.078244
428.0,1.098761
428.5,1.064539
429.0,1.01537
429.5,0.975251
430.0,0.893895
430.5,0.86189
431.0,0.915093
431.5,1.042336
432.0,1.085812
432.5,1.051001
433.0,1.071897
433.5,1.010978
434.0,0.91219
434.5,0.998385
435.0,1.080652
435.5,1.12529
436.0,1.161222
436.5,1.178452
437.0,1.147831
437.5,1.128969
438.0,1.100781
438.5,1.067336
439.0,1.104182
439.5,1.130719
440.0,1.122545
440.5,1.119733
441.0,1.149556
441.5,1.151147
442.0,1.178519
442.5,1.185502
443.0,1.175432
443.5,1.166378
444.0,1.179512
444.5,1.190366
445.0,1.177538
445.5,1.129668
446.0,1.122267
446.5,1.156031
447.0,1.179593
447.5,1.210646
448.0,1.194666
448.5,1.201484
449.0,1.196782
449.5,1.20869
450.0,1.231722
450.5,1.260169
451.0,1.257533
451.5,1.240933
452.0,1.225772
452.5,1.179408
453.0,1.139303
453.5,1.154219
454.0,1.181855
454.5,1.175166
455.0,1.165852
455.5,1.182346
456.0,1.205521
456.5,1.211288
457.0,1.221566
457.5,1.230733
458.0,1.194298
458.5,1.180676
459.0,1.183756
459.5,1.185389
460.0,1.18586
460.5,1.204913
461.0,1.213071
461.5,1.211382
462.0,1.217309
462.5,1.213388
463.0,1.211116
463.5,1.199622
464.0,1.186105
464.5,1.171006
465.0,1.173618
465.5,1.180125
466.0,1.187633
466.5,1.154001
467.0,1.138727
467.5,1.156601
468.0,1.150104
468.5,1.168568
469.0,1.180782
469.5,1.180734
470.0,1.152214
470.5,1.138784
471.0,1.141418
471.5,1.15957
472.0,1.183124
472.5,1.179312
473.0,1.155768
473.5,1.166364
474.0,1.165266
474.5,1.163798
475.0,1.166307
475.5,1.164393
476.0,1.155516
476.5,1.143843
477.0,1.151977
477.5,1.184757
478.0,1.194961
478.5,1.177618
479.0,1.172902
479.5,1.181036
480.0,1.177606
480.5,1.181113
481.0,1.182386
481.5,1.189429
482.0,1.182431
482.5,1.180594
483.0,1.176734
483.5,1.151048
484.0,1.141372
484.5,1.13319
485.0,1.115447
485.5,1.047997
486.0,0.931752
486.5,0.920342
487.0,0.962538
487.5,1.008937
488.0,1.062791
488.5,1.078612
489.0,1.074909
489.5,1.101598
490.0,1.128886
490.5,1.132725
491.0,1.124669
491.5,1.114495
492.0,1.06992
492.5,1.084148
493.0,1.125916
493.5,1.112033
494.0,1.110098
494.5,1.135919
495.0,1.147251
495.5,1.123753
496.0,1.129727
496.5,1.143885
497.0,1.148012
497.5,1.153633
498.0,1.11011
498.5,1.084401
499.0,1.102628
499.5,1.106898
500.0,1.087977
500.5,1.073149
501.0,1.070767
501.5,1.046339
502.0,1.050591
502.5,1.074103
503.0,1.092536
503.5,1.09071
504.0,1.064158
504.5,1.075771
505.0,1.074094
505.5,1.095571
506.0,1.114441
506.5,1.107367
507.0,1.094681
507.5,1.083953
508.0,1.060643
508.5,1.077463
509.0,1.097632
509.5,1.091367
510.0,1.078022
510.5,1.079133
511.0,1.07687
511.5,1.106984
512.0,1.105316
512.5,1.074343
513.0,1.062778
513.5,1.048499
514.0,1.038431
514.5,1.046311
515.0,1.04935
515.5,1.054735
516.0,1.065273
516.5,0.999289
517.0,0.940796
517.5,0.963593
518.0,0.976475
518.5,0.965496
519.0,0.989834
519.5,1.008932
520.0,1.029527
520.5,1.030426
521.0,1.036608
521.5,1.045554
522.0,1.050603
522.5,1.021398
523.0,1.016207
523.5,1.028029
524.0,1.046888
524.5,1.061304
525.0,1.057834
525.5,1.059655
526.0,1.039009
526.5,0.9754
527.0,0.951834
527.5,0.976379
528.0,1.010608
528.5,1.034935
529.0,1.066716
529.5,1.055856
530.0,1.04136
530.5,1.054087
531.0,1.06684
531.5,1.06109
532.0,1.043935
532.5,1.010795
533.0,1.004726
533.5,1.023971
534.0,1.02534
534.5,1.031493
535.0,1.047348
535.5,1.071132
536.0,1.065301
536.5,1.036693
537.0,1.020177
537.5,1.033774
538.0,1.04303
538.5,1.046605
539.0,1.031267
539.5,1.009099
540.0,0.99352
540.5,0.987292
541.0,0.997448
541.5,1.016908
542.0,1.032485
542.5,1.025416
543.0,1.009955
543.5,1.022068
544.0,1.042731
544.5,1.028285
545.0,1.026712
545.5,1.017215
546.0,1.018356
546.5,1.022446
547.0,1.031798
547.5,1.011038
548.0,1.002371
548.5,1.018865
549.0,1.027369
549.5,1.024745
550.0,1.019055
550.5,1.013784
551.0,1.008913
551.5,1.020094
552.0,1.028549
552.5,1.015117
553.0,1.000347
553.5,1.012741
554.0,1.020722
554.5,1.018836
555.0,1.019518
555.5,1.017913
556.0,1.017104
556.5,0.995149
557.0,0.987352
557.5,0.992765
558.0,0.999672
558.5,0.977986
559.0,0.958339
559.5,0.960355
560.0,0.9628
560.5,0.985842
561.0,1.004476
561.5,0.979867
562.0,0.982224
562.5,0.983615
563.0,0.995846
563.5,0.989294
564.0,0.985265
564.5,0.990998
565.0,0.987215
565.5,0.960988
566.0,0.947549
566.5,0.964448
567.0,0.977471
567.5,0.985468
568.0,0.973944
568.5,0.95796
569.0,0.967833
569.5,0.981624
570.0,0.969564
570.5,0.944106
571.0,0.936789
571.5,0.959787
572.0,0.984815
572.5,0.983981
573.0,0.979855
573.5,0.977615
574.0,0.98226
574.5,0.975561
575.0,0.962391
575.5,0.960921
576.0,0.971867
576.5,0.978462
577.0,0.981377
577.5,0.972804
578.0,0.957857
578.5,0.95387
579.0,0.959924
579.5,0.954813
580.0,0.961969
580.5,0.961385
581.0,0.960459
581.5,0.964647
582.0,0.971479
582.5,0.982267
583.0,0.982976
583.5,0.979995
584.0,0.979182
584.5,0.980684
585.0,0.968984
585.5,0.944888
586.0,0.950066
586.5,0.970716
587.0,0.969567
587.5,0.970525
588.0,0.965253
588.5,0.928473
589.0,0.864293
589.5,0.865267
590.0,0.919632
590.5,0.948013
591.0,0.949187
591.5,0.941272
592.0,0.944445
592.5,0.937014
593.0,0.932294
593.5,0.936195
594.0,0.946353
594.5,0.938535
595.0,0.926863
595.5,0.932287
596.0,0.943682
596.5,0.953612
597.0,0.948749
597.5,0.937368
598.0,0.924672
598.5,0.911879
599.0,0.91964
599.5,0.928544
600.0,0.922611
600.5,0.914639
601.0,0.913408
601.5,0.902587
602.0,0.895966
602.5,0.907287
603.0,0.92765
603.5,0.933449
604.0,0.918166
604.5,0.910273
605.0,0.905757
605.5,0.899493
606.0,0.906417
606.5,0.902262
607.0,0.91874
607.5,0.913959
608.0,0.898219
608.5,0.894002
609.0,0.903049
609.5,0.898163
610.0,0.881546
610.5,0.889467
611.0,0.91341
611.5,0.909246
612.0,0.892856
612.5,0.887791
613.0,0.885695
613.5,0.859451
614.0,0.867592
614.5,0.876426
615.0,0.869155
615.5,0.868039
616.0,0.84828
616.5,0.849777
617.0,0.85842
617.5,0.872788
618.0,0.87729
618.5,0.870846
619.0,0.865044
619.5,0.874946
620.0,0.882563
620.5,0.893251
621.0,0.887399
621.5,0.876373
622.0,0.864592
622.5,0.855008
623.0,0.851711
623.5,0.857781
624.0,0.845895
624.5,0.843705
625.0,0.854521
625.5,0.846177
626.0,0.850872
626.5,0.856569
627.0,0.849084
627.5,0.83305
628.0,0.825442
628.5,0.84121
629.0,0.843104
629.5,0.831339
630.0,0.828384
630.5,0.837076
631.0,0.833167
631.5,0.818588
632.0,0.833945
632.5,0.845431
633.0,0.836984
633.5,0.824133
634.0,0.827321
634.5,0.835485
635.0,0.842454
635.5,0.831403
636.0,0.820956
636.5,0.834179
637.0,0.844625
637.5,0.843777
638.0,0.839152
638.5,0.829474
639.0,0.823238
639.5,0.821471
640.0,0.820861
640.5,0.817842
641.0,0.818904
641.5,0.823839
642.0,0.825639
642.5,0.826757
643.0,0.82044
643.5,0.825606
644.0,0.828791
644.5,0.818945
645.0,0.802036
645.5,0.808125
646.0,0.817711
646.5,0.81728
647.0,0.812167
647.5,0.806886
648.0,0.810703
648.5,0.80558
649.0,0.781119
649.5,0.783502
650.0,0.810529
650.5,0.817894
651.0,0.816526
651.5,0.813304
652.0,0.819151
652.5,0.813339
653.0,0.805649
653.5,0.807614
654.0,0.79695
654.5,0.782266
655.0,0.748221
655.5,0.687985
656.0,0.648937
656.5,0.688105
657.0,0.747893
657.5,0.773341
658.0,0.785314
658.5,0.782178
659.0,0.784669
659.5,0.793027
660.0,0.804326
660.5,0.799947
661.0,0.797519
661.5,0.805106
662.0,0.802452
662.5,0.799388
663.0,0.797715
663.5,0.800498
664.0,0.794335
664.5,0.790105
665.0,0.793366
665.5,0.788216
666.0,0.781671
666.5,0.778962
667.0,0.786168
667.5,0.784764
668.0,0.78838
668.5,0.796962
669.0,0.796681
669.5,0.79547
670.0,0.785941
670.5,0.779352
671.0,0.777147
671.5,0.777976
672.0,0.788939
672.5,0.786731
673.0,0.786768
673.5,0.778579
674.0,0.769809
674.5,0.767516
675.0,0.765213
675.5,0.773704
676.0,0.774942
676.5,0.772923
677.0,0.776289
677.5,0.779284
678.0,0.773675
678.5,0.771283
679.0,0.766602
679.5,0.767445
680.0,0.771179
680.5,0.781789
681.0,0.783434
681.5,0.783861
682.0,0.786173
682.5,0.789318
683.0,0.790372
683.5,0.78774
684.0,0.783643
684.5,0.780366
685.0,0.775046
685.5,0.768466
686.0,0.761409
686.5,0.754667
687.0,0.749059
687.5,0.745412
688.0,0.744551
688.5,0.746917
689.0,0.751406
689.5,0.756527
690.0,0.760792
690.5,0.763019
691.0,0.763271
691.5,0.76192
692.0,0.759336
692.5,0.75592
693.0,0.752178
693.5,0.748647
694.0,0.745861
694.5,0.744175
695.0,0.743221
695.5,0.742449
696.0,0.741313
696.5,0.739408
697.0,0.736916
697.5,0.748371
698.0,0.735794
698.5,0.734971
699.0,0.727757
699.5,0.727449
700.0,0.721531
700.5,0.711673
701.0,0.719452
701.5,0.718064
702.0,0.720346
702.5,0.721221
703.0,0.728527
703.5,0.730492
704.0,0.728758
704.5,0.73338
705.0,0.735274
705.5,0.732012
706.0,0.72825
706.5,0.72171
707.0,0.724732
707.5,0.730796
708.0,0.725572
708.5,0.717816
709.0,0.712966
709.5,0.713501
710.0,0.711986
710.5,0.715572
711.0,0.713309
711.5,0.71737
712.0,0.716949
712.5,0.716238
713.0,0.717563
713.5,0.720401
714.0,0.722807
714.5,0.715103
715.0,0.715728
715.5,0.718768
716.0,0.713481
716.5,0.699747
717.0,0.699563
717.5,0.690656
718.0,0.681363
718.5,0.673583
719.0,0.673832
719.5,0.679175
720.0,0.677907
720.5,0.678663
721.0,0.692575
721.5,0.705186
722.0,0.708291
722.5,0.700381
723.0,0.681035
723.5,0.678234
724.0,0.684439
724.5,0.681742
725.0,0.683628
725.5,0.67388
726.0,0.678244
726.5,0.684164
727.0,0.686472
727.5,0.677011
728.0,0.675729
728.5,0.673722
729.0,0.668538
729.5,0.677315
730.0,0.673431
730.5,0.674998
731.0,0.677647
731.5,0.678635
732.0,0.678045
732.5,0.677824
733.0,0.675226
733.5,0.675904
734.0,0.679097
734.5,0.674935
735.0,0.665186
735.5,0.664338
736.0,0.663707
736.5,0.657926
737.0,0.661067
737.5,0.670016
738.0,0.670511
738.5,0.661015
739.0,0.657304
739.5,0.657013
740.0,0.6501
740.5,0.643449
741.0,0.646866
741.5,0.661433
742.0,0.663548
742.5,0.648059
743.0,0.654774
743.5,0.655499
744.0,0.652886
744.5,0.648976
745.0,0.651841
745.5,0.655416
746.0,0.651027
746.5,0.650169
747.0,0.650968
747.5,0.648449
748.0,0.645202
748.5,0.643291
749.0,0.638458
749.5,0.632748
750.0,0.637443
750.5,0.640178
751.0,0.639995
751.5,0.647076
752.0,0.652754
752.5,0.652102
753.0,0.653146
753.5,0.655639
754.0,0.65933
754.5,0.658953
755.0,0.660504
755.5,0.658809
756.0,0.657113
756.5,0.655417
757.0,0.653721
757.5,0.652026
758.0,0.65033
758.5,0.648634
759.0,0.646939
759.5,0.645243
760.0,0.643547
760.5,0.641852
761.0,0.640156
761.5,0.63846
762.0,0.636764
762.5,0.635069
763.0,0.633373
763.5,0.631677
764.0,0.629982
764.5,0.628286
765.0,0.62659
765.5,0.624894
766.0,0.623199
766.5,0.621503
767.0,0.619807
767.5,0.618112
768.0,0.616416
768.5,0.61472
769.0,0.613025
769.5,0.611329
770.0,0.609633
770.5,0.607937
771.0,0.606242
771.5,0.604546
772.0,0.60285
772.5,0.601155
773.0,0.599459
773.5,0.602009
774.0,0.601213
774.5,0.596119
775.0,0.595651
775.5,0.601927
776.0,0.603175
776.5,0.603232
777.0,0.59781
777.5,0.591203
778.0,0.594168
778.5,0.597133
779.0,0.595983
779.5,0.594473
780.0,0.592241
780.5,0.594138
781.0,0.593266
781.5,0.594268
782.0,0.595593
782.5,0.594503
783.0,0.589547
783.5,0.587355
784.0,0.590685
784.5,0.591863
785.0,0.591381
785.5,0.591929
786.0,0.591781
786.5,0.588952
787.0,0.588077
787.5,0.584474
788.0,0.582043
788.5,0.583281
789.0,0.584048
789.5,0.580296
790.0,0.580989
790.5,0.581825
791.0,0.57862
791.5,0.574436
792.0,0.573658
792.5,0.572945
793.0,0.5691
793.5,0.568841
794.0,0.569593
794.5,0.569821
795.0,0.57442
795.5,0.575699
796.0,0.572184
796.5,0.575295
797.0,0.577976
797.5,0.578961
798.0,0.579606
798.5,0.57848
799.0,0.576679
799.5,0.57341
800.0,0.56891
800.5,0.570158
801.0,0.570585
801.5,0.57029
802.0,0.569953
802.5,0.567259
803.0,0.566408
803.5,0.571212
804.0,0.571825
804.5,0.567053
805.0,0.567434
805.5,0.570372
806.0,0.572618
806.5,0.571397
807.0,0.570623
807.5,0.570334
808.0,0.568321
808.5,0.565206
809.0,0.562693
809.5,0.561184
810.0,0.56084
810.5,0.561296
811.0,0.562249
811.5,0.563265
812.0,0.563913
812.5,0.56384
813.0,0.56302
813.5,0.561509
814.0,0.559363
814.5,0.556665
815.0,0.553608
815.5,0.550413
816.0,0.547302
816.5,0.544513
817.0,0.542357
817.5,0.541164
818.0,0.541262
818.5,0.542781
819.0,0.545054
819.5,0.547215
820.0,0.548399
820.5,0.547977
821.0,0.546273
821.5,0.543848
822.0,0.541263
822.5,0.539044
823.0,0.537569
823.5,0.537181
824.0,0.538221
824.5,0.540784
825.0,0.543978
825.5,0.54666
826.0,0.54769
826.5,0.546314
827.0,0.543332
827.5,0.53993
828.0,0.537297
828.5,0.536258
829.0,0.536204
829.5,0.536164
830.0,0.535167
830.5,0.532578
831.0,0.529097
831.5,0.525757
832.0,0.523592
832.5,0.523374
833.0,0.524817
833.5,0.527375
834.0,0.530499
834.5,0.533637
835.0,0.536211
835.5,0.537636
836.0,0.53733
836.5,0.534994
837.0,0.531478
837.5,0.527916
838.0,0.525443
838.5,0.524838
839.0,0.525458
839.5,0.526307
840.0,0.526386
840.5,0.525019
841.0,0.522521
841.5,0.520607
842.0,0.518806
842.5,0.52042
843.0,0.520141
843.5,0.51177
844.0,0.510166
844.5,0.509452
845.0,0.51149
845.5,0.519613
846.0,0.520493
846.5,0.514036
847.0,0.507951
847.5,0.515443
848.0,0.511842
848.5,0.51388
849.0,0.502663
849.5,0.464873
850.0,0.445151
850.5,0.489253
851.0,0.499342
851.5,0.493682
852.0,0.498235
852.5,0.499228
853.0,0.49274
853.5,0.457661
854.0,0.38145
854.5,0.385785
855.0,0.458986
855.5,0.484596
856.0,0.488301
856.5,0.495813
857.0,0.494582
857.5,0.492295
858.0,0.491446
858.5,0.487432
859.0,0.488135
859.5,0.48142
860.0,0.479484
860.5,0.485062
861.0,0.47994
861.5,0.483334
862.0,0.485083
862.5,0.486345
863.0,0.487297
863.5,0.487256
864.0,0.48412
864.5,0.477922
865.0,0.471713
865.5,0.452011
866.0,0.390401
866.5,0.387617
867.0,0.443298
867.5,0.460217
868.0,0.465546
868.5,0.467781
869.0,0.464666
869.5,0.472872
870.0,0.474445
870.5,0.471962
871.0,0.466736
871.5,0.465608
872.0,0.471506
872.5,0.469633
873.0,0.465888
873.5,0.4618
874.0,0.460921
874.5,0.455064
875.0,0.45258
875.5,0.451276
876.0,0.458861
876.5,0.465753
877.0,0.46358
877.5,0.466695
878.0,0.469716
878.5,0.468775
879.0,0.460507
879.5,0.463642
880.0,0.466343
880.5,0.451804
881.0,0.458282
881.5,0.469675
882.0,0.470337
882.5,0.464739
883.0,0.470544
883.5,0.468309
884.0,0.466819
884.5,0.467429
885.0,0.464677
885.5,0.461345
886.0,0.448317
886.5,0.441684
887.0,0.452704
887.5,0.462587
888.0,0.467564
888.5,0.469147
889.0,0.470213
889.5,0.468526
890.0,0.471403
890.5,0.476838
891.0,0.472589
891.5,0.47206
892.0,0.470951
892.5,0.464261
893.0,0.472359
893.5,0.471752
894.0,0.470415
894.5,0.46808
895.0,0.465304
895.5,0.462853
896.0,0.461492
896.5,0.461624
897.0,0.462202
897.5,0.461818
898.0,0.459061
898.5,0.45311
899.0,0.445494
899.5,0.438326
900.0,0.433721
900.5,0.433272
901.0,0.436477
901.5,0.442315
902.0,0.44976
902.5,0.457729
903.0,0.464893
903.5,0.46986
904.0,0.471241
904.5,0.468133
905.0,0.461585
905.5,0.453133
906.0,0.444314
906.5,0.43652
907.0,0.430566
907.5,0.427119
908.0,0.42685
908.5,0.430061
909.0,0.43558
909.5,0.441873
910.0,0.447401
910.5,0.450961
911.0,0.452675
911.5,0.453001
912.0,0.452395
912.5,0.45121
913.0,0.449382
913.5,0.446745
914.0,0.44313
914.5,0.438601
915.0,0.434144
915.5,0.430975
916.0,0.430312
916.5,0.432915
917.0,0.437729
917.5,0.443243
918.0,0.447946
918.5,0.450648
919.0,0.451433
919.5,0.450708
920.0,0.448878
920.5,0.446356
921.0,0.44358
921.5,0.440997
922.0,0.439054
922.5,0.438016
923.0,0.437424
923.5,0.436637
924.0,0.435016
924.5,0.43234
925.0,0.430063
925.5,0.43006
926.0,0.434204
926.5,0.443428
927.0,0.454896
927.5,0.46483
928.0,0.469452
928.5,0.466004
929.0,0.455803
929.5,0.441187
930.0,0.424493
930.5,0.408109
931.0,0.394625
931.5,0.386683
932.0,0.386925
932.5,0.396544
933.0,0.410947
933.5,0.424092
934.0,0.429939
934.5,0.424363
935.0,0.410911
935.5,0.395047
936.0,0.382235
936.5,0.376779
937.0,0.37834
937.5,0.385421
938.0,0.396523
938.5,0.409866
939.0,0.422536
939.5,0.43134
940.0,0.433081
940.5,0.425762
941.0,0.412178
941.5,0.396322
942.0,0.382184
942.5,0.37309
943.0,0.369689
943.5,0.371959
944.0,0.379883
944.5,0.392814
945.0,0.407598
945.5,0.420455
946.0,0.427605
946.5,0.426516
947.0,0.419652
947.5,0.410725
948.0,0.403445
948.5,0.400632
949.0,0.401525
949.5,0.404472
950.0,0.40782
950.5,0.410239
951.0,0.41169
951.5,0.412458
952.0,0.412826
952.5,0.412967
953.0,0.412599
953.5,0.411326
954.0,0.408756
954.5,0.404833
955.0,0.400866
955.5,0.398501
956.0,0.399386
956.5,0.404407
957.0,0.411402
957.5,0.417445
958.0,0.419613
958.5,0.415981
959.0,0.408628
959.5,0.400632
960.0,0.395074
960.5,0.394169
961.0,0.396688
961.5,0.400539
962.0,0.40363
962.5,0.404377
963.0,0.403221
963.5,0.401115
964.0,0.399009
964.5,0.397733
965.0,0.39764
965.5,0.39896
966.0,0.401926
966.5,0.406492
967.0,0.411506
967.5,0.415539
968.0,0.417161
968.5,0.415456
969.0,0.411561
969.5,0.407124
970.0,0.403795
970.5,0.402741
971.0,0.403207
971.5,0.403954
972.0,0.403746
972.5,0.401752
973.0,0.398774
973.5,0.396023
974.0,0.394709
974.5,0.395645
975.0,0.398063
975.5,0.400796
976.0,0.40268
976.5,0.402928
977.0,0.402266
977.5,0.401797
978.0,0.402626
978.5,0.405431
979.0,0.409179
979.5,0.41241
980.0,0.413664
980.5,0.411946
981.0,0.408109
981.5,0.403472
982.0,0.399353
982.5,0.396799
983.0,0.395776
983.5,0.395978
984.0,0.397103
984.5,0.398783
985.0,0.400409
985.5,0.40131
986.0,0.400817
986.5,0.398514
987.0,0.395022
987.5,0.391214
988.0,0.387968
988.5,0.385932
989.0,0.384849
989.5,0.384235
990.0,0.383607
990.5,0.3826
991.0,0.381332
991.5,0.380042
992.0,0.378968
992.5,0.378336
993.0,0.378325
993.5,0.379102
994.0,0.380834
994.5,0.383526
995.0,0.386543
995.5,0.389084
996.0,0.390353
996.5,0.389863
997.0,0.38837
997.5,0.386943
998.0,0.386651
998.5,0.388202
999.0,0.390863
999.5,0.393544
1000.0,0.395152
1000.5,0.394837
1001.0,0.392714
1001.5,0.389142
1002.0,0.38448
1002.5,0.379141
1003.0,0.373769
1003.5,0.369067
1004.0,0.365735
1004.5,0.364297
1005.0,0.364568
1005.5,0.366188
1006.0,0.368794
1006.5,0.372028
1007.0,0.37554
1007.5,0.378984
1008.0,0.382013
1008.5,0.384326
1009.0,0.385796
1009.5,0.386339
1010.0,0.385874
1010.5,0.384418
1011.0,0.382391
1011.5,0.380312
1012.0,0.378702
1012.5,0.377973
1013.0,0.378108
1013.5,0.378981
1014.0,0.380467
1014.5,0.382364
1015.0,0.384168
1015.5,0.385295
1016.0,0.385164
1016.5,0.383454
1017.0,0.380894
1017.5,0.378475
1018.0,0.377189
1018.5,0.377725
1019.0,0.379567
1019.5,0.381899
1020.0,0.383904
1020.5,0.384979
1021.0,0.385366
1021.5,0.385521
1022.0,0.385901
1022.5,0.386794
1023.0,0.387829
1023.5,0.388467
1024.0,0.388169
1024.5,0.386575
1025.0,0.38404
1025.5,0.381094
1026.0,0.378271
1026.5,0.37602
1027.0,0.374468
1027.5,0.373657
1028.0,0.373631
1028.5,0.374349
1029.0,0.375425
1029.5,0.37639
1030.0,0.376773
1030.5,0.373289
1031.0,0.372479
1031.5,0.371499
1032.0,0.370524
1032.5,0.369679
1033.0,0.368868
1033.5,0.367939
1034.0,0.366744
1034.5,0.365233
1035.0,0.36377
1035.5,0.362817
1036.0,0.36284
1036.5,0.364091
1037.0,0.365975
1037.5,0.367687
1038.0,0.36842
1038.5,0.367643
1039.0,0.365918
1039.5,0.364081
1040.0,0.36297
1040.5,0.363145
1041.0,0.364076
1041.5,0.364957
1042.0,0.36498
1042.5,0.363569
1043.0,0.361069
1043.5,0.358052
1044.0,0.355092
1044.5,0.3527
1045.0,0.351134
1045.5,0.350586
1046.0,0.351252
1046.5,0.353166
1047.0,0.355729
1047.5,0.358181
1048.0,0.359764
1048.5,0.359934
1049.0,0.359013
1049.5,0.35754
1050.0,0.356051
1050.5,0.354982
1051.0,0.354345
1051.5,0.35405
1052.0,0.354006
1052.5,0.354118
1053.0,0.354264
1053.5,0.35432
1054.0,0.354159
1054.5,0.353681
1055.0,0.35289
1055.5,0.351813
1056.0,0.350477
1056.5,0.348958
1057.0,0.347506
1057.5,0.34642
1058.0,0.345997
1058.5,0.346411
1059.0,0.347329
1059.5,0.348296
1060.0,0.348856
1060.5,0.348665
1061.0,0.347827
1061.5,0.346556
1062.0,0.34507
1062.5,0.344492
1063.0,0.344076
1063.5,0.343659
1064.0,0.343242
1064.5,0.342824
1065.0,0.342406
1065.5,0.341988
1066.0,0.34157
1066.5,0.341151
1067.0,0.340732
1067.5,0.340312
1068.0,0.339893
1068.5,0.339473
1069.0,0.339052
1069.5,0.338632
1070.0,0.338211
1070.5,0.33779
1071.0,0.337369
1071.5,0.336947
1072.0,0.336525
1072.5,0.336103
1073.0,0.33568
1073.5,0.335258
1074.0,0.334835
1074.5,0.334412
1075.0,0.333988
1075.5,0.333565
1076.0,0.333141
1076.5,0.332717
1077.0,0.332292
1077.5,0.331868
1078.0,0.331443
1078.5,0.331018
1079.0,0.330593
1079.5,0.330168
1080.0,0.329742
1080.5,0.329316
1081.0,0.32889
1081.5,0.328464
1082.0,0.328037
1082.5,0.327611
1083.0,0.327184
1083.5,0.326757
1084.0,0.32633
1084.5,0.325902
1085.0,0.325475
1085.5,0.325047
1086.0,0.324619
1086.5,0.324191
1087.0,0.323763
1087.5,0.323335
1088.0,0.322906
1088.5,0.322478
1089.0,0.322049
1089.5,0.32162
1090.0,0.321191
1090.5,0.320762
1091.0,0.320332
1091.5,0.319903
1092.0,0.319473
1092.5,0.319043
1093.0,0.318613
1093.5,0.318184
1094.0,0.317753
1094.5,0.317323
1095.0,0.316893
1095.5,0.316463
1096.0,0.316032
1096.5,0.315602
1097.0,0.315171
1097.5,0.31474
1098.0,0.314309
1098.5,0.313878
1099.0,0.313447
1099.5,0.313016
1100.0,0.312585
1100.5,0.312154
1101.0,0.311723
1101.5,0.311291
1102.0,0.31086
1102.5,0.310429
1103.0,0.309997
1103.5,0.309565
1104.0,0.309134
1104.5,0.308702
1105.0,0.308271
1105.5,0.307839
1106.0,0.307407
1106.5,0.306976
1107.0,0.306544
1107.5,0.306112
1108.0,0.30568
1108.5,0.305248
1109.0,0.304816
1109.5,0.304385
1110.0,0.303953
1110.5,0.303521
1111.0,0.303089
1111.5,0.302657
1112.0,0.302226
1112.5,0.301794
1113.0,0.301362
1113.5,0.30093
1114.0,0.300499
1114.5,0.300067
1115.0,0.299635
1115.5,0.299204
1116.0,0.298772
1116.5,0.29834
1117.0,0.297909
1117.5,0.297478
1118.0,0.297046
1118.5,0.296615
1119.0,0.296184
1119.5,0.295752
1120.0,0.295321
1120.5,0.29489
1121.0,0.294459
1121.5,0.294028
1122.0,0.293597
1122.5,0.293167
1123.0,0.292736
1123.5,0.292306
1124.0,0.291875
1124.5,0.291445
1125.0,0.291014
1125.5,0.290584
1126.0,0.290154
1126.5,0.289724
1127.0,0.289294
1127.5,0.288865
1128.0,0.288435
1128.5,0.288006
1129.0,0.287576
1129.5,0.287147
1130.0,0.286718
1130.5,0.286289
1131.0,0.28586
1131.5,0.285432
1132.0,0.285003
1132.5,0.284575
1133.0,0.284147
1133.5,0.283719
1134.0,0.283291
1134.5,0.282863
1135.0,0.282436
1135.5,0.282008
1136.0,0.281581
1136.5,0.281154
1137.0,0.280728
1137.5,0.280301
1138.0,0.279875
1138.5,0.279448
1139.0,0.279022
1139.5,0.278597
1140.0,0.278171
1140.5,0.277746
1141.0,0.27732
1141.5,0.276895
1142.0,0.276471
1142.5,0.276046
1143.0,0.275622
1143.5,0.275198
1144.0,0.274774
1144.5,0.27435
1145.0,0.273927
1145.5,0.273504
1146.0,0.273081
1146.5,0.272658
1147.0,0.272236
1147.5,0.271814
1148.0,0.271392
1148.5,0.270971
1149.0,0.270549
1149.5,0.270128
1150.0,0.269707
1150.5,0.269287
1151.0,0.268867
1151.5,0.268447
1152.0,0.268027
1152.5,0.267608
1153.0,0.267189
1153.5,0.26677
1154.0,0.266352
1154.5,0.265933
1155.0,0.265516
1155.5,0.265098
1156.0,0.264681
1156.5,0.264264
1157.0,0.263848
1157.5,0.263431
1158.0,0.263015
1158.5,0.2626
1159.0,0.262185
1159.5,0.26177
1160.0,0.261355
1160.5,0.260941
1161.0,0.260527
1161.5,0.260114
1162.0,0.2597
1162.5,0.259288
1163.0,0.258875
1163.5,0.258463
1164.0,0.258051
1164.5,0.25764
1165.0,0.257229
1165.5,0.256819
1166.0,0.256409
1166.5,0.255999
1167.0,0.255589
1167.5,0.25518
1168.0,0.254772
1168.5,0.254364
1169.0,0.253956
1169.5,0.253549
1170.0,0.253142
1170.5,0.252735
1171.0,0.252329
1171.5,0.251923
1172.0,0.251518
1172.5,0.251113
1173.0,0.250709
1173.5,0.250305
1174.0,0.249901
1174.5,0.249498
1175.0,0.249095
1175.5,0.248693
1176.0,0.248292
1176.5,0.24789
1177.0,0.247489
1177.5,0.247089
1178.0,0.246689
1178.5,0.24629
1179.0,0.245891
1179.5,0.245492
1180.0,0.245094
1180.5,0.244697
1181.0,0.2443
1181.5,0.243903
1182.0,0.243507
1182.5,0.243112
1183.0,0.242717
1183.5,0.242322
1184.0,0.241928
1184.5,0.241535
1185.0,0.241142
1185.5,0.240749
1186.0,0.240358
1186.5,0.239966
1187.0,0.239575
1187.5,0.239185
1188.0,0.238795
1188.5,0.238406
1189.0,0.238017
1189.5,0.237629
1190.0,0.237241
1190.5,0.236854
1191.0,0.236468
1191.5,0.236082
1192.0,0.235696
1192.5,0.235312
1193.0,0.234927
1193.5,0.234544
1194.0,0.234161
1194.5,0.233778
1195.0,0.233396
1195.5,0.233015
1196.0,0.232634
1196.5,0.232254
1197.0,0.231874
1197.5,0.231495
1198.0,0.231117
1198.5,0.230739
1199.0,0.230362
1199.5,0.229986
1200.0,0.22961
1200.5,0.229235
1201.0,0.22886
1201.5,0.228486
1202.0,0.228112
1202.5,0.22774
1203.0,0.227368
1203.5,0.226996
1204.0,0.226625
1204.5,0.226255
1205.0,0.225886
1205.5,0.225517
1206.0,0.225149
1206.5,0.224781
1207.0,0.224414
1207.5,0.224048
1208.0,0.223683
1208.5,0.223318
1209.0,0.222954
1209.5,0.22259
1210.0,0.222227
1210.5,0.221865
1211.0,0.221504
1211.5,0.221143
1212.0,0.220783
1212.5,0.220424
1213.0,0.220065
1213.5,0.219708
1214.0,0.219351
1214.5,0.218994
1215.0,0.218638
1215.5,0.218283
1216.0,0.217929
1216.5,0.217576
1217.0,0.217223
1217.5,0.216871
1218.0,0.21652
1218.5,0.216169
1219.0,0.215819
1219.5,0.21547
1220.0,0.215122
1220.5,0.214774
1221.0,0.214428
1221.5,0.214082
1222.0,0.213737
1222.5,0.213392
1223.0,0.213048
1223.5,0.212705
1224.0,0.212363
1224.5,0.212022
1225.0,0.211681
1225.5,0.211341
1226.0,0.211002
1226.5,0.210664
1227.0,0.210326
1227.5,0.209989
1228.0,0.209653
1228.5,0.209318
1229.0,0.208983
1229.5,0.20865
1230.0,0.208317
1230.5,0.207984
1231.0,0.207653
1231.5,0.207322
1232.0,0.206992
1232.5,0.206662
1233.0,0.206334
1233.5,0.206006
1234.0,0.205679
1234.5,0.205352
1235.0,0.205027
1235.5,0.204702
1236.0,0.204378
1236.5,0.204054
1237.0,0.203732
1237.5,0.20341
1238.0,0.203089
1238.5,0.202768
1239.0,0.202448
1239.5,0.202129
1240.0,0.201811
1240.5,0.201494
1241.0,0.201177
1241.5,0.200861
1242.0,0.200545
1242.5,0.200231
1243.0,0.199917
1243.5,0.199604
1244.0,0.199291
1244.5,0.19898
1245.0,0.198669
1245.5,0.198358
1246.0,0.198049
1246.5,0.19774
1247.0,0.197432
1247.5,0.197124
1248.0,0.196818
1248.5,0.196512
1249.0,0.196206
1249.5,0.195902
1250.0,0.195598
1250.5,0.195295
1251.0,0.194992
1251.5,0.194691
1252.0,0.19439
1252.5,0.194089
1253.0,0.19379
1253.5,0.193491
1254.0,0.193193
1254.5,0.192895
1255.0,0.192599
1255.5,0.192302
1256.0,0.192007
1256.5,0.191712
1257.0,0.191418
1257.5,0.191125
1258.0,0.190833
1258.5,0.190541
1259.0,0.190249
1259.5,0.189959
1260.0,0.189669
1260.5,0.18938
1261.0,0.189092
1261.5,0.188804
1262.0,0.188517
1262.5,0.18823
1263.0,0.187945
1263.5,0.18766
1264.0,0.187375
1264.5,0.187092
1265.0,0.186809
1265.5,0.186527
1266.0,0.186245
1266.5,0.185964
1267.0,0.185684
1267.5,0.185404
1268.0,0.185125
1268.5,0.184847
1269.0,0.18457
1269.5,0.184293
1270.0,0.184017
1270.5,0.183741
1271.0,0.183466
1271.5,0.183192
1272.0,0.182919
1272.5,0.182646
1273.0,0.182374
1273.5,0.182102
1274.0,0.181831
1274.5,0.181561
1275.0,0.181292
1275.5,0.181023
1276.0,0.180755
1276.5,0.180487
1277.0,0.18022
1277.5,0.179954
1278.0,0.179688
1278.5,0.179424
1279.0,0.179159
1279.5,0.178896
1280.0,0.178633
1280.5,0.178371
1281.0,0.178109
1281.5,0.177848
1282.0,0.177588
1282.5,0.177328
1283.0,0.177069
1283.5,0.17681
1284.0,0.176553
1284.5,0.176296
1285.0,0.176039
1285.5,0.175783
1286.0,0.175528
1286.5,0.175274
1287.0,0.17502
1287.5,0.174766
1288.0,0.174514
1288.5,0.174262
1289.0,0.17401
1289.5,0.17376
1290.0,0.17351
1290.5,0.17326
1291.0,0.173011
1291.5,0.172763
1292.0,0.172515
1292.5,0.172269
1293.0,0.172022
1293.5,0.171777
1294.0,0.171531
1294.5,0.171287
1295.0,0.171043
1295.5,0.1708
1296.0,0.170557
1296.5,0.170315
1297.0,0.170074
1297.5,0.169833
1298.0,0.169593
1298.5,0.169354
1299.0,0.169115
1299.5,0.168877
1300.0,0.168639
1300.5,0.168402
1301.0,0.168166
1301.5,0.16793
1302.0,0.167695
1302.5,0.16746
1303.0,0.167226
1303.5,0.166993
1304.0,0.16676
1304.5,0.166528
1305.0,0.166296
1305.5,0.166065
1306.0,0.165835
1306.5,0.165605
1307.0,0.165376
1307.5,0.165147
1308.0,0.164919
1308.5,0.164692
1309.0,0.164465
1309.5,0.164239
1310.0,0.164013
1310.5,0.163788
1311.0,0.163564
1311.5,0.16334
1312.0,0.163117
1312.5,0.162894
1313.0,0.162672
1313.5,0.162451
1314.0,0.16223
1314.5,0.16201
1315.0,0.16179
1315.5,0.161571
1316.0,0.161352
1316.5,0.161134
1317.0,0.160917
1317.5,0.1607
1318.0,0.160484
1318.5,0.160268
1319.0,0.160053
1319.5,0.159839
1320.0,0.159625
1320.5,0.159411
1321.0,0.159199
1321.5,0.158986
1322.0,0.158775
1322.5,0.158564
1323.0,0.158353
1323.5,0.158143
1324.0,0.157934
1324.5,0.157725
1325.0,0.157517
1325.5,0.157309
1326.0,0.157102
1326.5,0.156896
1327.0,0.15669
1327.5,0.156484
1328.0,0.156279
1328.5,0.156075
1329.0,0.155871
1329.5,0.155668
1330.0,0.155465
1330.5,0.155263
1331.0,0.155062
1331.5,0.154861
1332.0,0.15466
1332.5,0.15446
1333.0,0.154261
1333.5,0.154062
1334.0,0.153864
1334.5,0.153666
1335.0,0.153469
1335.5,0.153272
1336.0,0.153076
1336.5,0.152881
1337.0,0.152686
1337.5,0.152491
1338.0,0.152297
1338.5,0.152104
1339.0,0.151911
1339.5,0.151719
1340.0,0.151527
1340.5,0.151336
1341.0,0.151145
1341.5,0.150955
1342.0,0.150765
1342.5,0.150576
1343.0,0.150388
1343.5,0.150199
1344.0,0.150012
1344.5,0.149825
1345.0,0.149638
1345.5,0.149452
1346.0,0.149267
1346.5,0.149082
1347.0,0.148898
1347.5,0.148714
1348.0,0.14853
1348.5,0.148348
1349.0,0.148165
1349.5,0.147983
1350.0,0.147802
1350.5,0.147621
1351.0,0.147441
1351.5,0.147261
1352.0,0.147082
1352.5,0.146903
1353.0,0.146725
1353.5,0.146547
1354.0,0.14637
1354.5,0.146193
1355.0,0.146017
1355.5,0.145842
1356.0,0.145666
1356.5,0.145492
1357.0,0.145317
1357.5,0.145144
1358.0,0.144971
1358.5,0.144798
1359.0,0.144626
1359.5,0.144454
1360.0,0.144283
1360.5,0.144112
1361.0,0.143942
1361.5,0.143772
1362.0,0.143603
1362.5,0.143434
1363.0,0.143266
1363.5,0.143098
1364.0,0.142931
1364.5,0.142764
1365.0,0.142598
1365.5,0.142432
1366.0,0.142266
1366.5,0.142101
1367.0,0.141937
1367.5,0.141773
1368.0,0.14161
1368.5,0.141447
1369.0,0.141284
1369.5,0.141122
1370.0,0.140961
1370.5,0.1408
1371.0,0.140639
1371.5,0.140479
1372.0,0.140319
1372.5,0.14016
1373.0,0.140002
1373.5,0.139843
1374.0,0.139686
1374.5,0.139528
1375.0,0.139371
1375.5,0.139215
1376.0,0.139059
1376.5,0.138904
1377.0,0.138749
1377.5,0.138594
1378.0,0.13844
1378.5,0.138287
1379.0,0.138133
1379.5,0.137981
1380.0,0.137829
1380.5,0.137677
1381.0,0.137525
1381.5,0.137375
1382.0,0.137224
1382.5,0.137074
1383.0,0.136925
1383.5,0.136776
1384.0,0.136627
1384.5,0.136479
1385.0,0.136331
1385.5,0.136184
1386.0,0.136037
1386.5,0.135891
1387.0,0.135745
1387.5,0.135599
1388.0,0.135454
1388.5,0.135309
1389.0,0.135165
1389.5,0.135022
1390.0,0.134878
1390.5,0.134735
1391.0,0.134593
1391.5,0.134451
1392.0,0.134309
1392.5,0.134168
1393.0,0.134027
1393.5,0.133887
1394.0,0.133747
1394.5,0.133608
1395.0,0.133469
1395.5,0.13333
1396.0,0.133192
1396.5,0.133054
1397.0,0.132917
1397.5,0.13278
1398.0,0.132643
1398.5,0.132507
1399.0,0.132372
1399.5,0.132237
1400.0,0.132102
1400.5,0.131967
1401.0,0.131833
1401.5,0.1317
1402.0,0.131567
1402.5,0.131434
1403.0,0.131302
1403.5,0.13117
1404.0,0.131038
1404.5,0.130907
1405.0,0.130776
1405.5,0.130646
1406.0,0.130516
1406.5,0.130387
1407.0,0.130257
1407.5,0.130129
1408.0,0.13
1408.5,0.129873
1409.0,0.129745
1409.5,0.129618
1410.0,0.129491
1410.5,0.129365
1411.0,0.129239
1411.5,0.129114
1412.0,0.128988
1412.5,0.128864
1413.0,0.128739
1413.5,0.128615
1414.0,0.128492
1414.5,0.128369
1415.0,0.128246
1415.5,0.128123
1416.0,0.128001
1416.5,0.12788
1417.0,0.127759
1417.5,0.127638
1418.0,0.127517
1418.5,0.127397
1419.0,0.127277
1419.5,0.127158
1420.0,0.127039
1420.5,0.12692
1421.0,0.126802
1421.5,0.126684
1422.0,0.126567
1422.5,0.12645
1423.0,0.126333
1423.5,0.126217
1424.0,0.126101
1424.5,0.125985
1425.0,0.12587
1425.5,0.125755
1426.0,0.12564
1426.5,0.125526
1427.0,0.125412
1427.5,0.125299
1428.0,0.125186
1428.5,0.125073
1429.0,0.124961
1429.5,0.124849
1430.0,0.124737
1430.5,0.124626
1431.0,0.124515
1431.5,0.124404
1432.0,0.124294
1432.5,0.124184
1433.0,0.124075
1433.5,0.123965
1434.0,0.123857
1434.5,0.123748
1435.0,0.12364
1435.5,0.123532
1436.0,0.123425
1436.5,0.123318
1437.0,0.123211
1437.5,0.123104
1438.0,0.122998
1438.5,0.122893
1439.0,0.122787
1439.5,0.122682
1440.0,0.122577
1440.5,0.122473
1441.0,0.122369
1441.5,0.122265
1442.0,0.122162
1442.5,0.122059
1443.0,0.121956
1443.5,0.121854
1444.0,0.121752
1444.5,0.12165
1445.0,0.121549
1445.5,0.121447
1446.0,0.121347
1446.5,0.121246
1447.0,0.121146
1447.5,0.121046
1448.0,0.120947
1448.5,0.120848
1449.0,0.120749
1449.5,0.12065
1450.0,0.120552
1450.5,0.120454
1451.0,0.120357
1451.5,0.12026
1452.0,0.120163
1452.5,0.120066
1453.0,0.11997
1453.5,0.119874
1454.0,0.119778
1454.5,0.119683
1455.0,0.119588
1455.5,0.119493
1456.0,0.119399
1456.5,0.119304
1457.0,0.119211
1457.5,0.119117
1458.0,0.119024
1458.5,0.118931
1459.0,0.118838
1459.5,0.118746
1460.0,0.118654
1460.5,0.118562
1461.0,0.118471
1461.5,0.118379
1462.0,0.118289
1462.5,0.118198
1463.0,0.118108
1463.5,0.118018
1464.0,0.117928
1464.5,0.117839
1465.0,0.11775
1465.5,0.117661
1466.0,0.117572
1466.5,0.117484
1467.0,0.117396
1467.5,0.117308
1468.0,0.117221
1468.5,0.117134
1469.0,0.117047
1469.5,0.11696
1470.0,0.116874
1470.5,0.116788
1471.0,0.116702
1471.5,0.116617
1472.0,0.116532
1472.5,0.116447
1473.0,0.116362
1473.5,0.116278
1474.0,0.116194
1474.5,0.11611
1475.0,0.116026
1475.5,0.115943
1476.0,0.11586
1476.5,0.115777
1477.0,0.115695
1477.5,0.115612
1478.0,0.11553
1478.5,0.115449
1479.0,0.115367
1479.5,0.115286
1480.0,0.115205
1480.5,0.115124
1481.0,0.115044
1481.5,0.114964
1482.0,0.114884
1482.5,0.114804
1483.0,0.114725
1483.5,0.114646
1484.0,0.114567
1484.5,0.114488
1485.0,0.11441
1485.5,0.114332
1486.0,0.114254
1486.5,0.114176
1487.0,0.114099
1487.5,0.114021
1488.0,0.113945
1488.5,0.113868
1489.0,0.113791
1489.5,0.113715
1490.0,0.113639
1490.5,0.113563
1491.0,0.113488
1491.5,0.113413
1492.0,0.113338
1492.5,0.113263
1493.0,0.113188
1493.5,0.113114
1494.0,0.11304
1494.5,0.112966
1495.0,0.112892
1495.5,0.112819
1496.0,0.112746
1496.5,0.112673
1497.0,0.1126
1497.5,0.112528
1498.0,0.112455
1498.5,0.112383
1499.0,0.112311
1499.5,0.11224
1500.0,0.112168
1500.5,0.112097
1501.0,0.112026
1501.5,0.111955
1502.0,0.111885
1502.5,0.111815
1503.0,0.111744
1503.5,0.111675
1504.0,0.111605
1504.5,0.111535
1505.0,0.111466
1505.5,0.111397
1506.0,0.111328
1506.5,0.11126
1507.0,0.111191
1507.5,0.111123
1508.0,0.111055
1508.5,0.110987
1509.0,0.110919
1509.5,0.110852
1510.0,0.110785
1510.5,0.110718
1511.0,0.110651
1511.5,0.110584
1512.0,0.110518
1512.5,0.110451
1513.0,0.110385
1513.5,0.11032
1514.0,0.110254
1514.5,0.110188
1515.0,0.110123
1515.5,0.110058
1516.0,0.109993
1516.5,0.109928
1517.0,0.109864
1517.5,0.109799
1518.0,0.109735
1518.5,0.109671
1519.0,0.109607
1519.5,0.109544
1520.0,0.10948
1520.5,0.109417
1521.0,0.109354
1521.5,0.109291
1522.0,0.109228
1522.5,0.109166
1523.0,0.109103
1523.5,0.109041
1524.0,0.108979
1524.5,0.108917
1525.0,0.108855
1525.5,0.108794
1526.0,0.108732
1526.5,0.108671
1527.0,0.10861
1527.5,0.108549
1528.0,0.108489
1528.5,0.108428
1529.0,0.108368
1529.5,0.108307
1530.0,0.108247
1530.5,0.108187
1531.0,0.108128
1531.5,0.108068
1532.0,0.108009
1532.5,0.107949
1533.0,0.10789
1533.5,0.107831
1534.0,0.107772
1534.5,0.107714
1535.0,0.107655
1535.5,0.107597
1536.0,0.107539
1536.5,0.107481
1537.0,0.107423
1537.5,0.107365
1538.0,0.107307
1538.5,0.10725
1539.0,0.107192
1539.5,0.107135
1540.0,0.107078
1540.5,0.107021
1541.0,0.106964
1541.5,0.106908
1542.0,0.106851
1542.5,0.106795
1543.0,0.106738
1543.5,0.106682
1544.0,0.106626
1544.5,0.10657
1545.0,0.106515
1545.5,0.106459
1546.0,0.106404
1546.5,0.106348
1547.0,0.106293
1547.5,0.106238
1548.0,0.106183
1548.5,0.106128
1549.0,0.106073
1549.5,0.106019
1550.0,0.105964
1550.5,0.10591
1551.0,0.105856
1551.5,0.105802
1552.0,0.105748
1552.5,0.105694
1553.0,0.10564
1553.5,0.105586
1554.0,0.105533
1554.5,0.105479
1555.0,0.105426
1555.5,0.105373
1556.0,0.105319
1556.5,0.105266
1557.0,0.105214
1557.5,0.105161
1558.0,0.105108
1558.5,0.105055
1559.0,0.105003
1559.5,0.104951
1560.0,0.104898
1560.5,0.104846
1561.0,0.104794
1561.5,0.104742
1562.0,0.10469
1562.5,0.104638
1563.0,0.104587
1563.5,0.104535
1564.0,0.104484
1564.5,0.104432
1565.0,0.104381
1565.5,0.10433
1566.0,0.104278
1566.5,0.104227
1567.0,0.104176
1567.5,0.104125
1568.0,0.104075
1568.5,0.104024
1569.0,0.103973
1569.5,0.103923
1570.0,0.103872
1570.5,0.103822
1571.0,0.103772
1571.5,0.103721
1572.0,0.103671
1572.5,0.103621
1573.0,0.103571
1573.5,0.103521
1574.0,0.103471
1574.5,0.103421
1575.0,0.103372
1575.5,0.103322
1576.0,0.103272
1576.5,0.103223
1577.0,0.103174
1577.5,0.103124
1578.0,0.103075
1578.5,0.103026
1579.0,0.102976
1579.5,0.102927
1580.0,0.102878
1580.5,0.102829
1581.0,0.10278
1581.5,0.102731
1582.0,0.102683
1582.5,0.102634
1583.0,0.102585
1583.5,0.102536
1584.0,0.102488
1584.5,0.102439
1585.0,0.102391
1585.5,0.102342
1586.0,0.102294
1586.5,0.102246
1587.0,0.102197
1587.5,0.102149
1588.0,0.102101
1588.5,0.102053
1589.0,0.102004
1589.5,0.101956
1590.0,0.101908
1590.5,0.10186
1591.0,0.101812
1591.5,0.101764
1592.0,0.101717
1592.5,0.101669
1593.0,0.101621
1593.5,0.101573
1594.0,0.101525
1594.5,0.101478
1595.0,0.10143
1595.5,0.101382
1596.0,0.101335
1596.5,0.101287
1597.0,0.101239
1597.5,0.101192
1598.0,0.101144
1598.5,0.101097
1599.0,0.101049
1599.5,0.101002
1600.0,0.100955
1600.5,0.100907
1601.0,0.10086
1601.5,0.100812
1602.0,0.100765
1602.5,0.100718
1603.0,0.100671
1603.5,0.100623
1604.0,0.100576
1604.5,0.100529
1605.0,0.100481
1605.5,0.100434
1606.0,0.100387
1606.5,0.10034
1607.0,0.100292
1607.5,0.100245
1608.0,0.100198
1608.5,0.100151
1609.0,0.100104
1609.5,0.100056
1610.0,0.100009
1610.5,0.099962
1611.0,0.099915
1611.5,0.099868
1612.0,0.099821
1612.5,0.099773
1613.0,0.099726
1613.5,0.099679
1614.0,0.099632
1614.5,0.099585
1615.0,0.099537
1615.5,0.09949
1616.0,0.099443
1616.5,0.099396
1617.0,0.099348
1617.5,0.099301
1618.0,0.099254
1618.5,0.099206
1619.0,0.099159
1619.5,0.099112
1620.0,0.099064
1620.5,0.099017
1621.0,0.09897
1621.5,0.098922
1622.0,0.098875
1622.5,0.098827
1623.0,0.09878
1623.5,0.098732
1624.0,0.098685
1624.5,0.098637
1625.0,0.09859
1625.5,0.098542
1626.0,0.098494
1626.5,0.098447
1627.0,0.098399
1627.5,0.098351
1628.0,0.098304
1628.5,0.098256
1629.0,0.098208
1629.5,0.09816
1630.0,0.098112
1630.5,0.098064
1631.0,0.098016
1631.5,0.097968
1632.0,0.09792
1632.5,0.097872
1633.0,0.097824
1633.5,0.097776
1634.0,0.097727
1634.5,0.097679
1635.0,0.097631
1635.5,0.097582
1636.0,0.097534
1636.5,0.097486
1637.0,0.097437
1637.5,0.097389
1638.0,0.09734
1638.5,0.097291
1639.0,0.097243
1639.5,0.097194
1640.0,0.097145
1640.5,0.097097
1641.0,0.097048
1641.5,0.096999
1642.0,0.09695
1642.5,0.096901
1643.0,0.096852
1643.5,0.096803
1644.0,0.096754
1644.5,0.096705
1645.0,0.096656
1645.5,0.096607
1646.0,0.096557
1646.5,0.096508
1647.0,0.096459
1647.5,0.096409
1648.0,0.09636
1648.5,0.096311
1649.0,0.096261
1649.5,0.096212
1650.0,0.096162
1650.5,0.096113
1651.0,0.096063
1651.5,0.096013
1652.0,0.095964
1652.5,0.095914
1653.0,0.095864
1653.5,0.095814
1654.0,0.095764
1654.5,0.095714
1655.0,0.095665
1655.5,0.095615
1656.0,0.095565
1656.5,0.095515
1657.0,0.095464
1657.5,0.095414
1658.0,0.095364
1658.5,0.095314
1659.0,0.095264
1659.5,0.095213
1660.0,0.095163
1660.5,0.095113
1661.0,0.095062
1661.5,0.095012
1662.0,0.094961
1662.5,0.094911
1663.0,0.09486
1663.5,0.09481
1664.0,0.094759
1664.5,0.094709
1665.0,0.094658
1665.5,0.094607
1666.0,0.094556
1666.5,0.094506
1667.0,0.094455
1667.5,0.094404
1668.0,0.094353
1668.5,0.094302
1669.0,0.094251
1669.5,0.0942
1670.0,0.094149
1670.5,0.094098
1671.0,0.094047
1671.5,0.093996
1672.0,0.093944
1672.5,0.093893
1673.0,0.093842
1673.5,0.093791
1674.0,0.093739
1674.5,0.093688
1675.0,0.093636
1675.5,0.093585
1676.0,0.093533
1676.5,0.093482
1677.0,0.09343
1677.5,0.093379
1678.0,0.093327
1678.5,0.093275
1679.0,0.093224
1679.5,0.093172
1680.0,0.09312
1680.5,0.093068
1681.0,0.093017
1681.5,0.092965
1682.0,0.092913
1682.5,0.092861
1683.0,0.092809
1683.5,0.092757
1684.0,0.092705
1684.5,0.092653
1685.0,0.092601
1685.5,0.092548
1686.0,0.092496
1686.5,0.092444
1687.0,0.092392
1687.5,0.09234
1688.0,0.092287
1688.5,0.092235
1689.0,0.092182
1689.5,0.09213
1690.0,0.092078
1690.5,0.092025
1691.0,0.091973
1691.5,0.09192
1692.0,0.091867
1692.5,0.091815
1693.0,0.091762
1693.5,0.09171
1694.0,0.091657
1694.5,0.091604
1695.0,0.091551
1695.5,0.091498
1696.0,0.091446
1696.5,0.091393
1697.0,0.09134
1697.5,0.091287
1698.0,0.091234
1698.5,0.091181
1699.0,0.091128
1699.5,0.091075
1700.0,0.091022
1700.5,0.090969
1701.0,0.090915
1701.5,0.090862
1702.0,0.090809
1702.5,0.090756
1703.0,0.090702
1703.5,0.090649
1704.0,0.090596
1704.5,0.090542
1705.0,0.090489
1705.5,0.090435
1706.0,0.090382
1706.5,0.090328
1707.0,0.090275
1707.5,0.090221
1708.0,0.090168
1708.5,0.090114
1709.0,0.09006
1709.5,0.090007
1710.0,0.089953
1710.5,0.089899
1711.0,0.089845
1711.5,0.089792
1712.0,0.089738
1712.5,0.089684
1713.0,0.08963
1713.5,0.089576
1714.0,0.089522
1714.5,0.089468
1715.0,0.089414
1715.5,0.08936
1716.0,0.089306
1716.5,0.089252
1717.0,0.089198
1717.5,0.089144
1718.0,0.089089
1718.5,0.089035
1719.0,0.088981
1719.5,0.088927
1720.0,0.088872
1720.5,0.088818
1721.0,0.088763
1721.5,0.088709
1722.0,0.088655
1722.5,0.0886
1723.0,0.088546
1723.5,0.088491
1724.0,0.088437
1724.5,0.088382
1725.0,0.088327
1725.5,0.088273
1726.0,0.088218
1726.5,0.088164
1727.0,0.088109
1727.5,0.088054
1728.0,0.087999
1728.5,0.087945
1729.0,0.08789
1729.5,0.087835
1730.0,0.08778
1730.5,0.087725
1731.0,0.08767
1731.5,0.087615
1732.0,0.08756
1732.5,0.087505
1733.0,0.08745
1733.5,0.087395
1734.0,0.08734
1734.5,0.087285
1735.0,0.08723
1735.5,0.087175
1736.0,0.087119
1736.5,0.087064
1737.0,0.087009
1737.5,0.086954
1738.0,0.086898
1738.5,0.086843
1739.0,0.086788
1739.5,0.086732
1740.0,0.086677
1740.5,0.086621
1741.0,0.086566
1741.5,0.08651
1742.0,0.086455
1742.5,0.086399
1743.0,0.086344
1743.5,0.086288
1744.0,0.086233
1744.5,0.086177
1745.0,0.086121
1745.5,0.086066
1746.0,0.08601
1746.5,0.085954
1747.0,0.085898
1747.5,0.085843
1748.0,0.085787
1748.5,0.085731
1749.0,0.085675
1749.5,0.085619
1750.0,0.085563
1750.5,0.085507
1751.0,0.085452
1751.5,0.085396
1752.0,0.08534
1752.5,0.085284
1753.0,0.085227
1753.5,0.085171
1754.0,0.085115
1754.5,0.085059
1755.0,0.085003
1755.5,0.084947
1756.0,0.084891
1756.5,0.084834
1757.0,0.084778
1757.5,0.084722
1758.0,0.084666
1758.5,0.084609
1759.0,0.084553
1759.5,0.084497
1760.0,0.08444
1760.5,0.084384
1761.0,0.084328
1761.5,0.084271
1762.0,0.084215
1762.5,0.084158
1763.0,0.084102
1763.5,0.084045
1764.0,0.083989
1764.5,0.083932
1765.0,0.083875
1765.5,0.083819
1766.0,0.083762
1766.5,0.083705
1767.0,0.083649
1767.5,0.083592
1768.0,0.083535
1768.5,0.083479
1769.0,0.083422
1769.5,0.083365
1770.0,0.083308
1770.5,0.083251
1771.0,0.083195
1771.5,0.083138
1772.0,0.083081
1772.5,0.083024
1773.0,0.082967
1773.5,0.08291
1774.0,0.082853
1774.5,0.082796
1775.0,0.082739
1775.5,0.082682
1776.0,0.082625
1776.5,0.082568
1777.0,0.082511
1777.5,0.082454
1778.0,0.082396
1778.5,0.082339
1779.0,0.082282
1779.5,0.082225
1780.0,0.082168
1780.5,0.082111
1781.0,0.082053
1781.5,0.081996
1782.0,0.081939
1782.5,0.081881
1783.0,0.081824
1783.5,0.081767
1784.0,0.081709
1784.5,0.081652
1785.0,0.081595
1785.5,0.081537
1786.0,0.08148
1786.5,0.081422
1787.0,0.081365
1787.5,0.081307
1788.0,0.08125
1788.5,0.081192
1789.0,0.081135
1789.5,0.081077
1790.0,0.081019
1790.5,0.080962
1791.0,0.080904
1791.5,0.080847
1792.0,0.080789
1792.5,0.080731
1793.0,0.080673
1793.5,0.080616
1794.0,0.080558
1794.5,0.0805
1795.0,0.080442
1795.5,0.080385
1796.0,0.080327
1796.5,0.080269
1797.0,0.080211
1797.5,0.080153
1798.0,0.080096
1798.5,0.080038
1799.0,0.07998
1799.5,0.079922
1800.0,0.079864
1800.5,0.079806
1801.0,0.079748
1801.5,0.07969
1802.0,0.079632
1802.5,0.079574
1803.0,0.079516
1803.5,0.079458
1804.0,0.0794
1804.5,0.079342
1805.0,0.079284
1805.5,0.079225
1806.0,0.079167
1806.5,0.079109
1807.0,0.079051
1807.5,0.078993
1808.0,0.078935
1808.5,0.078876
1809.0,0.078818
1809.5,0.07876
1810.0,0.078702
1810.5,0.078643
1811.0,0.078585
1811.5,0.078527
1812.0,0.078469
1812.5,0.07841
1813.0,0.078352
1813.5,0.078294
1814.0,0.078235
1814.5,0.078177
1815.0,0.078118
1815.5,0.07806
1816.0,0.078002
1816.5,0.077943
1817.0,0.077885
1817.5,0.077826
1818.0,0.077768
1818.5,0.077709
1819.0,0.077651
1819.5,0.077592
1820.0,0.077534
1820.5,0.077475
1821.0,0.077416
1821.5,0.077358
1822.0,0.077299
1822.5,0.077241
1823.0,0.077182
1823.5,0.077123
1824.0,0.077065
1824.5,0.077006
1825.0,0.076947
1825.5,0.076889
1826.0,0.07683
1826.5,0.076771
1827.0,0.076713
1827.5,0.076654
1828.0,0.076595
1828.5,0.076536
1829.0,0.076478
1829.5,0.076419
1830.0,0.07636
1830.5,0.076301
1831.0,0.076242
1831.5,0.076184
1832.0,0.076125
1832.5,0.076066
1833.0,0.076007
1833.5,0.075948
1834.0,0.075889
1834.5,0.07583
1835.0,0.075772
1835.5,0.075713
1836.0,0.075654
1836.5,0.075595
1837.0,0.075536
1837.5,0.075477
1838.0,0.075418
1838.5,0.075359
1839.0,0.0753
1839.5,0.075241
1840.0,0.075182
1840.5,0.075123
1841.0,0.075064
1841.5,0.075005
1842.0,0.074946
1842.5,0.074887
1843.0,0.074828
1843.5,0.074768
1844.0,0.074709
1844.5,0.07465
1845.0,0.074591
1845.5,0.074532
1846.0,0.074473
1846.5,0.074414
1847.0,0.074355
1847.5,0.074295
1848.0,0.074236
1848.5,0.074177
1849.0,0.074118
1849.5,0.074059
1850.0,0.074
1850.5,0.07394
1851.0,0.073881
1851.5,0.073822
1852.0,0.073763
1852.5,0.073703
1853.0,0.073644
1853.5,0.073585
1854.0,0.073526
1854.5,0.073466
1855.0,0.073407
1855.5,0.073348
1856.0,0.073288
1856.5,0.073229
1857.0,0.07317
1857.5,0.07311
1858.0,0.073051
1858.5,0.072992
1859.0,0.072932
1859.5,0.072873
1860.0,0.072814
1860.5,0.072754
1861.0,0.072695
1861.5,0.072635
1862.0,0.072576
1862.5,0.072517
1863.0,0.072457
1863.5,0.072398
1864.0,0.072338
1864.5,0.072279
1865.0,0.072219
1865.5,0.07216
1866.0,0.072101
1866.5,0.072041
1867.0,0.071982
1867.5,0.071922
1868.0,0.071863
1868.5,0.071803
1869.0,0.071744
1869.5,0.071684
1870.0,0.071625
1870.5,0.071565
1871.0,0.071506
1871.5,0.071446
1872.0,0.071387
1872.5,0.071327
1873.0,0.071268
1873.5,0.071208
1874.0,0.071149
1874.5,0.071089
1875.0,0.071029
1875.5,0.07097
1876.0,0.07091
1876.5,0.070851
1877.0,0.070791
1877.5,0.070732
1878.0,0.070672
1878.5,0.070612
1879.0,0.070553
1879.5,0.070493
1880.0,0.070434
1880.5,0.070374
1881.0,0.070314
1881.5,0.070255
1882.0,0.070195
1882.5,0.070136
1883.0,0.070076
1883.5,0.070016
1884.0,0.069957
1884.5,0.069897
1885.0,0.069837
1885.5,0.069778
1886.0,0.069718
1886.5,0.069658
1887.0,0.069599
1887.5,0.069539
1888.0,0.069479
1888.5,0.06942
1889.0,0.06936
1889.5,0.0693
1890.0,0.069241
1890.5,0.069181
1891.0,0.069121
1891.5,0.069062
1892.0,0.069002
1892.5,0.068942
1893.0,0.068883
1893.5,0.068823
1894.0,0.068763
1894.5,0.068704
1895.0,0.068644
1895.5,0.068584
1896.0,0.068525
1896.5,0.068465
1897.0,0.068405
1897.5,0.068345
1898.0,0.068286
1898.5,0.068226
1899.0,0.068166
1899.5,0.068107
1900.0,0.068047
1900.5,0.067987
1901.0,0.067927
1901.5,0.067868
1902.0,0.067808
1902.5,0.067748
1903.0,0.067689
1903.5,0.067629
1904.0,0.067569
1904.5,0.067509
1905.0,0.06745
1905.5,0.06739
1906.0,0.06733
1906.5,0.067271
1907.0,0.067211
1907.5,0.067151
1908.0,0.067091
1908.5,0.067032
1909.0,0.066972
1909.5,0.066912
1910.0,0.066852
1910.5,0.066793
1911.0,0.066733
1911.5,0.066673
1912.0,0.066614
1912.5,0.066554
1913.0,0.066494
1913.5,0.066434
1914.0,0.066375
1914.5,0.066315
1915.0,0.066255
1915.5,0.066196
1916.0,0.066136
1916.5,0.066076
1917.0,0.066016
1917.5,0.065957
1918.0,0.065897
1918.5,0.065837
1919.0,0.065778
1919.5,0.065718
1920.0,0.065658
1920.5,0.065599
1921.0,0.065539
1921.5,0.065479
1922.0,0.065419
1922.5,0.06536
1923.0,0.0653
1923.5,0.06524
1924.0,0.065181
1924.5,0.065121
1925.0,0.065061
1925.5,0.065002
1926.0,0.064942
1926.5,0.064882
1927.0,0.064823
1927.5,0.064763
1928.0,0.064703
1928.5,0.064644
1929.0,0.064584
1929.5,0.064524
1930.0,0.064465
1930.5,0.064405
1931.0,0.064345
1931.5,0.064286
1932.0,0.064226
1932.5,0.064167
1933.0,0.064107
1933.5,0.064047
1934.0,0.063988
1934.5,0.063928
1935.0,0.063868
1935.5,0.063809
1936.0,0.063749
1936.5,0.06369
1937.0,0.06363
1937.5,0.06357
1938.0,0.063511
1938.5,0.063451
1939.0,0.063392
1939.5,0.063332
1940.0,0.063273
1940.5,0.063213
1941.0,0.063153
1941.5,0.063094
1942.0,0.063034
1942.5,0.062975
1943.0,0.062915
1943.5,0.062856
1944.0,0.062796
1944.5,0.062737
1945.0,0.062677
1945.5,0.062618
1946.0,0.062558
1946.5,0.062499
1947.0,0.062439
1947.5,0.06238
1948.0,0.06232
1948.5,0.062261
1949.0,0.062201
1949.5,0.062142
1950.0,0.062082
1950.5,0.062023
1951.0,0.061964
1951.5,0.061904
1952.0,0.061845
1952.5,0.061785
1953.0,0.061726
1953.5,0.061666
1954.0,0.061607
1954.5,0.061548
1955.0,0.061488
1955.5,0.061429
1956.0,0.06137
1956.5,0.06131
1957.0,0.061251
1957.5,0.061191
1958.0,0.061132
1958.5,0.061073
1959.0,0.061013
1959.5,0.060954
1960.0,0.060895
1960.5,0.060836
1961.0,0.060776
1961.5,0.060717
1962.0,0.060658
1962.5,0.060598
1963.0,0.060539
1963.5,0.06048
1964.0,0.060421
1964.5,0.060361
1965.0,0.060302
1965.5,0.060243
1966.0,0.060184
1966.5,0.060125
1967.0,0.060065
1967.5,0.060006
1968.0,0.059947
1968.5,0.059888
1969.0,0.059829
1969.5,0.05977
1970.0,0.059711
1970.5,0.059651
1971.0,0.059592
1971.5,0.059533
1972.0,0.059474
1972.5,0.059415
1973.0,0.059356
1973.5,0.059297
1974.0,0.059238
1974.5,0.059179
1975.0,0.05912
1975.5,0.059061
1976.0,0.059002
1976.5,0.058943
1977.0,0.058884
1977.5,0.058825
1978.0,0.058766
1978.5,0.058707
1979.0,0.058648
1979.5,0.058589
1980.0,0.05853
1980.5,0.058471
1981.0,0.058412
1981.5,0.058353
1982.0,0.058294
1982.5,0.058235
1983.0,0.058177
1983.5,0.058118
1984.0,0.058059
1984.5,0.058
1985.0,0.057941
1985.5,0.057882
1986.0,0.057824
1986.5,0.057765
1987.0,0.057706
1987.5,0.057647
1988.0,0.057589
1988.5,0.05753
1989.0,0.057471
1989.5,0.057413
1990.0,0.057354
1990.5,0.057295
1991.0,0.057236
1991.5,0.057178
1992.0,0.057119
1992.5,0.057061
1993.0,0.057002
1993.5,0.056943
1994.0,0.056885
1994.5,0.056826
1995.0,0.056768
1995.5,0.056709
1996.0,0.056651
1996.5,0.056592
1997.0,0.056534
1997.5,0.056475
1998.0,0.056417
1998.5,0.056358
1999.0,0.0563
1999.5,0.056241
2000.0,0.056183
2000.5,0.056124
2001.0,0.056066
2001.5,0.056008
2002.0,0.055949
2002.5,0.055891
2003.0,0.055832
2003.5,0.055774
2004.0,0.055716
2004.5,0.055658
2005.0,0.055599
2005.5,0.055541
2006.0,0.055483
2006.5,0.055425
2007.0,0.055366
2007.5,0.055308
2008.0,0.05525
2008.5,0.055192
2009.0,0.055134
2009.5,0.055075
2010.0,0.055017
2010.5,0.054959
2011.0,0.054901
2011.5,0.054843
2012.0,0.054785
2012.5,0.054727
2013.0,0.054669
2013.5,0.054611
2014.0,0.054553
2014.5,0.054495
2015.0,0.054437
2015.5,0.054379
2016.0,0.054321
2016.5,0.054263
2017.0,0.054205
2017.5,0.054147
2018.0,0.054089
2018.5,0.054032
2019.0,0.053974
2019.5,0.053916
2020.0,0.053858
2020.5,0.0538
2021.0,0.053743
2021.5,0.053685
2022.0,0.053627
2022.5,0.053569
2023.0,0.053512
2023.5,0.053454
2024.0,0.053396
2024.5,0.053339
2025.0,0.053281
2025.5,0.053223
2026.0,0.053166
2026.5,0.053108
2027.0,0.053051
2027.5,0.052993
2028.0,0.052936
2028.5,0.052878
2029.0,0.052821
2029.5,0.052763
2030.0,0.052706
2030.5,0.052648
2031.0,0.052591
2031.5,0.052534
2032.0,0.052476
2032.5,0.052419
2033.0,0.052362
2033.5,0.052304
2034.0,0.052247
2034.5,0.05219
2035.0,0.052132
2035.5,0.052075
2036.0,0.052018
2036.5,0.051961
2037.0,0.051904
2037.5,0.051846
2038.0,0.051789
2038.5,0.051732
2039.0,0.051675
2039.5,0.051618
2040.0,0.051561
2040.5,0.051504
2041.0,0.051447
2041.5,0.05139
2042.0,0.051333
2042.5,0.051276
2043.0,0.051219
2043.5,0.051162
2044.0,0.051105
2044.5,0.051048
2045.0,0.050992
2045.5,0.050935
2046.0,0.050878
2046.5,0.050821
2047.0,0.050764
2047.5,0.050708
2048.0,0.050651
2048.5,0.050594
2049.0,0.050538
2049.5,0.050481
2050.0,0.050424
2050.5,0.050368
2051.0,0.050311
2051.5,0.050255
2052.0,0.050198
2052.5,0.050141
2053.0,0.050085
2053.5,0.050028
2054.0,0.049972
2054.5,0.049916
2055.0,0.049859
2055.5,0.049803
2056.0,0.049746
2056.5,0.04969
2057.0,0.049634
2057.5,0.049577
2058.0,0.049521
2058.5,0.049465
2059.0,0.049409
2059.5,0.049352
2060.0,0.049296
2060.5,0.04924
2061.0,0.049184
2061.5,0.049128
2062.0,0.049072
2062.5,0.049016
2063.0,0.04896
2063.5,0.048904
2064.0,0.048848
2064.5,0.048792
2065.0,0.048736
2065.5,0.04868
2066.0,0.048624
2066.5,0.048568
2067.0,0.048512
2067.5,0.048456
2068.0,0.048401
2068.5,0.048345
2069.0,0.048289
2069.5,0.048233
2070.0,0.048178
2070.5,0.048122
2071.0,0.048066
2071.5,0.048011
2072.0,0.047955
2072.5,0.047899
2073.0,0.047844
2073.5,0.047788
2074.0,0.047733
2074.5,0.047677
2075.0,0.047622
2075.5,0.047566
2076.0,0.047511
2076.5,0.047456
2077.0,0.0474
2077.5,0.047345
2078.0,0.04729
2078.5,0.047234
2079.0,0.047179
2079.5,0.047124
2080.0,0.047069
2080.5,0.047014
2081.0,0.046959
2081.5,0.046903
2082.0,0.046848
2082.5,0.046793
2083.0,0.046738
2083.5,0.046683
2084.0,0.046628
2084.5,0.046573
2085.0,0.046518
2085.5,0.046463
2086.0,0.046409
2086.5,0.046354
2087.0,0.046299
2087.5,0.046244
2088.0,0.046189
2088.5,0.046135
2089.0,0.04608
2089.5,0.046025
2090.0,0.045971
2090.5,0.045916
2091.0,0.045861
2091.5,0.045807
2092.0,0.045752
2092.5,0.045698
2093.0,0.045643
2093.5,0.045589
2094.0,0.045534
2094.5,0.04548
2095.0,0.045426
2095.5,0.045371
2096.0,0.045317
2096.5,0.045263
2097.0,0.045208
2097.5,0.045154
2098.0,0.0451
2098.5,0.045046
2099.0,0.044992
2099.5,0.044938
2100.0,0.044884
2100.5,0.04483
2101.0,0.044775
2101.5,0.044722
2102.0,0.044668
2102.5,0.044614
2103.0,0.04456
2103.5,0.044506
2104.0,0.044452
2104.5,0.044398
2105.0,0.044344
2105.5,0.044291
2106.0,0.044237
2106.5,0.044183
2107.0,0.04413
2107.5,0.044076
2108.0,0.044022
2108.5,0.043969
2109.0,0.043915
2109.5,0.043862
2110.0,0.043808
2110.5,0.043755
2111.0,0.043701
2111.5,0.043648
2112.0,0.043595
2112.5,0.043541
2113.0,0.043488
2113.5,0.043435
2114.0,0.043382
2114.5,0.043328
2115.0,0.043275
2115.5,0.043222
2116.0,0.043169
2116.5,0.043116
2117.0,0.043063
2117.5,0.04301
2118.0,0.042957
2118.5,0.042904
2119.0,0.042851
2119.5,0.042798
2120.0,0.042745
2120.5,0.042693
2121.0,0.04264
2121.5,0.042587
2122.0,0.042534
2122.5,0.042482
2123.0,0.042429
2123.5,0.042376
2124.0,0.042324
2124.5,0.042271
2125.0,0.042219
2125.5,0.042166
2126.0,0.042114
2126.5,0.042061
2127.0,0.042009
2127.5,0.041957
2128.0,0.041904
2128.5,0.041852
2129.0,0.0418
2129.5,0.041748
2130.0,0.041695
2130.5,0.041643
2131.0,0.041591
2131.5,0.041539
2132.0,0.041487
2132.5,0.041435
2133.0,0.041383
2133.5,0.041331
2134.0,0.041279
2134.5,0.041227
2135.0,0.041176
2135.5,0.041124
2136.0,0.041072
2136.5,0.04102
2137.0,0.040969
2137.5,0.040917
2138.0,0.040865
2138.5,0.040814
2139.0,0.040762
2139.5,0.040711
2140.0,0.040659
2140.5,0.040608
2141.0,0.040556
2141.5,0.040505
2142.0,0.040454
2142.5,0.040402
2143.0,0.040351
2143.5,0.0403
2144.0,0.040249
2144.5,0.040197
2145.0,0.040146
2145.5,0.040095
2146.0,0.040044
2146.5,0.039993
2147.0,0.039942
2147.5,0.039891
2148.0,0.03984
2148.5,0.039789
2149.0,0.039739
2149.5,0.039688
2150.0,0.039637
2150.5,0.039586
2151.0,0.039536
2151.5,0.039485
2152.0,0.039434
2152.5,0.039384
2153.0,0.039333
2153.5,0.039283
2154.0,0.039232
2154.5,0.039182
2155.0,0.039132
2155.5,0.039081
2156.0,0.039031
2156.5,0.038981
2157.0,0.03893
2157.5,0.03888
2158.0,0.03883
2158.5,0.03878
2159.0,0.03873
2159.5,0.03868
2160.0,0.03863
2160.5,0.03858
2161.0,0.03853
2161.5,0.03848
2162.0,0.03843
2162.5,0.03838
2163.0,0.038331
2163.5,0.038281
2164.0,0.038231
2164.5,0.038182
2165.0,0.038132
2165.5,0.038082
2166.0,0.038033
2166.5,0.037983
2167.0,0.037934
2167.5,0.037885
2168.0,0.037835
2168.5,0.037786
2169.0,0.037737
2169.5,0.037687
2170.0,0.037638
2170.5,0.037589
2171.0,0.03754
2171.5,0.037491
2172.0,0.037442
2172.5,0.037393
2173.0,0.037344
2173.5,0.037295
2174.0,0.037246
2174.5,0.037197
2175.0,0.037148
2175.5,0.037099
2176.0,0.037051
2176.5,0.037002
2177.0,0.036953
2177.5,0.036905
2178.0,0.036856
2178.5,0.036808
2179.0,0.036759
2179.5,0.036711
2180.0,0.036662
2180.5,0.036614
2181.0,0.036566
2181.5,0.036517
2182.0,0.036469
2182.5,0.036421
2183.0,0.036373
2183.5,0.036325
2184.0,0.036277
2184.5,0.036229
2185.0,0.036181
2185.5,0.036133
2186.0,0.036085
2186.5,0.036037
2187.0,0.035989
2187.5,0.035941
2188.0,0.035894
2188.5,0.035846
2189.0,0.035798
2189.5,0.035751
2190.0,0.035703
2190.5,0.035656
2191.0,0.035608
2191.5,0.035561
2192.0,0.035513
2192.5,0.035466
2193.0,0.035419
2193.5,0.035372
2194.0,0.035324
2194.5,0.035277
2195.0,0.03523
2195.5,0.035183
2196.0,0.035136
2196.5,0.035089
2197.0,0.035042
2197.5,0.034995
2198.0,0.034948
2198.5,0.034901
2199.0,0.034855
2199.5,0.034808
2200.0,0.034761
2200.5,0.034715
2201.0,0.034668
2201.5,0.034621
2202.0,0.034575
2202.5,0.034528
2203.0,0.034482
2203.5,0.034435
2204.0,0.034389
2204.5,0.034343
2205.0,0.034297
2205.5,0.03425
2206.0,0.034204
2206.5,0.034158
2207.0,0.034112
2207.5,0.034066
2208.0,0.03402
2208.5,0.033974
2209.0,0.033928
2209.5,0.033882
2210.0,0.033836
2210.5,0.03379
2211.0,0.033745
2211.5,0.033699
2212.0,0.033653
2212.5,0.033608
2213.0,0.033562
2213.5,0.033516
2214.0,0.033471
2214.5,0.033425
2215.0,0.03338
2215.5,0.033335
2216.0,0.033289
2216.5,0.033244
2217.0,0.033199
2217.5,0.033153
2218.0,0.033108
2218.5,0.033063
2219.0,0.033018
2219.5,0.032973
2220.0,0.032928
2220.5,0.032883
2221.0,0.032838
2221.5,0.032793
2222.0,0.032748
2222.5,0.032704
2223.0,0.032659
2223.5,0.032614
2224.0,0.032569
2224.5,0.032525
2225.0,0.03248
2225.5,0.032436
2226.0,0.032391
2226.5,0.032347
2227.0,0.032302
2227.5,0.032258
2228.0,0.032213
2228.5,0.032169
2229.0,0.032125
2229.5,0.032081
2230.0,0.032037
2230.5,0.031992
2231.0,0.031948
2231.5,0.031904
2232.0,0.03186
2232.5,0.031816
2233.0,0.031772
2233.5,0.031728
2234.0,0.031685
2234.5,0.031641
2235.0,0.031597
2235.5,0.031553
2236.0,0.03151
2236.5,0.031466
2237.0,0.031422
2237.5,0.031379
2238.0,0.031335
2238.5,0.031292
2239.0,0.031248
2239.5,0.031205
2240.0,0.031162
2240.5,0.031118
2241.0,0.031075
2241.5,0.031032
2242.0,0.030989
2242.5,0.030946
2243.0,0.030902
2243.5,0.030859
2244.0,0.030816
2244.5,0.030773
2245.0,0.03073
2245.5,0.030688
2246.0,0.030645
2246.5,0.030602
2247.0,0.030559
2247.5,0.030516
2248.0,0.030474
2248.5,0.030431
2249.0,0.030388
2249.5,0.030346
2250.0,0.030303
2250.5,0.030261
2251.0,0.030218
2251.5,0.030176
2252.0,0.030134
2252.5,0.030091
2253.0,0.030049
2253.5,0.030007
2254.0,0.029964
2254.5,0.029922
2255.0,0.02988
2255.5,0.029838
2256.0,0.029796
2256.5,0.029754
2257.0,0.029712
2257.5,0.02967
2258.0,0.029628
2258.5,0.029586
2259.0,0.029545
2259.5,0.029503
2260.0,0.029461
2260.5,0.029419
2261.0,0.029378
2261.5,0.029336
2262.0,0.029295
2262.5,0.029253
2263.0,0.029212
2263.5,0.02917
2264.0,0.029129
2264.5,0.029087
2265.0,0.029046
2265.5,0.029005
2266.0,0.028964
2266.5,0.028922
2267.0,0.028881
2267.5,0.02884
2268.0,0.028799
2268.5,0.028758
2269.0,0.028717
2269.5,0.028676
2270.0,0.028635
2270.5,0.028594
2271.0,0.028554
2271.5,0.028513
2272.0,0.028472
2272.5,0.028431
2273.0,0.028391
2273.5,0.02835
2274.0,0.028309
2274.5,0.028269
2275.0,0.028228
2275.5,0.028188
2276.0,0.028147
2276.5,0.028107
2277.0,0.028067
2277.5,0.028026
2278.0,0.027986
2278.5,0.027946
2279.0,0.027906
2279.5,0.027865
2280.0,0.027825
2280.5,0.027785
2281.0,0.027745
2281.5,0.027705
2282.0,0.027665
2282.5,0.027625
2283.0,0.027585
2283.5,0.027546
2284.0,0.027506
2284.5,0.027466
2285.0,0.027426
2285.5,0.027387
2286.0,0.027347
2286.5,0.027307
2287.0,0.027268
2287.5,0.027228
2288.0,0.027189
2288.5,0.027149
2289.0,0.02711
2289.5,0.027071
2290.0,0.027031
2290.5,0.026992
2291.0,0.026953
2291.5,0.026914
2292.0,0.026874
2292.5,0.026835
2293.0,0.026796
2293.5,0.026757
2294.0,0.026718
2294.5,0.026679
2295.0,0.02664
2295.5,0.026601
2296.0,0.026563
2296.5,0.026524
2297.0,0.026485
2297.5,0.026446
2298.0,0.026408
2298.5,0.026369
2299.0,0.02633
2299.5,0.026292
2300.0,0.026253
2300.5,0.026215
2301.0,0.026176
2301.5,0.026138
2302.0,0.026099
2302.5,0.026061
2303.0,0.026023
2303.5,0.025985
2304.0,0.025946
2304.5,0.025908
2305.0,0.02587
2305.5,0.025832
2306.0,0.025794
2306.5,0.025756
2307.0,0.025718
2307.5,0.02568
2308.0,0.025642
2308.5,0.025604
2309.0,0.025566
2309.5,0.025528
2310.0,0.025491
2310.5,0.025453
2311.0,0.025415
2311.5,0.025378
2312.0,0.02534
2312.5,0.025302
2313.0,0.025265
2313.5,0.025227
2314.0,0.02519
2314.5,0.025153
2315.0,0.025115
2315.5,0.025078
2316.0,0.025041
2316.5,0.025003
2317.0,0.024966
2317.5,0.024929
2318.0,0.024892
2318.5,0.024855
2319.0,0.024818
2319.5,0.024781
2320.0,0.024744
2320.5,0.024707
2321.0,0.02467
2321.5,0.024633
2322.0,0.024596
2322.5,0.024559
2323.0,0.024522
2323.5,0.024486
2324.0,0.024449
2324.5,0.024412
2325.0,0.024376
2325.5,0.024339
2326.0,0.024303
2326.5,0.024266
2327.0,0.02423
2327.5,0.024193
2328.0,0.024157
2328.5,0.024121
2329.0,0.024084
2329.5,0.024048
2330.0,0.024012
2330.5,0.023976
2331.0,0.02394
2331.5,0.023903
2332.0,0.023867
2332.5,0.023831
2333.0,0.023795
2333.5,0.023759
2334.0,0.023723
2334.5,0.023688
2335.0,0.023652
2335.5,0.023616
2336.0,0.02358
2336.5,0.023544
2337.0,0.023509
2337.5,0.023473
2338.0,0.023437
2338.5,0.023402
2339.0,0.023366
2339.5,0.023331
2340.0,0.023295
2340.5,0.02326
2341.0,0.023225
2341.5,0.023189
2342.0,0.023154
2342.5,0.023119
2343.0,0.023083
2343.5,0.023048
2344.0,0.023013
2344.5,0.022978
2345.0,0.022943
2345.5,0.022908
2346.0,0.022873
2346.5,0.022838
2347.0,0.022803
2347.5,0.022768
2348.0,0.022733
2348.5,0.022698
2349.0,0.022663
2349.5,0.022629
2350.0,0.022594
2350.5,0.022559
2351.0,0.022525
2351.5,0.02249
2352.0,0.022456
2352.5,0.022421
2353.0,0.022387
2353.5,0.022352
2354.0,0.022318
2354.5,0.022283
2355.0,0.022249
2355.5,0.022215
2356.0,0.02218
2356.5,0.022146
2357.0,0.022112
2357.5,0.022078
2358.0,0.022044
2358.5,0.02201
2359.0,0.021976
2359.5,0.021942
2360.0,0.021908
2360.5,0.021874
2361.0,0.02184
2361.5,0.021806
2362.0,0.021772
2362.5,0.021738
2363.0,0.021705
2363.5,0.021671
2364.0,0.021637
2364.5,0.021604
2365.0,0.02157
2365.5,0.021536
2366.0,0.021503
2366.5,0.021469
2367.0,0.021436
2367.5,0.021403
2368.0,0.021369
2368.5,0.021336
2369.0,0.021302
2369.5,0.021269
2370.0,0.021236
2370.5,0.021203
2371.0,0.02117
2371.5,0.021137
2372.0,0.021103
2372.5,0.02107
2373.0,0.021037
2373.5,0.021004
2374.0,0.020971
2374.5,0.020939
2375.0,0.020906
2375.5,0.020873
2376.0,0.02084
2376.5,0.020807
2377.0,0.020775
2377.5,0.020742
2378.0,0.020709
2378.5,0.020677
2379.0,0.020644
2379.5,0.020612
2380.0,0.020579
2380.5,0.020547
2381.0,0.020514
2381.5,0.020482
2382.0,0.020449
2382.5,0.020417
2383.0,0.020385
2383.5,0.020353
2384.0,0.02032
2384.5,0.020288
2385.0,0.020256
2385.5,0.020224
2386.0,0.020192
2386.5,0.02016
2387.0,0.020128
2387.5,0.020096
2388.0,0.020064
2388.5,0.020032
2389.0,0.02
2389.5,0.019969
2390.0,0.019937
2390.5,0.019905
2391.0,0.019873
2391.5,0.019842
2392.0,0.01981
2392.5,0.019778
2393.0,0.019747
2393.5,0.019715
2394.0,0.019684
2394.5,0.019652
2395.0,0.019621
2395.5,0.01959
2396.0,0.019558
2396.5,0.019527
2397.0,0.019496
2397.5,0.019464
2398.0,0.019433
2398.5,0.019402
2399.0,0.019371
2399.5,0.01934
2400.0,0.019309
2400.5,0.019278
2401.0,0.019247
2401.5,0.019216
2402.0,0.019185
2402.5,0.019154
2403.0,0.019123
2403.5,0.019092
2404.0,0.019062
2404.5,0.019031
2405.0,0.019
2405.5,0.01897
2406.0,0.018939
2406.5,0.018908
2407.0,0.018878
2407.5,0.018847
2408.0,0.018817
2408.5,0.018786
2409.0,0.018756
2409.5,0.018725
2410.0,0.018695
2410.5,0.018665
2411.0,0.018635
2411.5,0.018604
2412.0,0.018574
2412.5,0.018544
2413.0,0.018514
2413.5,0.018484
2414.0,0.018454
2414.5,0.018424
2415.0,0.018394
2415.5,0.018364
2416.0,0.018334
2416.5,0.018304
2417.0,0.018274
2417.5,0.018244
2418.0,0.018214
2418.5,0.018185
2419.0,0.018155
2419.5,0.018125
2420.0,0.018096
2420.5,0.018066
2421.0,0.018036
2421.5,0.018007
2422.0,0.017977
2422.5,0.017948
2423.0,0.017918
2423.5,0.017889
2424.0,0.01786
2424.5,0.01783
2425.0,0.017801
2425.5,0.017772
2426.0,0.017743
2426.5,0.017713
2427.0,0.017684
2427.5,0.017655
2428.0,0.017626
2428.5,0.017597
2429.0,0.017568
2429.5,0.017539
2430.0,0.01751
2430.5,0.017481
2431.0,0.017452
2431.5,0.017423
2432.0,0.017395
2432.5,0.017366
2433.0,0.017337
2433.5,0.017308
2434.0,0.01728
2434.5,0.017251
2435.0,0.017223
2435.5,0.017194
2436.0,0.017165
2436.5,0.017137
2437.0,0.017108
2437.5,0.01708
2438.0,0.017052
2438.5,0.017023
2439.0,0.016995
2439.5,0.016967
2440.0,0.016938
2440.5,0.01691
2441.0,0.016882
2441.5,0.016854
2442.0,0.016826
2442.5,0.016798
2443.0,0.01677
2443.5,0.016742
2444.0,0.016714
2444.5,0.016686
2445.0,0.016658
2445.5,0.01663
2446.0,0.016602
2446.5,0.016574
2447.0,0.016546
2447.5,0.016519
2448.0,0.016491
2448.5,0.016463
2449.0,0.016436
2449.5,0.016408
2450.0,0.016381
2450.5,0.016353
2451.0,0.016325
2451.5,0.016298
2452.0,0.016271
2452.5,0.016243
2453.0,0.016216
2453.5,0.016188
2454.0,0.016161
2454.5,0.016134
2455.0,0.016107
2455.5,0.016079
2456.0,0.016052
2456.5,0.016025
2457.0,0.015998
2457.5,0.015971
2458.0,0.015944
2458.5,0.015917
2459.0,0.01589
2459.5,0.015863
2460.0,0.015836
2460.5,0.015809
2461.0,0.015783
2461.5,0.015756
2462.0,0.015729
2462.5,0.015702
2463.0,0.015676
2463.5,0.015649
2464.0,0.015622
2464.5,0.015596
2465.0,0.015569
2465.5,0.015543
2466.0,0.015516
2466.5,0.01549
2467.0,0.015463
2467.5,0.015437
2468.0,0.01541
2468.5,0.015384
2469.0,0.015358
2469.5,0.015332
2470.0,0.015305
2470.5,0.015279
2471.0,0.015253
2471.5,0.015227
2472.0,0.015201
2472.5,0.015175
2473.0,0.015149
2473.5,0.015123
2474.0,0.015097
2474.5,0.015071
2475.0,0.015045
2475.5,0.015019
2476.0,0.014993
2476.5,0.014967
2477.0,0.014942
2477.5,0.014916
2478.0,0.01489
2478.5,0.014865
2479.0,0.014839
2479.5,0.014813
2480.0,0.014788
2480.5,0.014762
2481.0,0.014737
2481.5,0.014711
2482.0,0.014686
2482.5,0.014661
2483.0,0.014635
2483.5,0.01461
2484.0,0.014585
2484.5,0.014559
2485.0,0.014534
2485.5,0.014509
2486.0,0.014484
2486.5,0.014459
2487.0,0.014433
2487.5,0.014408
2488.0,0.014383
2488.5,0.014358
2489.0,0.014333
2489.5,0.014308
2490.0,0.014284
2490.5,0.014259
2491.0,0.014234
2491.5,0.014209
2492.0,0.014184
2492.5,0.01416
2493.0,0.014135
2493.5,0.01411
2494.0,0.014085
2494.5,0.014061
2495.0,0.014036
2495.5,0.014012
2496.0,0.013987
2496.5,0.013963
2497.0,0.013938
2497.5,0.013914
2498.0,0.013889
2498.5,0.013865
2499.0,0.013841
2499.5,0.013817
2500.0,0.0
