115.0,0.005082
115.5,0.005716
116.0,0.004689
116.5,0.000359
117.0,0.0
117.5,0.0
118.0,0.001253
118.5,0.000836
119.0,0.0
119.5,0.0
120.0,0.000978
120.5,0.003427
121.0,0.014576
121.5,0.025653
122.0,0.01579
122.5,0.002736
123.0,0.000356
123.5,0.000375
124.0,0.000328
124.5,0.000216
125.0,0.000167
125.5,0.000174
126.0,0.000168
126.5,0.0
127.0,0.0
127.5,8.2e-05
128.0,0.000304
128.5,0.000279
129.0,5.5e-05
129.5,5.4e-05
130.0,0.000167
130.5,0.0
131.0,0.000126
131.5,0.000262
132.0,0.000199
132.5,0.000124
133.0,0.000192
133.5,0.000163
134.0,5.8e-05
134.5,8e-06
135.0,7.8e-05
135.5,0.000154
136.0,0.000179
136.5,0.000231
137.0,0.000135
137.5,0.000212
138.0,0.000277
138.5,0.000246
139.0,6.8e-05
139.5,0.000204
140.0,0.000291
140.5,0.000394
141.0,0.000328
141.5,8.4e-05
142.0,0.0
142.5,0.000128
143.0,0.000276
143.5,0.0002
144.0,0.000343
144.5,0.000711
145.0,0.000565
145.5,0.000275
146.0,0.000128
146.5,0.000179
147.0,0.000329
147.5,0.000381
148.0,0.000381
148.5,0.000275
149.0,0.000293
149.5,0.000329
150.0,0.000325
150.5,0.000311
151.0,0.000308
151.5,0.000306
152.0,0.000274
152.5,0.000288
153.0,0.000351
153.5,0.000427
154.0,0.000464
154.5,0.000695
155.0,0.000675
155.5,0.000392
156.0,0.0005
156.5,0.000524
157.0,0.000521
157.5,0.000617
158.0,0.00047
158.5,0.000463
159.0,0.000489
159.5,0.000344
160.0,0.00028
160.5,0.000434
161.0,0.000414
161.5,0.00023
162.0,0.000187
162.5,0.00029
163.0,0.000455
163.5,0.000526
164.0,0.000319
164.5,0.000424
165.0,0.000534
165.5,0.000466
166.0,0.000677
166.5,0.000706
167.0,0.000586
167.5,0.000462
168.0,0.000664
168.5,0.000652
169.0,0.000623
169.5,0.000711
170.0,0.000832
170.5,0.000686
171.0,0.000569
171.5,0.000627
172.0,0.000747
172.5,0.000828
173.0,0.000815
173.5,0.00095
174.0,0.000995
174.5,0.001181
175.0,0.001186
175.5,0.00112
176.0,0.00122
176.5,0.001412
177.0,0.00149
177.5,0.001745
178.0,0.001541
178.5,0.001371
179.0,0.000967
179.5,0.001127
180.0,0.001467
180.5,0.001623
181.0,0.001887
181.5,0.002088
182.0,0.002249
182.5,0.00214
183.0,0.002131
183.5,0.002192
184.0,0.002153
184.5,0.001986
185.0,0.001976
185.5,0.002155
186.0,0.00245
186.5,0.002617
187.0,0.002765
187.5,0.00286
188.0,0.002963
188.5,0.003149
189.0,0.003294
189.5,0.003313
190.0,0.002993
190.5,0.003064
191.0,0.00338
191.5,0.003503
192.0,0.003759
192.5,0.003608
193.0,0.003354
193.5,0.003215
194.0,0.003626
194.5,0.004566
195.0,0.005012
195.5,0.008995
196.0,0.010055
196.5,0.004911
197.0,0.000295
197.5,0.0
198.0,0.003241
198.5,0.015064
199.0,0.015603
199.5,0.009057
200.0,0.00774
200.5,0.0
201.0,0.0
201.5,0.0007
202.0,0.0
202.5,0.0
203.0,0.0
203.5,0.0
204.0,0.0
204.5,0.000341
205.0,0.005308
205.5,0.006569
206.0,0.009876
206.5,0.00481
207.0,0.00411
207.5,0.011889
208.0,0.020138
208.5,0.015668
209.0,0.012194
209.5,0.008776
210.0,0.021611
210.5,0.031566
211.0,0.031846
211.5,0.026237
212.0,0.029499
212.5,0.029215
213.0,0.009825
213.5,0.024919
214.0,0.028913
214.5,0.030909
215.0,0.033451
215.5,0.028848
216.0,0.026421
216.5,0.00941
217.0,0.0
217.5,0.012311
218.0,0.031692
218.5,0.034002
219.0,0.024761
219.5,0.019812
220.0,0.029614
220.5,0.027234
221.0,0.035438
221.5,0.017169
222.0,0.024701
222.5,0.027087
223.0,0.018759
223.5,0.026533
224.0,0.034448
224.5,0.033774
225.0,0.018539
225.5,0.035133
226.0,0.035546
226.5,0.021022
227.0,0.015677
227.5,0.016348
228.0,0.017509
228.5,0.013526
229.0,0.023356
229.5,0.025687
230.0,0.026765
230.5,0.024297
231.0,0.028361
231.5,0.021753
232.0,0.030736
232.5,0.044063
233.0,0.034347
233.5,0.026033
234.0,0.030064
234.5,0.025175
235.0,0.025118
235.5,0.028056
236.0,0.031535
236.5,0.029473
237.0,0.033593
237.5,0.030104
238.0,0.028848
238.5,0.025036
239.0,0.02874
239.5,0.027826
240.0,0.023852
240.5,0.023307
241.0,0.024979
241.5,0.028243
242.0,0.040283
242.5,0.049357
243.0,0.054097
243.5,0.053936
244.0,0.053528
244.5,0.045263
245.0,0.026766
245.5,0.01907
246.0,0.028033
246.5,0.032614
247.0,0.031199
247.5,0.031747
248.0,0.033326
248.5,0.027108
249.0,0.020692
249.5,0.032735
250.0,0.047327
250.5,0.047712
251.0,0.041577
251.5,0.031738
252.0,0.026462
252.5,0.025625
253.0,0.032463
253.5,0.035805
254.0,0.034952
254.5,0.037796
255.0,0.04248
255.5,0.050775
256.0,0.052776
256.5,0.061693
257.0,0.074882
257.5,0.07869
258.0,0.085599
258.5,0.080713
259.0,0.075674
259.5,0.06281
260.0,0.057058
260.5,0.055278
261.0,0.052596
261.5,0.05863
262.0,0.068985
262.5,0.06401
263.0,0.068166
263.5,0.115762
264.0,0.157758
264.5,0.155111
265.0,0.14641
265.5,0.16681
266.0,0.163095
266.5,0.150992
267.0,0.158767
267.5,0.15349
268.0,0.153292
268.5,0.153474
269.0,0.142673
269.5,0.137087
270.0,0.152027
270.5,0.161003
271.0,0.152719
271.5,0.142726
272.0,0.111732
272.5,0.121943
273.0,0.13076
273.5,0.112199
274.0,0.085468
274.5,0.076629
275.0,0.086787
275.5,0.09732
276.0,0.117896
276.5,0.140208
277.0,0.151711
277.5,0.132739
278.0,0.109492
278.5,0.094585
279.0,0.064213
279.5,0.044813
280.0,0.045432
280.5,0.058237
281.0,0.082846
281.5,0.131822
282.0,0.160971
282.5,0.172266
283.0,0.183699
283.5,0.182509
284.0,0.171154
284.5,0.139063
285.0,0.093371
285.5,0.110207
286.0,0.17473
286.5,0.197891
287.0,0.192863
287.5,0.190981
288.0,0.172387
288.5,0.205484
289.0,0.225269
289.5,0.230019
290.0,0.2494
290.5,0.25746
291.0,0.266879
291.5,0.274093
292.0,0.264002
292.5,0.251392
293.0,0.255227
293.5,0.263403
294.0,0.267518
294.5,0.272634
295.0,0.272683
295.5,0.28375
296.0,0.283497
296.5,0.258115
297.0,0.264793
297.5,0.286063
298.0,0.26351
298.5,0.245569
299.0,0.270396
299.5,0.272232
300.0,0.247853
300.5,0.258144
301.0,0.28194
301.5,0.272695
302.0,0.269318
302.5,0.303255
303.0,0.336345
303.5,0.333954
304.0,0.321748
304.5,0.332114
305.0,0.338629
305.5,0.314483
306.0,0.31096
306.5,0.329269
307.0,0.354773
307.5,0.357368
308.0,0.366747
308.5,0.381727
309.0,0.320594
309.5,0.288956
310.0,0.302613
310.5,0.355191
311.0,0.378869
311.5,0.357424
312.0,0.317877
312.5,0.316722
313.0,0.351399
313.5,0.348216
314.0,0.318235
314.5,0.289733
315.0,0.289516
315.5,0.273061
316.0,0.316447
316.5,0.34646
317.0,0.377348
317.5,0.374117
318.0,0.343331
318.5,0.337807
319.0,0.341579
319.5,0.35718
320.0,0.46265
320.5,0.45562
321.0,0.431616
321.5,0.404929
322.0,0.382209
322.5,0.368254
323.0,0.368092
323.5,0.383873
324.0,0.405996
324.5,0.425387
325.0,0.446825
325.5,0.475488
326.0,0.504313
326.5,0.523626
327.0,0.525567
327.5,0.50796
328.0,0.489563
328.5,0.48966
329.0,0.508697
329.5,0.538853
330.0,0.558075
330.5,0.549429
331.0,0.530685
331.5,0.522194
332.0,0.519896
332.5,0.515866
333.0,0.511114
333.5,0.509243
334.0,0.515297
334.5,0.530171
335.0,0.536744
335.5,0.520038
336.0,0.491696
336.5,0.468195
337.0,0.45876
337.5,0.467012
338.0,0.481443
338.5,0.491055
339.0,0.50203
339.5,0.520319
340.0,0.533751
340.5,0.530567
341.0,0.518793
341.5,0.510542
342.0,0.514485
342.5,0.53152
343.0,0.534878
343.5,0.503088
344.0,0.463532
344.5,0.44844
345.0,0.460597
345.5,0.490743
346.0,0.510903
346.5,0.500075
347.0,0.483868
347.5,0.488426
348.0,0.495415
348.5,0.485286
349.0,0.478093
349.5,0.4957
350.0,0.527613
350.5,0.555707
351.0,0.551576
351.5,0.55516
352.0,0.537709
352.5,0.527293
353.0,0.56338
353.5,0.603305
354.0,0.63562
354.5,0.638674
355.0,0.62538
355.5,0.597878
356.0,0.558565
356.5,0.511898
357.0,0.490706
357.5,0.477757
358.0,0.430045
358.5,0.429458
359.0,0.499056
359.5,0.570452
360.0,0.595581
360.5,0.5405
361.0,0.508805
361.5,0.516791
362.0,0.544768
362.5,0.598881
363.0,0.567884
363.5,0.56508
364.0,0.594098
364.5,0.563536
365.0,0.590371
365.5,0.672336
366.0,0.70979
366.5,0.700893
367.0,0.693853
367.5,0.668719
368.0,0.61648
368.5,0.61162
369.0,0.650022
369.5,0.699757
370.0,0.700735
370.5,0.626307
371.0,0.6524
371.5,0.676112
372.0,0.583667
372.5,0.583015
373.0,0.561124
373.5,0.479861
374.0,0.512901
374.5,0.498737
375.0,0.530696
375.5,0.600553
376.0,0.581987
376.5,0.610813
377.0,0.674337
377.5,0.750542
378.0,0.795204
378.5,0.752524
379.0,0.676356
379.5,0.626791
380.0,0.68047
380.5,0.737817
381.0,0.718015
381.5,0.620147
382.0,0.540812
382.5,0.457507
383.0,0.415179
383.5,0.416396
384.0,0.494448
384.5,0.638333
385.0,0.674325
385.5,0.615625
386.0,0.597806
386.5,0.671619
387.0,0.658426
387.5,0.637359
388.0,0.610206
388.5,0.574905
389.0,0.609505
389.5,0.67603
390.0,0.692848
390.5,0.708707
391.0,0.757809
391.5,0.738929
392.0,0.65152
392.5,0.520558
393.0,0.355805
393.5,0.345485
394.0,0.497363
394.5,0.62997
395.0,0.727125
395.5,0.723085
396.0,0.593342
396.5,0.421399
397.0,0.429109
397.5,0.632722
398.0,0.796117
398.5,0.877967
399.0,0.931245
399.5,0.943425
400.0,0.94768
400.5,0.945659
401.0,0.976563
401.5,0.996437
402.0,1.010386
402.5,1.010741
403.0,0.978155
403.5,0.99707
404.0,0.992499
404.5,0.936834
405.0,0.977975
405.5,0.957413
406.0,0.915832
406.5,0.906127
407.0,0.925607
407.5,0.93986
408.0,0.976379
408.5,1.032491
409.0,1.036378
409.5,0.951739
410.0,0.875224
410.5,0.920329
411.0,0.994043
411.5,1.028102
412.0,1.026141
412.5,1.014215
413.0,0.99276
413.5,1.002871
414.0,1.00816
414.5,1.000597
415.0,1.004643
415.5,1.001
416.0,1.033955
416.5,1.034521
417.0,0.987845
417.5,0.974322
418.0,0.981338
418.5,0.96828
419.0,0.97913
419.5,0.969691
420.0,0.943185
420.5,0.988483
421.0,1.030547
421.5,1.019044
422.0,0.975756
422.5,0.887961
423.0,0.92488
423.5,0.951447
424.0,0.97451
424.5,0.976352
425.0,0.941234
425.5,0.93906
426.0,0.937943
426.5,0.952293
427.0,0.897571
427.5,0.898261
428.0,0.932045
428.5,0.899964
429.0,0.850516
429.5,0.806042
430.0,0.724972
430.5,0.69043
431.0,0.737622
431.5,0.915578
432.0,0.979495
432.5,0.934411
433.0,0.990505
433.5,0.976328
434.0,0.904217
434.5,0.960894
435.0,0.993156
435.5,1.01822
436.0,1.063021
436.5,1.081525
437.0,1.052407
437.5,1.015143
438.0,0.948278
438.5,0.905829
439.0,0.975996
439.5,1.021765
440.0,0.99673
440.5,0.975654
441.0,1.028988
441.5,1.070411
442.0,1.108598
442.5,1.106599
443.0,1.091249
443.5,1.066635
444.0,1.08141
444.5,1.089664
445.0,1.093127
445.5,1.032275
446.0,1.029857
446.5,1.089452
447.0,1.129451
447.5,1.161165
448.0,1.133434
448.5,1.162058
449.0,1.162722
449.5,1.151025
450.0,1.200446
450.5,1.232765
451.0,1.198278
451.5,1.180565
452.0,1.163691
452.5,1.093985
453.0,1.065436
453.5,1.113748
454.0,1.140751
454.5,1.105436
455.0,1.096926
455.5,1.14499
456.0,1.181767
456.5,1.19406
457.0,1.211645
457.5,1.202329
458.0,1.152377
458.5,1.147887
459.0,1.166255
459.5,1.16184
460.0,1.169564
460.5,1.203835
461.0,1.194643
461.5,1.181864
462.0,1.197814
462.5,1.199638
463.0,1.196659
463.5,1.177074
464.0,1.166823
464.5,1.14902
465.0,1.158196
465.5,1.169569
466.0,1.185712
466.5,1.130133
467.0,1.120583
467.5,1.151829
468.0,1.158242
468.5,1.186853
469.0,1.174196
469.5,1.168519
470.0,1.119039
470.5,1.108772
471.0,1.121344
471.5,1.161367
472.0,1.17479
472.5,1.182088
473.0,1.124526
473.5,1.130706
474.0,1.159968
474.5,1.178972
475.0,1.174576
475.5,1.168735
476.0,1.151323
476.5,1.115525
477.0,1.136466
477.5,1.180268
478.0,1.177056
478.5,1.134991
479.0,1.14107
479.5,1.166535
480.0,1.165061
480.5,1.159142
481.0,1.169731
481.5,1.179628
482.0,1.172476
482.5,1.154692
483.0,1.151064
483.5,1.150126
484.0,1.149808
484.5,1.144808
485.0,1.138313
485.5,1.061689
486.0,0.947897
486.5,0.970221
487.0,1.030133
487.5,1.071674
488.0,1.113383
488.5,1.09121
489.0,1.052486
489.5,1.117333
490.0,1.163272
490.5,1.171072
491.0,1.134907
491.5,1.099896
492.0,1.047116
492.5,1.070769
493.0,1.14282
493.5,1.123654
494.0,1.097904
494.5,1.151865
495.0,1.166167
495.5,1.115287
496.0,1.075975
496.5,1.120767
497.0,1.110747
497.5,1.12246
498.0,1.081321
498.5,1.034189
499.0,1.084858
499.5,1.102063
500.0,1.101352
500.5,1.055964
501.0,1.04115
501.5,1.016891
502.0,1.021656
502.5,1.035652
503.0,1.064266
503.5,1.066074
504.0,1.034482
504.5,1.046602
505.0,1.065468
505.5,1.061916
506.0,1.088634
506.5,1.074178
507.0,1.056773
507.5,1.042181
508.0,1.018291
508.5,1.034915
509.0,1.075913
509.5,1.08078
510.0,1.051944
510.5,1.057317
511.0,1.05775
511.5,1.072477
512.0,1.077626
512.5,1.030699
513.0,1.019168
513.5,1.030221
514.0,1.00422
514.5,1.01398
515.0,1.023358
515.5,1.022853
516.0,1.033216
516.5,0.930393
517.0,0.818204
517.5,0.853959
518.0,0.913303
518.5,0.859372
519.0,0.943172
519.5,0.984488
520.0,1.01499
520.5,0.974397
521.0,0.977973
521.5,1.033577
522.0,1.050182
522.5,1.01069
523.0,0.992743
523.5,1.031286
524.0,1.079092
524.5,1.079844
525.0,1.041558
525.5,1.041026
526.0,1.037159
526.5,0.934437
527.0,0.902242
527.5,0.976836
528.0,1.033971
528.5,1.035525
529.0,1.068965
529.5,1.041344
530.0,1.02337
530.5,1.067112
531.0,1.073211
531.5,1.062132
532.0,1.043946
532.5,0.985786
533.0,0.961612
533.5,1.018396
534.0,1.010314
534.5,1.018257
535.0,1.035701
535.5,1.071012
536.0,1.07005
536.5,1.018868
537.0,0.979686
537.5,1.011946
538.0,1.042385
538.5,1.028189
539.0,1.0156
539.5,0.993199
540.0,0.993605
540.5,0.970387
541.0,0.991942
541.5,1.030735
542.0,1.04296
542.5,1.024726
543.0,0.999479
543.5,1.003559
544.0,1.045821
544.5,1.027574
545.0,1.025392
545.5,1.021616
546.0,1.033904
546.5,1.022131
547.0,1.020919
547.5,1.003615
548.0,0.997932
548.5,1.015589
549.0,1.015383
549.5,1.028291
550.0,1.029195
550.5,1.008109
551.0,1.007998
551.5,1.010485
552.0,1.02739
552.5,1.016705
553.0,0.997473
553.5,1.007468
554.0,1.016198
554.5,1.020257
555.0,1.030067
555.5,1.018583
556.0,1.006541
556.5,0.998296
557.0,0.987149
557.5,0.989629
558.0,1.001353
558.5,0.976991
559.0,0.946958
559.5,0.963039
560.0,0.964093
560.5,0.978871
561.0,1.003233
561.5,0.98175
562.0,0.971665
562.5,0.983623
563.0,0.993971
563.5,1.003018
564.0,0.997289
564.5,0.992047
565.0,0.990895
565.5,0.976114
566.0,0.959203
566.5,0.96649
567.0,0.988077
567.5,1.000356
568.0,0.989562
568.5,0.969642
569.0,0.97099
569.5,0.979123
570.0,0.974409
570.5,0.959279
571.0,0.938398
571.5,0.950734
572.0,0.983365
572.5,1.000939
573.0,0.99209
573.5,0.989271
574.0,0.981973
574.5,0.981648
575.0,0.97424
575.5,0.960032
576.0,0.959439
576.5,0.973216
577.0,0.984172
577.5,0.979827
578.0,0.958127
578.5,0.944064
579.0,0.954316
579.5,0.962952
580.0,0.967623
580.5,0.970458
581.0,0.965968
581.5,0.971037
582.0,0.984492
582.5,0.991282
583.0,0.988182
583.5,0.984717
584.0,0.990676
584.5,0.981135
585.0,0.967084
585.5,0.947386
586.0,0.943474
586.5,0.961256
587.0,0.974679
587.5,0.975917
588.0,0.963807
588.5,0.924523
589.0,0.858631
589.5,0.849259
590.0,0.903209
590.5,0.946283
591.0,0.95046
591.5,0.946416
592.0,0.947274
592.5,0.948222
593.0,0.935302
593.5,0.942728
594.0,0.948247
594.5,0.93853
595.0,0.930766
595.5,0.935018
596.0,0.948199
596.5,0.947403
597.0,0.939824
597.5,0.931417
598.0,0.929585
598.5,0.921456
599.0,0.938158
599.5,0.949714
600.0,0.940447
600.5,0.925968
601.0,0.924037
601.5,0.920286
602.0,0.910799
602.5,0.909759
603.0,0.923608
603.5,0.934446
604.0,0.935192
604.5,0.939933
605.0,0.940669
605.5,0.93513
606.0,0.936172
606.5,0.928145
607.0,0.936007
607.5,0.935917
608.0,0.925184
608.5,0.92699
609.0,0.926186
609.5,0.923134
610.0,0.907864
610.5,0.907036
611.0,0.928534
611.5,0.933083
612.0,0.914419
612.5,0.909264
613.0,0.919712
613.5,0.893096
614.0,0.891208
614.5,0.908764
615.0,0.917753
615.5,0.911231
616.0,0.882234
616.5,0.87302
617.0,0.882571
617.5,0.905627
618.0,0.921021
618.5,0.919983
619.0,0.90724
619.5,0.916942
620.0,0.931683
620.5,0.9337
621.0,0.926877
621.5,0.908994
622.0,0.908676
622.5,0.91388
623.0,0.896779
623.5,0.895556
624.0,0.897706
624.5,0.888956
625.0,0.889248
625.5,0.879215
626.0,0.876489
626.5,0.88304
627.0,0.89392
627.5,0.885092
628.0,0.86924
628.5,0.887393
629.0,0.894339
629.5,0.885457
630.0,0.873008
630.5,0.881598
631.0,0.888875
631.5,0.869402
632.0,0.868198
632.5,0.887955
633.0,0.888417
633.5,0.875345
634.0,0.871189
634.5,0.879031
635.0,0.885325
635.5,0.882573
636.0,0.87069
636.5,0.872617
637.0,0.880008
637.5,0.885153
638.0,0.879241
638.5,0.878693
639.0,0.875559
639.5,0.865518
640.0,0.856598
640.5,0.863029
641.0,0.861364
641.5,0.860963
642.0,0.862239
642.5,0.871587
643.0,0.870751
643.5,0.869485
644.0,0.866513
644.5,0.870571
645.0,0.860475
645.5,0.857156
646.0,0.852621
646.5,0.847874
647.0,0.853439
647.5,0.850581
648.0,0.853261
648.5,0.855741
649.0,0.839401
649.5,0.811807
650.0,0.832902
650.5,0.86297
651.0,0.864795
651.5,0.856533
652.0,0.857522
652.5,0.860346
653.0,0.858237
653.5,0.856151
654.0,0.85224
654.5,0.842037
655.0,0.832079
655.5,0.80084
656.0,0.709253
656.5,0.687328
657.0,0.776383
657.5,0.816289
658.0,0.833254
658.5,0.837053
659.0,0.831133
659.5,0.822979
660.0,0.838665
660.5,0.842647
661.0,0.839023
661.5,0.849548
662.0,0.853113
662.5,0.850028
663.0,0.836867
663.5,0.828725
664.0,0.827736
664.5,0.825004
665.0,0.832118
665.5,0.832715
666.0,0.82541
666.5,0.820171
667.0,0.826352
667.5,0.819434
668.0,0.816131
668.5,0.830574
669.0,0.83608
669.5,0.829312
670.0,0.822931
670.5,0.824417
671.0,0.823496
671.5,0.81014
672.0,0.807678
672.5,0.821217
673.0,0.819968
673.5,0.818983
674.0,0.815625
674.5,0.810856
675.0,0.808685
675.5,0.814438
676.0,0.815561
676.5,0.815278
677.0,0.810063
677.5,0.813279
678.0,0.813448
678.5,0.810103
679.0,0.813533
679.5,0.813038
680.0,0.813406
680.5,0.808445
681.0,0.807364
681.5,0.804925
682.0,0.805323
682.5,0.8048
683.0,0.803942
683.5,0.805279
684.0,0.804687
684.5,0.80258
685.0,0.799344
685.5,0.795576
686.0,0.791874
686.5,0.788739
687.0,0.786297
687.5,0.784577
688.0,0.78361
688.5,0.783392
689.0,0.783782
689.5,0.784603
690.0,0.785681
690.5,0.786847
691.0,0.787959
691.5,0.788883
692.0,0.789482
692.5,0.789663
693.0,0.78949
693.5,0.789068
694.0,0.788503
694.5,0.787874
695.0,0.787166
695.5,0.786336
696.0,0.785345
696.5,0.784169
697.0,0.782861
697.5,0.781493
698.0,0.777815
698.5,0.780457
699.0,0.777619
699.5,0.778295
700.0,0.777497
700.5,0.771201
701.0,0.774461
701.5,0.771672
702.0,0.769172
702.5,0.768517
703.0,0.770195
703.5,0.770544
704.0,0.772983
704.5,0.777209
705.0,0.777815
705.5,0.775496
706.0,0.773415
706.5,0.770575
707.0,0.7696
707.5,0.774762
708.0,0.77564
708.5,0.770192
709.0,0.769097
709.5,0.772892
710.0,0.773464
710.5,0.772334
711.0,0.770908
711.5,0.772275
712.0,0.769754
712.5,0.767704
713.0,0.766915
713.5,0.769473
714.0,0.767727
714.5,0.761861
715.0,0.761612
715.5,0.766567
716.0,0.766738
716.5,0.763657
717.0,0.766317
717.5,0.763633
718.0,0.75966
718.5,0.745856
719.0,0.743496
719.5,0.745505
720.0,0.744986
720.5,0.7423
721.0,0.751307
721.5,0.760692
722.0,0.761021
722.5,0.757017
723.0,0.753906
723.5,0.749767
724.0,0.747552
724.5,0.74948
725.0,0.750973
725.5,0.751046
726.0,0.751653
726.5,0.746295
727.0,0.745629
727.5,0.741516
728.0,0.742491
728.5,0.739353
729.0,0.730444
729.5,0.734153
730.0,0.737269
730.5,0.734253
731.0,0.732764
731.5,0.732287
732.0,0.730886
732.5,0.731312
733.0,0.73171
733.5,0.73378
734.0,0.735408
734.5,0.735618
735.0,0.733832
735.5,0.732565
736.0,0.731144
736.5,0.731088
737.0,0.732729
737.5,0.73206
738.0,0.728137
738.5,0.714332
739.0,0.707887
739.5,0.714939
740.0,0.720226
740.5,0.715684
741.0,0.70723
741.5,0.707842
742.0,0.706517
742.5,0.712339
743.0,0.717726
743.5,0.720891
744.0,0.719386
744.5,0.716226
745.0,0.719545
745.5,0.723375
746.0,0.721719
746.5,0.721004
747.0,0.722594
747.5,0.72167
748.0,0.720113
748.5,0.719723
749.0,0.715422
749.5,0.710729
750.0,0.713419
750.5,0.71282
751.0,0.708804
751.5,0.711702
752.0,0.714334
752.5,0.712272
753.0,0.711848
753.5,0.713567
754.0,0.712412
754.5,0.708243
755.0,0.70403
755.5,0.701883
756.0,0.70264
756.5,0.707029
757.0,0.712746
757.5,0.716732
758.0,0.715928
758.5,0.708277
759.0,0.695734
759.5,0.681254
760.0,0.667797
760.5,0.657839
761.0,0.65194
761.5,0.650183
762.0,0.652648
762.5,0.659081
763.0,0.667893
763.5,0.677159
764.0,0.684954
764.5,0.68975
765.0,0.6916
765.5,0.690952
766.0,0.688254
766.5,0.684108
767.0,0.679724
767.5,0.676466
768.0,0.675696
768.5,0.678265
769.0,0.682973
769.5,0.688108
770.0,0.691957
770.5,0.693221
771.0,0.692251
771.5,0.689813
772.0,0.686671
772.5,0.6835
773.0,0.680602
773.5,0.680198
774.0,0.67777
774.5,0.672251
775.0,0.671772
775.5,0.676812
776.0,0.678119
776.5,0.677881
777.0,0.674907
777.5,0.670856
778.0,0.669436
778.5,0.670902
779.0,0.67134
779.5,0.670689
780.0,0.667765
780.5,0.66773
781.0,0.666206
781.5,0.667618
782.0,0.669797
782.5,0.669568
783.0,0.665161
783.5,0.663535
784.0,0.66787
784.5,0.669108
785.0,0.668444
785.5,0.667441
786.0,0.666031
786.5,0.66462
787.0,0.664002
787.5,0.661639
788.0,0.659709
788.5,0.659285
789.0,0.657447
789.5,0.654091
790.0,0.652857
790.5,0.65192
791.0,0.649283
791.5,0.646498
792.0,0.645235
792.5,0.644315
793.0,0.640776
793.5,0.63691
794.0,0.635721
794.5,0.633983
795.0,0.637151
795.5,0.638803
796.0,0.637669
796.5,0.638583
797.0,0.640512
797.5,0.641702
798.0,0.644199
798.5,0.645312
799.0,0.646934
799.5,0.643579
800.0,0.639635
800.5,0.640362
801.0,0.638044
801.5,0.636091
802.0,0.633819
802.5,0.628885
803.0,0.628649
803.5,0.631892
804.0,0.632908
804.5,0.629323
805.0,0.630171
805.5,0.63498
806.0,0.637942
806.5,0.638088
807.0,0.635683
807.5,0.634636
808.0,0.632193
808.5,0.627652
809.0,0.623449
809.5,0.62026
810.0,0.619749
810.5,0.621994
811.0,0.625803
811.5,0.629516
812.0,0.631475
812.5,0.630505
813.0,0.627375
813.5,0.623338
814.0,0.619649
814.5,0.617284
815.0,0.616098
815.5,0.615671
816.0,0.615578
816.5,0.615419
817.0,0.614866
817.5,0.613613
818.0,0.611353
818.5,0.607959
819.0,0.604022
819.5,0.600311
820.0,0.597597
820.5,0.596461
821.0,0.596732
821.5,0.598048
822.0,0.600049
822.5,0.602393
823.0,0.604805
823.5,0.607029
824.0,0.608809
824.5,0.609926
825.0,0.610307
825.5,0.609915
826.0,0.608714
826.5,0.606734
827.0,0.604263
827.5,0.601659
828.0,0.599275
828.5,0.597391
829.0,0.595976
829.5,0.594922
830.0,0.594124
830.5,0.593431
831.0,0.59253
831.5,0.591064
832.0,0.588676
832.5,0.585255
833.0,0.581668
833.5,0.579028
834.0,0.578448
834.5,0.580606
835.0,0.584447
835.5,0.588483
836.0,0.591225
836.5,0.59161
837.0,0.590279
837.5,0.588301
838.0,0.586741
838.5,0.586366
839.0,0.586734
839.5,0.587102
840.0,0.586728
840.5,0.585109
841.0,0.583005
841.5,0.581746
842.0,0.604908
842.5,0.579751
843.0,0.606157
843.5,0.599672
844.0,0.569665
844.5,0.571246
845.0,0.57554
845.5,0.579015
846.0,0.578336
846.5,0.575543
847.0,0.572163
847.5,0.578521
848.0,0.576916
848.5,0.575809
849.0,0.56864
849.5,0.556642
850.0,0.516301
850.5,0.551503
851.0,0.564259
851.5,0.559027
852.0,0.563298
852.5,0.565556
853.0,0.557883
853.5,0.547555
854.0,0.456308
854.5,0.454723
855.0,0.522139
855.5,0.548851
856.0,0.556347
856.5,0.56282
857.0,0.565411
857.5,0.562787
858.0,0.557013
858.5,0.557719
859.0,0.560296
859.5,0.556532
860.0,0.556728
860.5,0.560182
861.0,0.558326
861.5,0.558621
862.0,0.55933
862.5,0.56021
863.0,0.558946
863.5,0.558748
864.0,0.556502
864.5,0.553374
865.0,0.546347
865.5,0.527879
866.0,0.470099
866.5,0.466078
867.0,0.517398
867.5,0.539524
868.0,0.544208
868.5,0.541076
869.0,0.540083
869.5,0.548981
870.0,0.549441
870.5,0.547972
871.0,0.544492
871.5,0.545144
872.0,0.549773
872.5,0.550246
873.0,0.548095
873.5,0.543054
874.0,0.540956
874.5,0.540225
875.0,0.535626
875.5,0.534108
876.0,0.539477
876.5,0.541572
877.0,0.56176
877.5,0.537857
878.0,0.541589
878.5,0.540352
879.0,0.531887
879.5,0.53396
880.0,0.532051
880.5,0.540049
881.0,0.517761
881.5,0.534351
882.0,0.534694
882.5,0.535046
883.0,0.5608
883.5,0.532802
884.0,0.529561
884.5,0.528687
885.0,0.529045
885.5,0.527784
886.0,0.51795
886.5,0.511196
887.0,0.518284
887.5,0.524826
888.0,0.529525
888.5,0.534214
889.0,0.531601
889.5,0.527438
890.0,0.528431
890.5,0.529682
891.0,0.52746
891.5,0.527806
892.0,0.55415
892.5,0.532524
893.0,0.519194
893.5,0.51535
894.0,0.514454
894.5,0.518071
895.0,0.524522
895.5,0.531318
896.0,0.535972
896.5,0.53665
897.0,0.534149
897.5,0.52992
898.0,0.525415
898.5,0.52182
899.0,0.519262
899.5,0.517598
900.0,0.516689
900.5,0.516385
901.0,0.516507
901.5,0.516867
902.0,0.517279
902.5,0.517631
903.0,0.518124
903.5,0.519033
904.0,0.520634
904.5,0.522909
905.0,0.524655
905.5,0.524374
906.0,0.520568
906.5,0.512487
907.0,0.502371
907.5,0.493209
908.0,0.487992
908.5,0.488696
909.0,0.493262
909.5,0.498615
910.0,0.501685
910.5,0.500362
911.0,0.496395
911.5,0.492494
912.0,0.49137
912.5,0.494858
913.0,0.501295
913.5,0.508139
914.0,0.512851
914.5,0.513559
915.0,0.511067
915.5,0.506848
916.0,0.502375
916.5,0.498947
917.0,0.497169
917.5,0.497473
918.0,0.500288
918.5,0.505594
919.0,0.511551
919.5,0.515866
920.0,0.516247
920.5,0.511188
921.0,0.502337
921.5,0.492126
922.0,0.482991
922.5,0.476804
923.0,0.473186
923.5,0.471197
924.0,0.469898
924.5,0.468541
925.0,0.467149
925.5,0.465937
926.0,0.465121
926.5,0.464891
927.0,0.465336
927.5,0.466517
928.0,0.468499
928.5,0.471307
929.0,0.474818
929.5,0.47887
930.0,0.483305
930.5,0.488083
931.0,0.493647
931.5,0.500563
932.0,0.509397
932.5,0.520068
933.0,0.529918
933.5,0.535642
934.0,0.533935
934.5,0.52288
935.0,0.506104
935.5,0.488619
936.0,0.475438
936.5,0.470329
937.0,0.472067
937.5,0.478181
938.0,0.486202
938.5,0.493831
939.0,0.499463
939.5,0.501667
940.0,0.49901
940.5,0.490779
941.0,0.479136
941.5,0.466962
942.0,0.457139
942.5,0.451806
943.0,0.450133
943.5,0.450548
944.0,0.451479
944.5,0.451852
945.0,0.452595
945.5,0.455133
946.0,0.460892
946.5,0.470477
947.0,0.481211
947.5,0.489599
948.0,0.492143
948.5,0.486714
949.0,0.476648
949.5,0.466649
950.0,0.46142
950.5,0.464132
951.0,0.471832
951.5,0.480033
952.0,0.484249
952.5,0.481423
953.0,0.474213
953.5,0.466704
954.0,0.462982
954.5,0.465772
955.0,0.472353
955.5,0.478642
956.0,0.480557
956.5,0.475346
957.0,0.465568
957.5,0.455115
958.0,0.447876
958.5,0.446697
959.0,0.450235
959.5,0.456103
960.0,0.461913
960.5,0.465675
961.0,0.466975
961.5,0.465799
962.0,0.462131
962.5,0.456308
963.0,0.450084
963.5,0.445566
964.0,0.444861
964.5,0.449197
965.0,0.456289
965.5,0.462973
966.0,0.466087
966.5,0.46344
967.0,0.456741
967.5,0.448673
968.0,0.441918
968.5,0.438444
969.0,0.437371
969.5,0.437101
970.0,0.43604
970.5,0.433163
971.0,0.429736
971.5,0.427594
972.0,0.428574
972.5,0.433786
973.0,0.441432
973.5,0.44899
974.0,0.453936
974.5,0.45449
975.0,0.45185
975.5,0.447956
976.0,0.44475
976.5,0.443688
977.0,0.444289
977.5,0.445584
978.0,0.446608
978.5,0.446634
979.0,0.445896
979.5,0.444867
980.0,0.444024
980.5,0.443682
981.0,0.443534
981.5,0.443115
982.0,0.441959
982.5,0.439806
983.0,0.43721
983.5,0.434931
984.0,0.433728
984.5,0.434099
985.0,0.435493
985.5,0.437096
986.0,0.438096
986.5,0.437877
987.0,0.436615
987.5,0.434683
988.0,0.432453
988.5,0.430304
989.0,0.428636
989.5,0.427852
990.0,0.428359
990.5,0.430276
991.0,0.432581
991.5,0.433967
992.0,0.433125
992.5,0.429328
993.0,0.424164
993.5,0.419798
994.0,0.418398
994.5,0.42134
995.0,0.426843
995.5,0.432336
996.0,0.435245
996.5,0.433839
997.0,0.429741
997.5,0.425412
998.0,0.423314
998.5,0.425155
999.0,0.429622
999.5,0.434649
1000.0,0.438169
1000.5,0.438631
1001.0,0.436551
1001.5,0.432961
1002.0,0.428892
1002.5,0.425154
1003.0,0.42166
1003.5,0.418104
1004.0,0.414175
1004.5,0.409806
1005.0,0.405884
1005.5,0.403538
1006.0,0.403896
1006.5,0.407575
1007.0,0.413144
1007.5,0.418662
1008.0,0.422188
1008.5,0.422336
1009.0,0.419942
1009.5,0.416399
1010.0,0.4131
1010.5,0.411149
1011.0,0.4105
1011.5,0.410818
1012.0,0.411769
1012.5,0.413006
1013.0,0.414123
1013.5,0.414705
1014.0,0.414332
1014.5,0.412824
1015.0,0.410936
1015.5,0.409662
1016.0,0.409994
1016.5,0.412452
1017.0,0.415658
1017.5,0.417763
1018.0,0.416918
1018.5,0.412006
1019.0,0.404848
1019.5,0.397999
1020.0,0.394015
1020.5,0.394627
1021.0,0.39828
1021.5,0.402594
1022.0,0.40519
1022.5,0.404359
1023.0,0.401062
1023.5,0.396932
1024.0,0.3936
1024.5,0.39225
1025.0,0.392269
1025.5,0.392597
1026.0,0.392173
1026.5,0.390327
1027.0,0.387955
1027.5,0.386342
1028.0,0.386773
1028.5,0.390057
1029.0,0.395083
1029.5,0.400262
1030.0,0.404007
1030.5,0.403314
1031.0,0.402551
1031.5,0.401104
1032.0,0.399388
1032.5,0.397788
1033.0,0.396563
1033.5,0.395946
1034.0,0.396167
1034.5,0.397289
1035.0,0.398696
1035.5,0.399605
1036.0,0.399231
1036.5,0.397122
1037.0,0.39415
1037.5,0.391517
1038.0,0.390426
1038.5,0.391675
1039.0,0.394437
1039.5,0.39748
1040.0,0.39957
1040.5,0.399799
1041.0,0.398544
1041.5,0.396505
1042.0,0.394383
1042.5,0.392707
1043.0,0.391315
1043.5,0.389875
1044.0,0.388056
1044.5,0.385682
1045.0,0.383212
1045.5,0.381262
1046.0,0.380447
1046.5,0.381157
1047.0,0.382881
1047.5,0.384878
1048.0,0.386409
1048.5,0.386897
1049.0,0.386415
1049.5,0.385194
1050.0,0.383468
1050.5,0.381474
1051.0,0.379481
1051.5,0.37776
1052.0,0.376583
1052.5,0.376156
1053.0,0.37641
1053.5,0.377209
1054.0,0.378417
1054.5,0.379852
1055.0,0.381155
1055.5,0.38192
1056.0,0.381742
1056.5,0.38038
1057.0,0.378257
1057.5,0.375957
1058.0,0.374067
1058.5,0.373027
1059.0,0.372696
1059.5,0.372781
1060.0,0.372997
1060.5,0.373107
1061.0,0.373097
1061.5,0.373008
1062.0,0.372879
1062.5,0.372245
1063.0,0.371787
1063.5,0.371329
1064.0,0.370872
1064.5,0.370414
1065.0,0.369957
1065.5,0.369499
1066.0,0.369042
1066.5,0.368584
1067.0,0.368127
1067.5,0.367669
1068.0,0.367212
1068.5,0.366755
1069.0,0.366298
1069.5,0.365841
1070.0,0.365383
1070.5,0.364926
1071.0,0.364469
1071.5,0.364013
1072.0,0.363556
1072.5,0.363099
1073.0,0.362642
1073.5,0.362186
1074.0,0.361729
1074.5,0.361272
1075.0,0.360816
1075.5,0.36036
1076.0,0.359903
1076.5,0.359447
1077.0,0.358991
1077.5,0.358535
1078.0,0.358079
1078.5,0.357623
1079.0,0.357168
1079.5,0.356712
1080.0,0.356257
1080.5,0.355801
1081.0,0.355346
1081.5,0.354891
1082.0,0.354436
1082.5,0.35398
1083.0,0.353526
1083.5,0.353071
1084.0,0.352616
1084.5,0.352162
1085.0,0.351707
1085.5,0.351253
1086.0,0.350799
1086.5,0.350345
1087.0,0.349891
1087.5,0.349437
1088.0,0.348983
1088.5,0.34853
1089.0,0.348077
1089.5,0.347623
1090.0,0.34717
1090.5,0.346717
1091.0,0.346264
1091.5,0.345812
1092.0,0.345359
1092.5,0.344907
1093.0,0.344455
1093.5,0.344003
1094.0,0.343551
1094.5,0.343099
1095.0,0.342647
1095.5,0.342196
1096.0,0.341745
1096.5,0.341294
1097.0,0.340843
1097.5,0.340392
1098.0,0.339942
1098.5,0.339491
1099.0,0.339041
1099.5,0.338591
1100.0,0.338141
1100.5,0.337692
1101.0,0.337242
1101.5,0.336793
1102.0,0.336344
1102.5,0.335895
1103.0,0.335447
1103.5,0.334998
1104.0,0.33455
1104.5,0.334102
1105.0,0.333654
1105.5,0.333206
1106.0,0.332759
1106.5,0.332312
1107.0,0.331865
1107.5,0.331418
1108.0,0.330972
1108.5,0.330525
1109.0,0.330079
1109.5,0.329633
1110.0,0.329188
1110.5,0.328742
1111.0,0.328297
1111.5,0.327852
1112.0,0.327407
1112.5,0.326963
1113.0,0.326519
1113.5,0.326075
1114.0,0.325631
1114.5,0.325187
1115.0,0.324744
1115.5,0.324301
1116.0,0.323858
1116.5,0.323416
1117.0,0.322974
1117.5,0.322532
1118.0,0.32209
1118.5,0.321649
1119.0,0.321208
1119.5,0.320767
1120.0,0.320326
1120.5,0.319886
1121.0,0.319446
1121.5,0.319006
1122.0,0.318566
1122.5,0.318127
1123.0,0.317688
1123.5,0.317249
1124.0,0.316811
1124.5,0.316373
1125.0,0.315935
1125.5,0.315498
1126.0,0.31506
1126.5,0.314624
1127.0,0.314187
1127.5,0.313751
1128.0,0.313315
1128.5,0.312879
1129.0,0.312444
1129.5,0.312009
1130.0,0.311574
1130.5,0.311139
1131.0,0.310705
1131.5,0.310272
1132.0,0.309838
1132.5,0.309405
1133.0,0.308972
1133.5,0.30854
1134.0,0.308108
1134.5,0.307676
1135.0,0.307244
1135.5,0.306813
1136.0,0.306382
1136.5,0.305952
1137.0,0.305522
1137.5,0.305092
1138.0,0.304663
1138.5,0.304234
1139.0,0.303805
1139.5,0.303377
1140.0,0.302949
1140.5,0.302521
1141.0,0.302094
1141.5,0.301667
1142.0,0.30124
1142.5,0.300814
1143.0,0.300388
1143.5,0.299963
1144.0,0.299538
1144.5,0.299113
1145.0,0.298689
1145.5,0.298265
1146.0,0.297841
1146.5,0.297418
1147.0,0.296996
1147.5,0.296573
1148.0,0.296151
1148.5,0.29573
1149.0,0.295308
1149.5,0.294888
1150.0,0.294467
1150.5,0.294047
1151.0,0.293628
1151.5,0.293209
1152.0,0.29279
1152.5,0.292372
1153.0,0.291954
1153.5,0.291536
1154.0,0.291119
1154.5,0.290702
1155.0,0.290286
1155.5,0.28987
1156.0,0.289455
1156.5,0.28904
1157.0,0.288625
1157.5,0.288211
1158.0,0.287798
1158.5,0.287384
1159.0,0.286972
1159.5,0.286559
1160.0,0.286147
1160.5,0.285736
1161.0,0.285325
1161.5,0.284914
1162.0,0.284504
1162.5,0.284095
1163.0,0.283685
1163.5,0.283277
1164.0,0.282868
1164.5,0.282461
1165.0,0.282053
1165.5,0.281646
1166.0,0.28124
1166.5,0.280834
1167.0,0.280429
1167.5,0.280024
1168.0,0.279619
1168.5,0.279215
1169.0,0.278812
1169.5,0.278409
1170.0,0.278006
1170.5,0.277604
1171.0,0.277202
1171.5,0.276801
1172.0,0.276401
1172.5,0.276001
1173.0,0.275601
1173.5,0.275202
1174.0,0.274803
1174.5,0.274405
1175.0,0.274008
1175.5,0.273611
1176.0,0.273214
1176.5,0.272818
1177.0,0.272423
1177.5,0.272028
1178.0,0.271633
1178.5,0.271239
1179.0,0.270846
1179.5,0.270453
1180.0,0.270061
1180.5,0.269669
1181.0,0.269277
1181.5,0.268887
1182.0,0.268496
1182.5,0.268107
1183.0,0.267718
1183.5,0.267329
1184.0,0.266941
1184.5,0.266554
1185.0,0.266167
1185.5,0.26578
1186.0,0.265394
1186.5,0.265009
1187.0,0.264624
1187.5,0.26424
1188.0,0.263857
1188.5,0.263474
1189.0,0.263091
1189.5,0.262709
1190.0,0.262328
1190.5,0.261947
1191.0,0.261567
1191.5,0.261188
1192.0,0.260809
1192.5,0.26043
1193.0,0.260053
1193.5,0.259675
1194.0,0.259299
1194.5,0.258923
1195.0,0.258547
1195.5,0.258173
1196.0,0.257798
1196.5,0.257425
1197.0,0.257052
1197.5,0.256679
1198.0,0.256307
1198.5,0.255936
1199.0,0.255566
1199.5,0.255196
1200.0,0.254826
1200.5,0.254458
1201.0,0.254089
1201.5,0.253722
1202.0,0.253355
1202.5,0.252989
1203.0,0.252623
1203.5,0.252258
1204.0,0.251894
1204.5,0.25153
1205.0,0.251167
1205.5,0.250805
1206.0,0.250443
1206.5,0.250082
1207.0,0.249721
1207.5,0.249361
1208.0,0.249002
1208.5,0.248644
1209.0,0.248286
1209.5,0.247929
1210.0,0.247572
1210.5,0.247216
1211.0,0.246861
1211.5,0.246506
1212.0,0.246153
1212.5,0.245799
1213.0,0.245447
1213.5,0.245095
1214.0,0.244744
1214.5,0.244393
1215.0,0.244043
1215.5,0.243694
1216.0,0.243346
1216.5,0.242998
1217.0,0.242651
1217.5,0.242304
1218.0,0.241959
1218.5,0.241614
1219.0,0.241269
1219.5,0.240926
1220.0,0.240583
1220.5,0.240241
1221.0,0.239899
1221.5,0.239558
1222.0,0.239218
1222.5,0.238879
1223.0,0.23854
1223.5,0.238202
1224.0,0.237865
1224.5,0.237529
1225.0,0.237193
1225.5,0.236858
1226.0,0.236523
1226.5,0.236189
1227.0,0.235856
1227.5,0.235524
1228.0,0.235193
1228.5,0.234862
1229.0,0.234531
1229.5,0.234202
1230.0,0.233873
1230.5,0.233545
1231.0,0.233217
1231.5,0.232891
1232.0,0.232564
1232.5,0.232239
1233.0,0.231914
1233.5,0.23159
1234.0,0.231267
1234.5,0.230944
1235.0,0.230622
1235.5,0.230301
1236.0,0.229981
1236.5,0.229661
1237.0,0.229342
1237.5,0.229023
1238.0,0.228705
1238.5,0.228388
1239.0,0.228071
1239.5,0.227756
1240.0,0.22744
1240.5,0.227126
1241.0,0.226812
1241.5,0.226499
1242.0,0.226187
1242.5,0.225875
1243.0,0.225564
1243.5,0.225253
1244.0,0.224944
1244.5,0.224634
1245.0,0.224326
1245.5,0.224018
1246.0,0.223711
1246.5,0.223405
1247.0,0.223099
1247.5,0.222794
1248.0,0.222489
1248.5,0.222186
1249.0,0.221883
1249.5,0.22158
1250.0,0.221278
1250.5,0.220977
1251.0,0.220677
1251.5,0.220377
1252.0,0.220078
1252.5,0.219779
1253.0,0.219481
1253.5,0.219184
1254.0,0.218887
1254.5,0.218592
1255.0,0.218296
1255.5,0.218002
1256.0,0.217708
1256.5,0.217414
1257.0,0.217122
1257.5,0.21683
1258.0,0.216538
1258.5,0.216248
1259.0,0.215957
1259.5,0.215668
1260.0,0.215379
1260.5,0.215091
1261.0,0.214803
1261.5,0.214516
1262.0,0.21423
1262.5,0.213945
1263.0,0.21366
1263.5,0.213375
1264.0,0.213092
1264.5,0.212808
1265.0,0.212526
1265.5,0.212244
1266.0,0.211963
1266.5,0.211682
1267.0,0.211402
1267.5,0.211123
1268.0,0.210844
1268.5,0.210566
1269.0,0.210289
1269.5,0.210012
1270.0,0.209736
1270.5,0.20946
1271.0,0.209185
1271.5,0.208911
1272.0,0.208637
1272.5,0.208364
1273.0,0.208092
1273.5,0.20782
1274.0,0.207548
1274.5,0.207278
1275.0,0.207008
1275.5,0.206738
1276.0,0.20647
1276.5,0.206201
1277.0,0.205934
1277.5,0.205667
1278.0,0.2054
1278.5,0.205135
1279.0,0.20487
1279.5,0.204605
1280.0,0.204341
1280.5,0.204078
1281.0,0.203815
1281.5,0.203553
1282.0,0.203291
1282.5,0.20303
1283.0,0.20277
1283.5,0.20251
1284.0,0.202251
1284.5,0.201993
1285.0,0.201735
1285.5,0.201477
1286.0,0.201221
1286.5,0.200964
1287.0,0.200709
1287.5,0.200454
1288.0,0.200199
1288.5,0.199946
1289.0,0.199692
1289.5,0.19944
1290.0,0.199188
1290.5,0.198936
1291.0,0.198685
1291.5,0.198435
1292.0,0.198185
1292.5,0.197936
1293.0,0.197688
1293.5,0.19744
1294.0,0.197192
1294.5,0.196945
1295.0,0.196699
1295.5,0.196454
1296.0,0.196209
1296.5,0.195964
1297.0,0.19572
1297.5,0.195477
1298.0,0.195234
1298.5,0.194992
1299.0,0.19475
1299.5,0.194509
1300.0,0.194268
1300.5,0.194029
1301.0,0.193789
1301.5,0.19355
1302.0,0.193312
1302.5,0.193074
1303.0,0.192837
1303.5,0.192601
1304.0,0.192365
1304.5,0.192129
1305.0,0.191894
1305.5,0.19166
1306.0,0.191426
1306.5,0.191193
1307.0,0.19096
1307.5,0.190728
1308.0,0.190497
1308.5,0.190266
1309.0,0.190035
1309.5,0.189805
1310.0,0.189576
1310.5,0.189347
1311.0,0.189119
1311.5,0.188891
1312.0,0.188664
1312.5,0.188438
1313.0,0.188212
1313.5,0.187986
1314.0,0.187761
1314.5,0.187537
1315.0,0.187313
1315.5,0.18709
1316.0,0.186867
1316.5,0.186644
1317.0,0.186423
1317.5,0.186202
1318.0,0.185981
1318.5,0.185761
1319.0,0.185541
1319.5,0.185322
1320.0,0.185104
1320.5,0.184886
1321.0,0.184668
1321.5,0.184451
1322.0,0.184235
1322.5,0.184019
1323.0,0.183804
1323.5,0.183589
1324.0,0.183374
1324.5,0.183161
1325.0,0.182947
1325.5,0.182735
1326.0,0.182522
1326.5,0.182311
1327.0,0.1821
1327.5,0.181889
1328.0,0.181679
1328.5,0.181469
1329.0,0.18126
1329.5,0.181052
1330.0,0.180843
1330.5,0.180636
1331.0,0.180429
1331.5,0.180222
1332.0,0.180016
1332.5,0.179811
1333.0,0.179606
1333.5,0.179401
1334.0,0.179197
1334.5,0.178994
1335.0,0.178791
1335.5,0.178588
1336.0,0.178386
1336.5,0.178185
1337.0,0.177984
1337.5,0.177784
1338.0,0.177584
1338.5,0.177384
1339.0,0.177185
1339.5,0.176987
1340.0,0.176789
1340.5,0.176591
1341.0,0.176394
1341.5,0.176198
1342.0,0.176002
1342.5,0.175806
1343.0,0.175611
1343.5,0.175417
1344.0,0.175223
1344.5,0.175029
1345.0,0.174836
1345.5,0.174643
1346.0,0.174451
1346.5,0.17426
1347.0,0.174069
1347.5,0.173878
1348.0,0.173688
1348.5,0.173498
1349.0,0.173309
1349.5,0.17312
1350.0,0.172932
1350.5,0.172744
1351.0,0.172557
1351.5,0.17237
1352.0,0.172184
1352.5,0.171998
1353.0,0.171812
1353.5,0.171627
1354.0,0.171443
1354.5,0.171259
1355.0,0.171075
1355.5,0.170892
1356.0,0.17071
1356.5,0.170528
1357.0,0.170346
1357.5,0.170165
1358.0,0.169984
1358.5,0.169804
1359.0,0.169624
1359.5,0.169445
1360.0,0.169266
1360.5,0.169087
1361.0,0.16891
1361.5,0.168732
1362.0,0.168555
1362.5,0.168378
1363.0,0.168202
1363.5,0.168027
1364.0,0.167851
1364.5,0.167677
1365.0,0.167502
1365.5,0.167328
1366.0,0.167155
1366.5,0.166982
1367.0,0.166809
1367.5,0.166637
1368.0,0.166466
1368.5,0.166294
1369.0,0.166124
1369.5,0.165953
1370.0,0.165784
1370.5,0.165614
1371.0,0.165445
1371.5,0.165277
1372.0,0.165108
1372.5,0.164941
1373.0,0.164774
1373.5,0.164607
1374.0,0.16444
1374.5,0.164274
1375.0,0.164109
1375.5,0.163944
1376.0,0.163779
1376.5,0.163615
1377.0,0.163451
1377.5,0.163288
1378.0,0.163125
1378.5,0.162962
1379.0,0.1628
1379.5,0.162639
1380.0,0.162478
1380.5,0.162317
1381.0,0.162156
1381.5,0.161996
1382.0,0.161837
1382.5,0.161678
1383.0,0.161519
1383.5,0.161361
1384.0,0.161203
1384.5,0.161045
1385.0,0.160888
1385.5,0.160732
1386.0,0.160576
1386.5,0.16042
1387.0,0.160264
1387.5,0.160109
1388.0,0.159955
1388.5,0.159801
1389.0,0.159647
1389.5,0.159494
1390.0,0.159341
1390.5,0.159188
1391.0,0.159036
1391.5,0.158884
1392.0,0.158733
1392.5,0.158582
1393.0,0.158432
1393.5,0.158281
1394.0,0.158132
1394.5,0.157982
1395.0,0.157833
1395.5,0.157685
1396.0,0.157537
1396.5,0.157389
1397.0,0.157242
1397.5,0.157095
1398.0,0.156948
1398.5,0.156802
1399.0,0.156656
1399.5,0.156511
1400.0,0.156366
1400.5,0.156221
1401.0,0.156077
1401.5,0.155933
1402.0,0.15579
1402.5,0.155646
1403.0,0.155504
1403.5,0.155361
1404.0,0.15522
1404.5,0.155078
1405.0,0.154937
1405.5,0.154796
1406.0,0.154656
1406.5,0.154516
1407.0,0.154376
1407.5,0.154237
1408.0,0.154098
1408.5,0.153959
1409.0,0.153821
1409.5,0.153683
1410.0,0.153546
1410.5,0.153409
1411.0,0.153272
1411.5,0.153135
1412.0,0.152999
1412.5,0.152864
1413.0,0.152729
1413.5,0.152594
1414.0,0.152459
1414.5,0.152325
1415.0,0.152191
1415.5,0.152058
1416.0,0.151925
1416.5,0.151792
1417.0,0.15166
1417.5,0.151528
1418.0,0.151396
1418.5,0.151265
1419.0,0.151134
1419.5,0.151003
1420.0,0.150873
1420.5,0.150743
1421.0,0.150613
1421.5,0.150484
1422.0,0.150355
1422.5,0.150227
1423.0,0.150099
1423.5,0.149971
1424.0,0.149843
1424.5,0.149716
1425.0,0.14959
1425.5,0.149463
1426.0,0.149337
1426.5,0.149211
1427.0,0.149086
1427.5,0.148961
1428.0,0.148836
1428.5,0.148712
1429.0,0.148588
1429.5,0.148464
1430.0,0.14834
1430.5,0.148217
1431.0,0.148095
1431.5,0.147972
1432.0,0.14785
1432.5,0.147728
1433.0,0.147607
1433.5,0.147486
1434.0,0.147365
1434.5,0.147245
1435.0,0.147125
1435.5,0.147005
1436.0,0.146885
1436.5,0.146766
1437.0,0.146647
1437.5,0.146529
1438.0,0.146411
1438.5,0.146293
1439.0,0.146175
1439.5,0.146058
1440.0,0.145941
1440.5,0.145824
1441.0,0.145708
1441.5,0.145592
1442.0,0.145477
1442.5,0.145361
1443.0,0.145246
1443.5,0.145131
1444.0,0.145017
1444.5,0.144903
1445.0,0.144789
1445.5,0.144675
1446.0,0.144562
1446.5,0.144449
1447.0,0.144337
1447.5,0.144224
1448.0,0.144112
1448.5,0.144001
1449.0,0.143889
1449.5,0.143778
1450.0,0.143667
1450.5,0.143557
1451.0,0.143447
1451.5,0.143337
1452.0,0.143227
1452.5,0.143118
1453.0,0.143009
1453.5,0.1429
1454.0,0.142792
1454.5,0.142683
1455.0,0.142576
1455.5,0.142468
1456.0,0.142361
1456.5,0.142254
1457.0,0.142147
1457.5,0.142041
1458.0,0.141934
1458.5,0.141828
1459.0,0.141723
1459.5,0.141618
1460.0,0.141513
1460.5,0.141408
1461.0,0.141303
1461.5,0.141199
1462.0,0.141095
1462.5,0.140991
1463.0,0.140888
1463.5,0.140785
1464.0,0.140682
1464.5,0.14058
1465.0,0.140477
1465.5,0.140375
1466.0,0.140273
1466.5,0.140172
1467.0,0.140071
1467.5,0.13997
1468.0,0.139869
1468.5,0.139769
1469.0,0.139668
1469.5,0.139569
1470.0,0.139469
1470.5,0.13937
1471.0,0.13927
1471.5,0.139172
1472.0,0.139073
1472.5,0.138975
1473.0,0.138876
1473.5,0.138779
1474.0,0.138681
1474.5,0.138584
1475.0,0.138487
1475.5,0.13839
1476.0,0.138293
1476.5,0.138197
1477.0,0.138101
1477.5,0.138005
1478.0,0.137909
1478.5,0.137814
1479.0,0.137719
1479.5,0.137624
1480.0,0.137529
1480.5,0.137435
1481.0,0.137341
1481.5,0.137247
1482.0,0.137153
1482.5,0.13706
1483.0,0.136967
1483.5,0.136874
1484.0,0.136781
1484.5,0.136689
1485.0,0.136597
1485.5,0.136505
1486.0,0.136413
1486.5,0.136321
1487.0,0.13623
1487.5,0.136139
1488.0,0.136048
1488.5,0.135957
1489.0,0.135867
1489.5,0.135777
1490.0,0.135687
1490.5,0.135597
1491.0,0.135508
1491.5,0.135419
1492.0,0.13533
1492.5,0.135241
1493.0,0.135152
1493.5,0.135064
1494.0,0.134976
1494.5,0.134888
1495.0,0.1348
1495.5,0.134712
1496.0,0.134625
1496.5,0.134538
1497.0,0.134451
1497.5,0.134364
1498.0,0.134278
1498.5,0.134192
1499.0,0.134106
1499.5,0.13402
1500.0,0.133934
1500.5,0.133849
1501.0,0.133764
1501.5,0.133679
1502.0,0.133594
1502.5,0.133509
1503.0,0.133425
1503.5,0.133341
1504.0,0.133257
1504.5,0.133173
1505.0,0.133089
1505.5,0.133006
1506.0,0.132923
1506.5,0.13284
1507.0,0.132757
1507.5,0.132674
1508.0,0.132592
1508.5,0.13251
1509.0,0.132427
1509.5,0.132346
1510.0,0.132264
1510.5,0.132182
1511.0,0.132101
1511.5,0.13202
1512.0,0.131939
1512.5,0.131858
1513.0,0.131778
1513.5,0.131698
1514.0,0.131617
1514.5,0.131537
1515.0,0.131457
1515.5,0.131378
1516.0,0.131298
1516.5,0.131219
1517.0,0.13114
1517.5,0.131061
1518.0,0.130982
1518.5,0.130904
1519.0,0.130825
1519.5,0.130747
1520.0,0.130669
1520.5,0.130591
1521.0,0.130513
1521.5,0.130436
1522.0,0.130358
1522.5,0.130281
1523.0,0.130204
1523.5,0.130127
1524.0,0.13005
1524.5,0.129974
1525.0,0.129897
1525.5,0.129821
1526.0,0.129745
1526.5,0.129669
1527.0,0.129593
1527.5,0.129518
1528.0,0.129442
1528.5,0.129367
1529.0,0.129292
1529.5,0.129217
1530.0,0.129142
1530.5,0.129067
1531.0,0.128993
1531.5,0.128918
1532.0,0.128844
1532.5,0.12877
1533.0,0.128696
1533.5,0.128622
1534.0,0.128549
1534.5,0.128475
1535.0,0.128402
1535.5,0.128329
1536.0,0.128255
1536.5,0.128183
1537.0,0.12811
1537.5,0.128037
1538.0,0.127965
1538.5,0.127892
1539.0,0.12782
1539.5,0.127748
1540.0,0.127676
1540.5,0.127604
1541.0,0.127532
1541.5,0.127461
1542.0,0.127389
1542.5,0.127318
1543.0,0.127247
1543.5,0.127176
1544.0,0.127105
1544.5,0.127034
1545.0,0.126963
1545.5,0.126893
1546.0,0.126822
1546.5,0.126752
1547.0,0.126682
1547.5,0.126612
1548.0,0.126542
1548.5,0.126472
1549.0,0.126402
1549.5,0.126333
1550.0,0.126263
1550.5,0.126194
1551.0,0.126125
1551.5,0.126056
1552.0,0.125987
1552.5,0.125918
1553.0,0.125849
1553.5,0.12578
1554.0,0.125712
1554.5,0.125643
1555.0,0.125575
1555.5,0.125507
1556.0,0.125438
1556.5,0.12537
1557.0,0.125303
1557.5,0.125235
1558.0,0.125167
1558.5,0.125099
1559.0,0.125032
1559.5,0.124964
1560.0,0.124897
1560.5,0.12483
1561.0,0.124763
1561.5,0.124696
1562.0,0.124629
1562.5,0.124562
1563.0,0.124495
1563.5,0.124429
1564.0,0.124362
1564.5,0.124296
1565.0,0.124229
1565.5,0.124163
1566.0,0.124097
1566.5,0.124031
1567.0,0.123965
1567.5,0.123899
1568.0,0.123833
1568.5,0.123767
1569.0,0.123701
1569.5,0.123636
1570.0,0.12357
1570.5,0.123505
1571.0,0.123439
1571.5,0.123374
1572.0,0.123309
1572.5,0.123244
1573.0,0.123179
1573.5,0.123114
1574.0,0.123049
1574.5,0.122984
1575.0,0.122919
1575.5,0.122854
1576.0,0.12279
1576.5,0.122725
1577.0,0.122661
1577.5,0.122596
1578.0,0.122532
1578.5,0.122468
1579.0,0.122403
1579.5,0.122339
1580.0,0.122275
1580.5,0.122211
1581.0,0.122147
1581.5,0.122083
1582.0,0.122019
1582.5,0.121955
1583.0,0.121892
1583.5,0.121828
1584.0,0.121764
1584.5,0.121701
1585.0,0.121637
1585.5,0.121574
1586.0,0.12151
1586.5,0.121447
1587.0,0.121384
1587.5,0.12132
1588.0,0.121257
1588.5,0.121194
1589.0,0.121131
1589.5,0.121068
1590.0,0.121005
1590.5,0.120942
1591.0,0.120879
1591.5,0.120816
1592.0,0.120753
1592.5,0.12069
1593.0,0.120627
1593.5,0.120565
1594.0,0.120502
1594.5,0.120439
1595.0,0.120377
1595.5,0.120314
1596.0,0.120251
1596.5,0.120189
1597.0,0.120126
1597.5,0.120064
1598.0,0.120001
1598.5,0.119939
1599.0,0.119877
1599.5,0.119814
1600.0,0.119752
1600.5,0.11969
1601.0,0.119627
1601.5,0.119565
1602.0,0.119503
1602.5,0.119441
1603.0,0.119378
1603.5,0.119316
1604.0,0.119254
1604.5,0.119192
1605.0,0.11913
1605.5,0.119068
1606.0,0.119006
1606.5,0.118944
1607.0,0.118882
1607.5,0.118819
1608.0,0.118757
1608.5,0.118695
1609.0,0.118633
1609.5,0.118571
1610.0,0.118509
1610.5,0.118447
1611.0,0.118385
1611.5,0.118323
1612.0,0.118261
1612.5,0.1182
1613.0,0.118138
1613.5,0.118076
1614.0,0.118014
1614.5,0.117952
1615.0,0.11789
1615.5,0.117828
1616.0,0.117766
1616.5,0.117704
1617.0,0.117642
1617.5,0.11758
1618.0,0.117518
1618.5,0.117456
1619.0,0.117394
1619.5,0.117332
1620.0,0.11727
1620.5,0.117208
1621.0,0.117146
1621.5,0.117084
1622.0,0.117022
1622.5,0.11696
1623.0,0.116898
1623.5,0.116835
1624.0,0.116773
1624.5,0.116711
1625.0,0.116649
1625.5,0.116587
1626.0,0.116525
1626.5,0.116462
1627.0,0.1164
1627.5,0.116338
1628.0,0.116276
1628.5,0.116213
1629.0,0.116151
1629.5,0.116089
1630.0,0.116026
1630.5,0.115964
1631.0,0.115901
1631.5,0.115839
1632.0,0.115776
1632.5,0.115714
1633.0,0.115651
1633.5,0.115589
1634.0,0.115526
1634.5,0.115463
1635.0,0.115401
1635.5,0.115338
1636.0,0.115275
1636.5,0.115212
1637.0,0.115149
1637.5,0.115087
1638.0,0.115024
1638.5,0.114961
1639.0,0.114898
1639.5,0.114835
1640.0,0.114772
1640.5,0.114709
1641.0,0.114646
1641.5,0.114583
1642.0,0.114519
1642.5,0.114456
1643.0,0.114393
1643.5,0.11433
1644.0,0.114267
1644.5,0.114203
1645.0,0.11414
1645.5,0.114077
1646.0,0.114013
1646.5,0.11395
1647.0,0.113886
1647.5,0.113823
1648.0,0.113759
1648.5,0.113696
1649.0,0.113632
1649.5,0.113569
1650.0,0.113505
1650.5,0.113441
1651.0,0.113378
1651.5,0.113314
1652.0,0.11325
1652.5,0.113186
1653.0,0.113123
1653.5,0.113059
1654.0,0.112995
1654.5,0.112931
1655.0,0.112867
1655.5,0.112803
1656.0,0.112739
1656.5,0.112675
1657.0,0.112611
1657.5,0.112547
1658.0,0.112483
1658.5,0.112419
1659.0,0.112355
1659.5,0.112291
1660.0,0.112226
1660.5,0.112162
1661.0,0.112098
1661.5,0.112034
1662.0,0.111969
1662.5,0.111905
1663.0,0.111841
1663.5,0.111776
1664.0,0.111712
1664.5,0.111647
1665.0,0.111583
1665.5,0.111518
1666.0,0.111454
1666.5,0.111389
1667.0,0.111325
1667.5,0.11126
1668.0,0.111196
1668.5,0.111131
1669.0,0.111066
1669.5,0.111001
1670.0,0.110937
1670.5,0.110872
1671.0,0.110807
1671.5,0.110742
1672.0,0.110677
1672.5,0.110613
1673.0,0.110548
1673.5,0.110483
1674.0,0.110418
1674.5,0.110353
1675.0,0.110288
1675.5,0.110223
1676.0,0.110158
1676.5,0.110093
1677.0,0.110027
1677.5,0.109962
1678.0,0.109897
1678.5,0.109832
1679.0,0.109767
1679.5,0.109701
1680.0,0.109636
1680.5,0.109571
1681.0,0.109506
1681.5,0.10944
1682.0,0.109375
1682.5,0.10931
1683.0,0.109244
1683.5,0.109179
1684.0,0.109113
1684.5,0.109048
1685.0,0.108982
1685.5,0.108917
1686.0,0.108851
1686.5,0.108785
1687.0,0.10872
1687.5,0.108654
1688.0,0.108589
1688.5,0.108523
1689.0,0.108457
1689.5,0.108391
1690.0,0.108326
1690.5,0.10826
1691.0,0.108194
1691.5,0.108128
1692.0,0.108062
1692.5,0.107997
1693.0,0.107931
1693.5,0.107865
1694.0,0.107799
1694.5,0.107733
1695.0,0.107667
1695.5,0.107601
1696.0,0.107535
1696.5,0.107469
1697.0,0.107403
1697.5,0.107337
1698.0,0.10727
1698.5,0.107204
1699.0,0.107138
1699.5,0.107072
1700.0,0.107006
1700.5,0.106939
1701.0,0.106873
1701.5,0.106807
1702.0,0.106741
1702.5,0.106674
1703.0,0.106608
1703.5,0.106541
1704.0,0.106475
1704.5,0.106409
1705.0,0.106342
1705.5,0.106276
1706.0,0.106209
1706.5,0.106143
1707.0,0.106076
1707.5,0.10601
1708.0,0.105943
1708.5,0.105877
1709.0,0.10581
1709.5,0.105743
1710.0,0.105677
1710.5,0.10561
1711.0,0.105543
1711.5,0.105477
1712.0,0.10541
1712.5,0.105343
1713.0,0.105276
1713.5,0.105209
1714.0,0.105143
1714.5,0.105076
1715.0,0.105009
1715.5,0.104942
1716.0,0.104875
1716.5,0.104808
1717.0,0.104741
1717.5,0.104674
1718.0,0.104607
1718.5,0.10454
1719.0,0.104473
1719.5,0.104406
1720.0,0.104339
1720.5,0.104272
1721.0,0.104205
1721.5,0.104138
1722.0,0.104071
1722.5,0.104004
1723.0,0.103937
1723.5,0.103869
1724.0,0.103802
1724.5,0.103735
1725.0,0.103668
1725.5,0.1036
1726.0,0.103533
1726.5,0.103466
1727.0,0.103398
1727.5,0.103331
1728.0,0.103264
1728.5,0.103196
1729.0,0.103129
1729.5,0.103062
1730.0,0.102994
1730.5,0.102927
1731.0,0.102859
1731.5,0.102792
1732.0,0.102724
1732.5,0.102657
1733.0,0.102589
1733.5,0.102522
1734.0,0.102454
1734.5,0.102386
1735.0,0.102319
1735.5,0.102251
1736.0,0.102184
1736.5,0.102116
1737.0,0.102048
1737.5,0.101981
1738.0,0.101913
1738.5,0.101845
1739.0,0.101777
1739.5,0.10171
1740.0,0.101642
1740.5,0.101574
1741.0,0.101506
1741.5,0.101438
1742.0,0.101371
1742.5,0.101303
1743.0,0.101235
1743.5,0.101167
1744.0,0.101099
1744.5,0.101031
1745.0,0.100963
1745.5,0.100895
1746.0,0.100827
1746.5,0.100759
1747.0,0.100691
1747.5,0.100623
1748.0,0.100555
1748.5,0.100487
1749.0,0.100419
1749.5,0.100351
1750.0,0.100283
1750.5,0.100215
1751.0,0.100147
1751.5,0.100078
1752.0,0.10001
1752.5,0.099942
1753.0,0.099874
1753.5,0.099806
1754.0,0.099737
1754.5,0.099669
1755.0,0.099601
1755.5,0.099533
1756.0,0.099464
1756.5,0.099396
1757.0,0.099328
1757.5,0.09926
1758.0,0.099191
1758.5,0.099123
1759.0,0.099055
1759.5,0.098986
1760.0,0.098918
1760.5,0.098849
1761.0,0.098781
1761.5,0.098713
1762.0,0.098644
1762.5,0.098576
1763.0,0.098507
1763.5,0.098439
1764.0,0.09837
1764.5,0.098302
1765.0,0.098233
1765.5,0.098165
1766.0,0.098096
1766.5,0.098027
1767.0,0.097959
1767.5,0.09789
1768.0,0.097822
1768.5,0.097753
1769.0,0.097684
1769.5,0.097616
1770.0,0.097547
1770.5,0.097479
1771.0,0.09741
1771.5,0.097341
1772.0,0.097272
1772.5,0.097204
1773.0,0.097135
1773.5,0.097066
1774.0,0.096998
1774.5,0.096929
1775.0,0.09686
1775.5,0.096791
1776.0,0.096722
1776.5,0.096654
1777.0,0.096585
1777.5,0.096516
1778.0,0.096447
1778.5,0.096378
1779.0,0.096309
1779.5,0.096241
1780.0,0.096172
1780.5,0.096103
1781.0,0.096034
1781.5,0.095965
1782.0,0.095896
1782.5,0.095827
1783.0,0.095758
1783.5,0.095689
1784.0,0.09562
1784.5,0.095551
1785.0,0.095482
1785.5,0.095413
1786.0,0.095344
1786.5,0.095275
1787.0,0.095206
1787.5,0.095137
1788.0,0.095068
1788.5,0.094999
1789.0,0.09493
1789.5,0.094861
1790.0,0.094792
1790.5,0.094723
1791.0,0.094654
1791.5,0.094585
1792.0,0.094515
1792.5,0.094446
1793.0,0.094377
1793.5,0.094308
1794.0,0.094239
1794.5,0.09417
1795.0,0.094101
1795.5,0.094031
1796.0,0.093962
1796.5,0.093893
1797.0,0.093824
1797.5,0.093755
1798.0,0.093685
1798.5,0.093616
1799.0,0.093547
1799.5,0.093478
1800.0,0.093408
1800.5,0.093339
1801.0,0.09327
1801.5,0.0932
1802.0,0.093131
1802.5,0.093062
1803.0,0.092993
1803.5,0.092923
1804.0,0.092854
1804.5,0.092785
1805.0,0.092715
1805.5,0.092646
1806.0,0.092577
1806.5,0.092507
1807.0,0.092438
1807.5,0.092368
1808.0,0.092299
1808.5,0.09223
1809.0,0.09216
1809.5,0.092091
1810.0,0.092021
1810.5,0.091952
1811.0,0.091883
1811.5,0.091813
1812.0,0.091744
1812.5,0.091674
1813.0,0.091605
1813.5,0.091535
1814.0,0.091466
1814.5,0.091397
1815.0,0.091327
1815.5,0.091258
1816.0,0.091188
1816.5,0.091119
1817.0,0.091049
1817.5,0.09098
1818.0,0.09091
1818.5,0.090841
1819.0,0.090771
1819.5,0.090702
1820.0,0.090632
1820.5,0.090563
1821.0,0.090493
1821.5,0.090423
1822.0,0.090354
1822.5,0.090284
1823.0,0.090215
1823.5,0.090145
1824.0,0.090076
1824.5,0.090006
1825.0,0.089937
1825.5,0.089867
1826.0,0.089797
1826.5,0.089728
1827.0,0.089658
1827.5,0.089589
1828.0,0.089519
1828.5,0.089449
1829.0,0.08938
1829.5,0.08931
1830.0,0.089241
1830.5,0.089171
1831.0,0.089101
1831.5,0.089032
1832.0,0.088962
1832.5,0.088892
1833.0,0.088823
1833.5,0.088753
1834.0,0.088684
1834.5,0.088614
1835.0,0.088544
1835.5,0.088475
1836.0,0.088405
1836.5,0.088335
1837.0,0.088266
1837.5,0.088196
1838.0,0.088126
1838.5,0.088057
1839.0,0.087987
1839.5,0.087917
1840.0,0.087848
1840.5,0.087778
1841.0,0.087708
1841.5,0.087639
1842.0,0.087569
1842.5,0.087499
1843.0,0.087429
1843.5,0.08736
1844.0,0.08729
1844.5,0.08722
1845.0,0.087151
1845.5,0.087081
1846.0,0.087011
1846.5,0.086942
1847.0,0.086872
1847.5,0.086802
1848.0,0.086733
1848.5,0.086663
1849.0,0.086593
1849.5,0.086523
1850.0,0.086454
1850.5,0.086384
1851.0,0.086314
1851.5,0.086245
1852.0,0.086175
1852.5,0.086105
1853.0,0.086035
1853.5,0.085966
1854.0,0.085896
1854.5,0.085826
1855.0,0.085757
1855.5,0.085687
1856.0,0.085617
1856.5,0.085547
1857.0,0.085478
1857.5,0.085408
1858.0,0.085338
1858.5,0.085269
1859.0,0.085199
1859.5,0.085129
1860.0,0.085059
1860.5,0.08499
1861.0,0.08492
1861.5,0.08485
1862.0,0.084781
1862.5,0.084711
1863.0,0.084641
1863.5,0.084572
1864.0,0.084502
1864.5,0.084432
1865.0,0.084362
1865.5,0.084293
1866.0,0.084223
1866.5,0.084153
1867.0,0.084084
1867.5,0.084014
1868.0,0.083944
1868.5,0.083875
1869.0,0.083805
1869.5,0.083735
1870.0,0.083666
1870.5,0.083596
1871.0,0.083526
1871.5,0.083456
1872.0,0.083387
1872.5,0.083317
1873.0,0.083247
1873.5,0.083178
1874.0,0.083108
1874.5,0.083038
1875.0,0.082969
1875.5,0.082899
1876.0,0.082829
1876.5,0.08276
1877.0,0.08269
1877.5,0.082621
1878.0,0.082551
1878.5,0.082481
1879.0,0.082412
1879.5,0.082342
1880.0,0.082272
1880.5,0.082203
1881.0,0.082133
1881.5,0.082063
1882.0,0.081994
1882.5,0.081924
1883.0,0.081855
1883.5,0.081785
1884.0,0.081715
1884.5,0.081646
1885.0,0.081576
1885.5,0.081507
1886.0,0.081437
1886.5,0.081368
1887.0,0.081298
1887.5,0.081228
1888.0,0.081159
1888.5,0.081089
1889.0,0.08102
1889.5,0.08095
1890.0,0.080881
1890.5,0.080811
1891.0,0.080742
1891.5,0.080672
1892.0,0.080602
1892.5,0.080533
1893.0,0.080463
1893.5,0.080394
1894.0,0.080324
1894.5,0.080255
1895.0,0.080185
1895.5,0.080116
1896.0,0.080046
1896.5,0.079977
1897.0,0.079907
1897.5,0.079838
1898.0,0.079769
1898.5,0.079699
1899.0,0.07963
1899.5,0.07956
1900.0,0.079491
1900.5,0.079421
1901.0,0.079352
1901.5,0.079283
1902.0,0.079213
1902.5,0.079144
1903.0,0.079074
1903.5,0.079005
1904.0,0.078936
1904.5,0.078866
1905.0,0.078797
1905.5,0.078727
1906.0,0.078658
1906.5,0.078589
1907.0,0.078519
1907.5,0.07845
1908.0,0.078381
1908.5,0.078311
1909.0,0.078242
1909.5,0.078173
1910.0,0.078104
1910.5,0.078034
1911.0,0.077965
1911.5,0.077896
1912.0,0.077826
1912.5,0.077757
1913.0,0.077688
1913.5,0.077619
1914.0,0.077549
1914.5,0.07748
1915.0,0.077411
1915.5,0.077342
1916.0,0.077273
1916.5,0.077203
1917.0,0.077134
1917.5,0.077065
1918.0,0.076996
1918.5,0.076927
1919.0,0.076858
1919.5,0.076788
1920.0,0.076719
1920.5,0.07665
1921.0,0.076581
1921.5,0.076512
1922.0,0.076443
1922.5,0.076374
1923.0,0.076305
1923.5,0.076236
1924.0,0.076167
1924.5,0.076098
1925.0,0.076029
1925.5,0.07596
1926.0,0.075891
1926.5,0.075822
1927.0,0.075753
1927.5,0.075684
1928.0,0.075615
1928.5,0.075546
1929.0,0.075477
1929.5,0.075408
1930.0,0.075339
1930.5,0.07527
1931.0,0.075201
1931.5,0.075132
1932.0,0.075063
1932.5,0.074994
1933.0,0.074925
1933.5,0.074857
1934.0,0.074788
1934.5,0.074719
1935.0,0.07465
1935.5,0.074581
1936.0,0.074513
1936.5,0.074444
1937.0,0.074375
1937.5,0.074306
1938.0,0.074237
1938.5,0.074169
1939.0,0.0741
1939.5,0.074031
1940.0,0.073963
1940.5,0.073894
1941.0,0.073825
1941.5,0.073757
1942.0,0.073688
1942.5,0.073619
1943.0,0.073551
1943.5,0.073482
1944.0,0.073413
1944.5,0.073345
1945.0,0.073276
1945.5,0.073208
1946.0,0.073139
1946.5,0.073071
1947.0,0.073002
1947.5,0.072934
1948.0,0.072865
1948.5,0.072797
1949.0,0.072728
1949.5,0.07266
1950.0,0.072591
1950.5,0.072523
1951.0,0.072454
1951.5,0.072386
1952.0,0.072318
1952.5,0.072249
1953.0,0.072181
1953.5,0.072112
1954.0,0.072044
1954.5,0.071976
1955.0,0.071907
1955.5,0.071839
1956.0,0.071771
1956.5,0.071703
1957.0,0.071634
1957.5,0.071566
1958.0,0.071498
1958.5,0.07143
1959.0,0.071362
1959.5,0.071293
1960.0,0.071225
1960.5,0.071157
1961.0,0.071089
1961.5,0.071021
1962.0,0.070953
1962.5,0.070885
1963.0,0.070817
1963.5,0.070748
1964.0,0.07068
1964.5,0.070612
1965.0,0.070544
1965.5,0.070476
1966.0,0.070408
1966.5,0.07034
1967.0,0.070272
1967.5,0.070205
1968.0,0.070137
1968.5,0.070069
1969.0,0.070001
1969.5,0.069933
1970.0,0.069865
1970.5,0.069797
1971.0,0.069729
1971.5,0.069662
1972.0,0.069594
1972.5,0.069526
1973.0,0.069458
1973.5,0.069391
1974.0,0.069323
1974.5,0.069255
1975.0,0.069188
1975.5,0.06912
1976.0,0.069052
1976.5,0.068985
1977.0,0.068917
1977.5,0.068849
1978.0,0.068782
1978.5,0.068714
1979.0,0.068647
1979.5,0.068579
1980.0,0.068512
1980.5,0.068444
1981.0,0.068377
1981.5,0.068309
1982.0,0.068242
1982.5,0.068174
1983.0,0.068107
1983.5,0.06804
1984.0,0.067972
1984.5,0.067905
1985.0,0.067838
1985.5,0.06777
1986.0,0.067703
1986.5,0.067636
1987.0,0.067568
1987.5,0.067501
1988.0,0.067434
1988.5,0.067367
1989.0,0.0673
1989.5,0.067232
1990.0,0.067165
1990.5,0.067098
1991.0,0.067031
1991.5,0.066964
1992.0,0.066897
1992.5,0.06683
1993.0,0.066763
1993.5,0.066696
1994.0,0.066629
1994.5,0.066562
1995.0,0.066495
1995.5,0.066428
1996.0,0.066361
1996.5,0.066294
1997.0,0.066227
1997.5,0.066161
1998.0,0.066094
1998.5,0.066027
1999.0,0.06596
1999.5,0.065893
2000.0,0.065827
2000.5,0.06576
2001.0,0.065693
2001.5,0.065627
2002.0,0.06556
2002.5,0.065493
2003.0,0.065427
2003.5,0.06536
2004.0,0.065293
2004.5,0.065227
2005.0,0.06516
2005.5,0.065094
2006.0,0.065027
2006.5,0.064961
2007.0,0.064894
2007.5,0.064828
2008.0,0.064762
2008.5,0.064695
2009.0,0.064629
2009.5,0.064563
2010.0,0.064496
2010.5,0.06443
2011.0,0.064364
2011.5,0.064297
2012.0,0.064231
2012.5,0.064165
2013.0,0.064099
2013.5,0.064033
2014.0,0.063966
2014.5,0.0639
2015.0,0.063834
2015.5,0.063768
2016.0,0.063702
2016.5,0.063636
2017.0,0.06357
2017.5,0.063504
2018.0,0.063438
2018.5,0.063372
2019.0,0.063306
2019.5,0.063241
2020.0,0.063175
2020.5,0.063109
2021.0,0.063043
2021.5,0.062977
2022.0,0.062911
2022.5,0.062846
2023.0,0.06278
2023.5,0.062714
2024.0,0.062649
2024.5,0.062583
2025.0,0.062517
2025.5,0.062452
2026.0,0.062386
2026.5,0.062321
2027.0,0.062255
2027.5,0.06219
2028.0,0.062124
2028.5,0.062059
2029.0,0.061993
2029.5,0.061928
2030.0,0.061863
2030.5,0.061797
2031.0,0.061732
2031.5,0.061667
2032.0,0.061601
2032.5,0.061536
2033.0,0.061471
2033.5,0.061406
2034.0,0.06134
2034.5,0.061275
2035.0,0.06121
2035.5,0.061145
2036.0,0.06108
2036.5,0.061015
2037.0,0.06095
2037.5,0.060885
2038.0,0.06082
2038.5,0.060755
2039.0,0.06069
2039.5,0.060625
2040.0,0.06056
2040.5,0.060496
2041.0,0.060431
2041.5,0.060366
2042.0,0.060301
2042.5,0.060236
2043.0,0.060172
2043.5,0.060107
2044.0,0.060042
2044.5,0.059978
2045.0,0.059913
2045.5,0.059849
2046.0,0.059784
2046.5,0.05972
2047.0,0.059655
2047.5,0.059591
2048.0,0.059526
2048.5,0.059462
2049.0,0.059397
2049.5,0.059333
2050.0,0.059269
2050.5,0.059204
2051.0,0.05914
2051.5,0.059076
2052.0,0.059012
2052.5,0.058948
2053.0,0.058883
2053.5,0.058819
2054.0,0.058755
2054.5,0.058691
2055.0,0.058627
2055.5,0.058563
2056.0,0.058499
2056.5,0.058435
2057.0,0.058371
2057.5,0.058307
2058.0,0.058243
2058.5,0.05818
2059.0,0.058116
2059.5,0.058052
2060.0,0.057988
2060.5,0.057925
2061.0,0.057861
2061.5,0.057797
2062.0,0.057734
2062.5,0.05767
2063.0,0.057606
2063.5,0.057543
2064.0,0.057479
2064.5,0.057416
2065.0,0.057352
2065.5,0.057289
2066.0,0.057226
2066.5,0.057162
2067.0,0.057099
2067.5,0.057036
2068.0,0.056972
2068.5,0.056909
2069.0,0.056846
2069.5,0.056783
2070.0,0.05672
2070.5,0.056656
2071.0,0.056593
2071.5,0.05653
2072.0,0.056467
2072.5,0.056404
2073.0,0.056341
2073.5,0.056278
2074.0,0.056215
2074.5,0.056153
2075.0,0.05609
2075.5,0.056027
2076.0,0.055964
2076.5,0.055901
2077.0,0.055839
2077.5,0.055776
2078.0,0.055713
2078.5,0.055651
2079.0,0.055588
2079.5,0.055526
2080.0,0.055463
2080.5,0.055401
2081.0,0.055338
2081.5,0.055276
2082.0,0.055213
2082.5,0.055151
2083.0,0.055089
2083.5,0.055026
2084.0,0.054964
2084.5,0.054902
2085.0,0.05484
2085.5,0.054777
2086.0,0.054715
2086.5,0.054653
2087.0,0.054591
2087.5,0.054529
2088.0,0.054467
2088.5,0.054405
2089.0,0.054343
2089.5,0.054281
2090.0,0.054219
2090.5,0.054158
2091.0,0.054096
2091.5,0.054034
2092.0,0.053972
2092.5,0.053911
2093.0,0.053849
2093.5,0.053787
2094.0,0.053726
2094.5,0.053664
2095.0,0.053603
2095.5,0.053541
2096.0,0.05348
2096.5,0.053418
2097.0,0.053357
2097.5,0.053296
2098.0,0.053234
2098.5,0.053173
2099.0,0.053112
2099.5,0.05305
2100.0,0.052989
2100.5,0.052928
2101.0,0.052867
2101.5,0.052806
2102.0,0.052745
2102.5,0.052684
2103.0,0.052623
2103.5,0.052562
2104.0,0.052501
2104.5,0.05244
2105.0,0.052379
2105.5,0.052319
2106.0,0.052258
2106.5,0.052197
2107.0,0.052136
2107.5,0.052076
2108.0,0.052015
2108.5,0.051955
2109.0,0.051894
2109.5,0.051834
2110.0,0.051773
2110.5,0.051713
2111.0,0.051652
2111.5,0.051592
2112.0,0.051532
2112.5,0.051471
2113.0,0.051411
2113.5,0.051351
2114.0,0.051291
2114.5,0.051231
2115.0,0.05117
2115.5,0.05111
2116.0,0.05105
2116.5,0.05099
2117.0,0.05093
2117.5,0.05087
2118.0,0.050811
2118.5,0.050751
2119.0,0.050691
2119.5,0.050631
2120.0,0.050571
2120.5,0.050512
2121.0,0.050452
2121.5,0.050393
2122.0,0.050333
2122.5,0.050273
2123.0,0.050214
2123.5,0.050154
2124.0,0.050095
2124.5,0.050036
2125.0,0.049976
2125.5,0.049917
2126.0,0.049858
2126.5,0.049799
2127.0,0.049739
2127.5,0.04968
2128.0,0.049621
2128.5,0.049562
2129.0,0.049503
2129.5,0.049444
2130.0,0.049385
2130.5,0.049326
2131.0,0.049267
2131.5,0.049208
2132.0,0.04915
2132.5,0.049091
2133.0,0.049032
2133.5,0.048973
2134.0,0.048915
2134.5,0.048856
2135.0,0.048798
2135.5,0.048739
2136.0,0.048681
2136.5,0.048622
2137.0,0.048564
2137.5,0.048505
2138.0,0.048447
2138.5,0.048389
2139.0,0.048331
2139.5,0.048272
2140.0,0.048214
2140.5,0.048156
2141.0,0.048098
2141.5,0.04804
2142.0,0.047982
2142.5,0.047924
2143.0,0.047866
2143.5,0.047808
2144.0,0.047751
2144.5,0.047693
2145.0,0.047635
2145.5,0.047577
2146.0,0.04752
2146.5,0.047462
2147.0,0.047404
2147.5,0.047347
2148.0,0.047289
2148.5,0.047232
2149.0,0.047175
2149.5,0.047117
2150.0,0.04706
2150.5,0.047003
2151.0,0.046945
2151.5,0.046888
2152.0,0.046831
2152.5,0.046774
2153.0,0.046717
2153.5,0.04666
2154.0,0.046603
2154.5,0.046546
2155.0,0.046489
2155.5,0.046432
2156.0,0.046375
2156.5,0.046318
2157.0,0.046262
2157.5,0.046205
2158.0,0.046148
2158.5,0.046092
2159.0,0.046035
2159.5,0.045979
2160.0,0.045922
2160.5,0.045866
2161.0,0.045809
2161.5,0.045753
2162.0,0.045697
2162.5,0.045641
2163.0,0.045584
2163.5,0.045528
2164.0,0.045472
2164.5,0.045416
2165.0,0.04536
2165.5,0.045304
2166.0,0.045248
2166.5,0.045192
2167.0,0.045136
2167.5,0.045081
2168.0,0.045025
2168.5,0.044969
2169.0,0.044913
2169.5,0.044858
2170.0,0.044802
2170.5,0.044747
2171.0,0.044691
2171.5,0.044636
2172.0,0.04458
2172.5,0.044525
2173.0,0.04447
2173.5,0.044414
2174.0,0.044359
2174.5,0.044304
2175.0,0.044249
2175.5,0.044194
2176.0,0.044139
2176.5,0.044084
2177.0,0.044029
2177.5,0.043974
2178.0,0.043919
2178.5,0.043864
2179.0,0.043809
2179.5,0.043755
2180.0,0.0437
2180.5,0.043645
2181.0,0.043591
2181.5,0.043536
2182.0,0.043482
2182.5,0.043427
2183.0,0.043373
2183.5,0.043319
2184.0,0.043264
2184.5,0.04321
2185.0,0.043156
2185.5,0.043102
2186.0,0.043048
2186.5,0.042994
2187.0,0.04294
2187.5,0.042886
2188.0,0.042832
2188.5,0.042778
2189.0,0.042724
2189.5,0.04267
2190.0,0.042617
2190.5,0.042563
2191.0,0.042509
2191.5,0.042456
2192.0,0.042402
2192.5,0.042349
2193.0,0.042295
2193.5,0.042242
2194.0,0.042188
2194.5,0.042135
2195.0,0.042082
2195.5,0.042029
2196.0,0.041976
2196.5,0.041922
2197.0,0.041869
2197.5,0.041816
2198.0,0.041763
2198.5,0.04171
2199.0,0.041658
2199.5,0.041605
2200.0,0.041552
2200.5,0.041499
2201.0,0.041447
2201.5,0.041394
2202.0,0.041341
2202.5,0.041289
2203.0,0.041236
2203.5,0.041184
2204.0,0.041131
2204.5,0.041079
2205.0,0.041027
2205.5,0.040975
2206.0,0.040922
2206.5,0.04087
2207.0,0.040818
2207.5,0.040766
2208.0,0.040714
2208.5,0.040662
2209.0,0.04061
2209.5,0.040558
2210.0,0.040506
2210.5,0.040454
2211.0,0.040403
2211.5,0.040351
2212.0,0.040299
2212.5,0.040248
2213.0,0.040196
2213.5,0.040145
2214.0,0.040093
2214.5,0.040042
2215.0,0.03999
2215.5,0.039939
2216.0,0.039888
2216.5,0.039837
2217.0,0.039785
2217.5,0.039734
2218.0,0.039683
2218.5,0.039632
2219.0,0.039581
2219.5,0.03953
2220.0,0.039479
2220.5,0.039428
2221.0,0.039378
2221.5,0.039327
2222.0,0.039276
2222.5,0.039225
2223.0,0.039175
2223.5,0.039124
2224.0,0.039074
2224.5,0.039023
2225.0,0.038973
2225.5,0.038922
2226.0,0.038872
2226.5,0.038822
2227.0,0.038771
2227.5,0.038721
2228.0,0.038671
2228.5,0.038621
2229.0,0.038571
2229.5,0.038521
2230.0,0.038471
2230.5,0.038421
2231.0,0.038371
2231.5,0.038321
2232.0,0.038271
2232.5,0.038222
2233.0,0.038172
2233.5,0.038122
2234.0,0.038073
2234.5,0.038023
2235.0,0.037974
2235.5,0.037924
2236.0,0.037875
2236.5,0.037825
2237.0,0.037776
2237.5,0.037727
2238.0,0.037677
2238.5,0.037628
2239.0,0.037579
2239.5,0.03753
2240.0,0.037481
2240.5,0.037432
2241.0,0.037383
2241.5,0.037334
2242.0,0.037285
2242.5,0.037236
2243.0,0.037187
2243.5,0.037139
2244.0,0.03709
2244.5,0.037041
2245.0,0.036993
2245.5,0.036944
2246.0,0.036896
2246.5,0.036847
2247.0,0.036799
2247.5,0.03675
2248.0,0.036702
2248.5,0.036654
2249.0,0.036606
2249.5,0.036557
2250.0,0.036509
2250.5,0.036461
2251.0,0.036413
2251.5,0.036365
2252.0,0.036317
2252.5,0.036269
2253.0,0.036221
2253.5,0.036173
2254.0,0.036126
2254.5,0.036078
2255.0,0.03603
2255.5,0.035982
2256.0,0.035935
2256.5,0.035887
2257.0,0.03584
2257.5,0.035792
2258.0,0.035745
2258.5,0.035697
2259.0,0.03565
2259.5,0.035603
2260.0,0.035556
2260.5,0.035508
2261.0,0.035461
2261.5,0.035414
2262.0,0.035367
2262.5,0.03532
2263.0,0.035273
2263.5,0.035226
2264.0,0.035179
2264.5,0.035132
2265.0,0.035086
2265.5,0.035039
2266.0,0.034992
2266.5,0.034945
2267.0,0.034899
2267.5,0.034852
2268.0,0.034806
2268.5,0.034759
2269.0,0.034713
2269.5,0.034666
2270.0,0.03462
2270.5,0.034574
2271.0,0.034527
2271.5,0.034481
2272.0,0.034435
2272.5,0.034389
2273.0,0.034343
2273.5,0.034297
2274.0,0.034251
2274.5,0.034205
2275.0,0.034159
2275.5,0.034113
2276.0,0.034067
2276.5,0.034021
2277.0,0.033976
2277.5,0.03393
2278.0,0.033884
2278.5,0.033839
2279.0,0.033793
2279.5,0.033748
2280.0,0.033702
2280.5,0.033657
2281.0,0.033611
2281.5,0.033566
2282.0,0.033521
2282.5,0.033475
2283.0,0.03343
2283.5,0.033385
2284.0,0.03334
2284.5,0.033295
2285.0,0.03325
2285.5,0.033205
2286.0,0.03316
2286.5,0.033115
2287.0,0.03307
2287.5,0.033025
2288.0,0.032981
2288.5,0.032936
2289.0,0.032891
2289.5,0.032847
2290.0,0.032802
2290.5,0.032757
2291.0,0.032713
2291.5,0.032668
2292.0,0.032624
2292.5,0.03258
2293.0,0.032535
2293.5,0.032491
2294.0,0.032447
2294.5,0.032403
2295.0,0.032358
2295.5,0.032314
2296.0,0.03227
2296.5,0.032226
2297.0,0.032182
2297.5,0.032138
2298.0,0.032094
2298.5,0.032051
2299.0,0.032007
2299.5,0.031963
2300.0,0.031919
2300.5,0.031876
2301.0,0.031832
2301.5,0.031788
2302.0,0.031745
2302.5,0.031701
2303.0,0.031658
2303.5,0.031614
2304.0,0.031571
2304.5,0.031528
2305.0,0.031484
2305.5,0.031441
2306.0,0.031398
2306.5,0.031355
2307.0,0.031312
2307.5,0.031269
2308.0,0.031226
2308.5,0.031183
2309.0,0.03114
2309.5,0.031097
2310.0,0.031054
2310.5,0.031011
2311.0,0.030968
2311.5,0.030926
2312.0,0.030883
2312.5,0.03084
2313.0,0.030798
2313.5,0.030755
2314.0,0.030713
2314.5,0.03067
2315.0,0.030628
2315.5,0.030585
2316.0,0.030543
2316.5,0.030501
2317.0,0.030459
2317.5,0.030416
2318.0,0.030374
2318.5,0.030332
2319.0,0.03029
2319.5,0.030248
2320.0,0.030206
2320.5,0.030164
2321.0,0.030122
2321.5,0.03008
2322.0,0.030038
2322.5,0.029997
2323.0,0.029955
2323.5,0.029913
2324.0,0.029871
2324.5,0.02983
2325.0,0.029788
2325.5,0.029747
2326.0,0.029705
2326.5,0.029664
2327.0,0.029622
2327.5,0.029581
2328.0,0.02954
2328.5,0.029498
2329.0,0.029457
2329.5,0.029416
2330.0,0.029375
2330.5,0.029334
2331.0,0.029293
2331.5,0.029252
2332.0,0.029211
2332.5,0.02917
2333.0,0.029129
2333.5,0.029088
2334.0,0.029047
2334.5,0.029006
2335.0,0.028966
2335.5,0.028925
2336.0,0.028884
2336.5,0.028844
2337.0,0.028803
2337.5,0.028763
2338.0,0.028722
2338.5,0.028682
2339.0,0.028641
2339.5,0.028601
2340.0,0.028561
2340.5,0.02852
2341.0,0.02848
2341.5,0.02844
2342.0,0.0284
2342.5,0.02836
2343.0,0.02832
2343.5,0.02828
2344.0,0.02824
2344.5,0.0282
2345.0,0.02816
2345.5,0.02812
2346.0,0.02808
2346.5,0.028041
2347.0,0.028001
2347.5,0.027961
2348.0,0.027922
2348.5,0.027882
2349.0,0.027842
2349.5,0.027803
2350.0,0.027763
2350.5,0.027724
2351.0,0.027685
2351.5,0.027645
2352.0,0.027606
2352.5,0.027567
2353.0,0.027527
2353.5,0.027488
2354.0,0.027449
2354.5,0.02741
2355.0,0.027371
2355.5,0.027332
2356.0,0.027293
2356.5,0.027254
2357.0,0.027215
2357.5,0.027176
2358.0,0.027137
2358.5,0.027099
2359.0,0.02706
2359.5,0.027021
2360.0,0.026983
2360.5,0.026944
2361.0,0.026905
2361.5,0.026867
2362.0,0.026828
2362.5,0.02679
2363.0,0.026752
2363.5,0.026713
2364.0,0.026675
2364.5,0.026637
2365.0,0.026598
2365.5,0.02656
2366.0,0.026522
2366.5,0.026484
2367.0,0.026446
2367.5,0.026408
2368.0,0.02637
2368.5,0.026332
2369.0,0.026294
2369.5,0.026256
2370.0,0.026218
2370.5,0.026181
2371.0,0.026143
2371.5,0.026105
2372.0,0.026067
2372.5,0.02603
2373.0,0.025992
2373.5,0.025955
2374.0,0.025917
2374.5,0.02588
2375.0,0.025842
2375.5,0.025805
2376.0,0.025768
2376.5,0.02573
2377.0,0.025693
2377.5,0.025656
2378.0,0.025619
2378.5,0.025582
2379.0,0.025544
2379.5,0.025507
2380.0,0.02547
2380.5,0.025433
2381.0,0.025396
2381.5,0.02536
2382.0,0.025323
2382.5,0.025286
2383.0,0.025249
2383.5,0.025212
2384.0,0.025176
2384.5,0.025139
2385.0,0.025102
2385.5,0.025066
2386.0,0.025029
2386.5,0.024993
2387.0,0.024956
2387.5,0.02492
2388.0,0.024884
2388.5,0.024847
2389.0,0.024811
2389.5,0.024775
2390.0,0.024739
2390.5,0.024702
2391.0,0.024666
2391.5,0.02463
2392.0,0.024594
2392.5,0.024558
2393.0,0.024522
2393.5,0.024486
2394.0,0.02445
2394.5,0.024414
2395.0,0.024379
2395.5,0.024343
2396.0,0.024307
2396.5,0.024271
2397.0,0.024236
2397.5,0.0242
2398.0,0.024165
2398.5,0.024129
2399.0,0.024094
2399.5,0.024058
2400.0,0.024023
2400.5,0.023987
2401.0,0.023952
2401.5,0.023917
2402.0,0.023881
2402.5,0.023846
2403.0,0.023811
2403.5,0.023776
2404.0,0.023741
2404.5,0.023706
2405.0,0.023671
2405.5,0.023636
2406.0,0.023601
2406.5,0.023566
2407.0,0.023531
2407.5,0.023496
2408.0,0.023461
2408.5,0.023427
2409.0,0.023392
2409.5,0.023357
2410.0,0.023323
2410.5,0.023288
2411.0,0.023254
2411.5,0.023219
2412.0,0.023185
2412.5,0.02315
2413.0,0.023116
2413.5,0.023081
2414.0,0.023047
2414.5,0.023013
2415.0,0.022979
2415.5,0.022944
2416.0,0.02291
2416.5,0.022876
2417.0,0.022842
2417.5,0.022808
2418.0,0.022774
2418.5,0.02274
2419.0,0.022706
2419.5,0.022672
2420.0,0.022638
2420.5,0.022605
2421.0,0.022571
2421.5,0.022537
2422.0,0.022503
2422.5,0.02247
2423.0,0.022436
2423.5,0.022403
2424.0,0.022369
2424.5,0.022336
2425.0,0.022302
2425.5,0.022269
2426.0,0.022235
2426.5,0.022202
2427.0,0.022169
2427.5,0.022135
2428.0,0.022102
2428.5,0.022069
2429.0,0.022036
2429.5,0.022003
2430.0,0.02197
2430.5,0.021937
2431.0,0.021904
2431.5,0.021871
2432.0,0.021838
2432.5,0.021805
2433.0,0.021772
2433.5,0.021739
2434.0,0.021707
2434.5,0.021674
2435.0,0.021641
2435.5,0.021609
2436.0,0.021576
2436.5,0.021543
2437.0,0.021511
2437.5,0.021478
2438.0,0.021446
2438.5,0.021413
2439.0,0.021381
2439.5,0.021349
2440.0,0.021316
2440.5,0.021284
2441.0,0.021252
2441.5,0.02122
2442.0,0.021188
2442.5,0.021155
2443.0,0.021123
2443.5,0.021091
2444.0,0.021059
2444.5,0.021027
2445.0,0.020996
2445.5,0.020964
2446.0,0.020932
2446.5,0.0209
2447.0,0.020868
2447.5,0.020836
2448.0,0.020805
2448.5,0.020773
2449.0,0.020741
2449.5,0.02071
2450.0,0.020678
2450.5,0.020647
2451.0,0.020615
2451.5,0.020584
2452.0,0.020553
2452.5,0.020521
2453.0,0.02049
2453.5,0.020459
2454.0,0.020427
2454.5,0.020396
2455.0,0.020365
2455.5,0.020334
2456.0,0.020303
2456.5,0.020272
2457.0,0.020241
2457.5,0.02021
2458.0,0.020179
2458.5,0.020148
2459.0,0.020117
2459.5,0.020086
2460.0,0.020055
2460.5,0.020025
2461.0,0.019994
2461.5,0.019963
2462.0,0.019933
2462.5,0.019902
2463.0,0.019871
2463.5,0.019841
2464.0,0.01981
2464.5,0.01978
2465.0,0.01975
2465.5,0.019719
2466.0,0.019689
2466.5,0.019659
2467.0,0.019628
2467.5,0.019598
2468.0,0.019568
2468.5,0.019538
2469.0,0.019508
2469.5,0.019477
2470.0,0.019447
2470.5,0.019417
2471.0,0.019387
2471.5,0.019357
2472.0,0.019328
2472.5,0.019298
2473.0,0.019268
2473.5,0.019238
2474.0,0.019208
2474.5,0.019179
2475.0,0.019149
2475.5,0.019119
2476.0,0.01909
2476.5,0.01906
2477.0,0.019031
2477.5,0.019001
2478.0,0.018972
2478.5,0.018942
2479.0,0.018913
2479.5,0.018884
2480.0,0.018854
2480.5,0.018825
2481.0,0.018796
2481.5,0.018766
2482.0,0.018737
2482.5,0.018708
2483.0,0.018679
2483.5,0.01865
2484.0,0.018621
2484.5,0.018592
2485.0,0.018563
2485.5,0.018534
2486.0,0.018505
2486.5,0.018476
2487.0,0.018448
2487.5,0.018419
2488.0,0.01839
2488.5,0.018361
2489.0,0.018333
2489.5,0.018304
2490.0,0.018276
2490.5,0.018247
2491.0,0.018219
2491.5,0.01819
2492.0,0.018162
2492.5,0.018133
2493.0,0.018105
2493.5,0.018077
2494.0,0.018048
2494.5,0.01802
2495.0,0.017992
2495.5,0.017964
2496.0,0.017935
2496.5,0.017907
2497.0,0.017879
2497.5,0.017851
2498.0,0.017823
2498.5,0.017795
2499.0,0.017767
2499.5,0.017739
2500.0,0.0
