115.0,0.004238
115.5,0.003044
116.0,0.001544
116.5,0.000986
117.0,0.001096
117.5,0.001069
118.0,0.000532
118.5,0.000454
119.0,0.000105
119.5,0.001423
120.0,0.005172
120.5,0.035668
121.0,0.098756
121.5,0.114361
122.0,0.051312
122.5,0.007491
123.0,0.000896
123.5,0.000612
124.0,0.000627
124.5,0.000492
125.0,0.000299
125.5,0.000167
126.0,0.000188
126.5,0.000183
127.0,0.000191
127.5,0.000299
128.0,0.000384
128.5,0.000318
129.0,0.000215
129.5,0.000246
130.0,0.000554
130.5,0.000747
131.0,0.000316
131.5,0.000153
132.0,0.000127
132.5,0.000187
133.0,0.000466
133.5,0.000936
134.0,0.00033
134.5,7.3e-05
135.0,1.5e-05
135.5,0.000162
136.0,0.000229
136.5,0.000205
137.0,0.000149
137.5,0.000182
138.0,0.00015
138.5,0.000136
139.0,0.000308
139.5,0.000524
140.0,0.00045
140.5,0.000494
141.0,0.000295
141.5,0.000159
142.0,0.000164
142.5,0.000271
143.0,0.000355
143.5,0.000226
144.0,0.000269
144.5,0.000393
145.0,0.000434
145.5,0.000379
146.0,0.000202
146.5,0.000347
147.0,0.000539
147.5,0.000374
148.0,0.000281
148.5,0.000582
149.0,0.000647
149.5,0.000612
150.0,0.000454
150.5,0.000371
151.0,0.000489
151.5,0.000417
152.0,0.000424
152.5,0.000435
153.0,0.000751
153.5,0.000699
154.0,0.000544
154.5,0.001321
155.0,0.001574
155.5,0.000637
156.0,0.00041
156.5,0.000438
157.0,0.000338
157.5,0.000468
158.0,0.000526
158.5,0.000429
159.0,0.000287
159.5,0.000324
160.0,0.000435
160.5,0.000431
161.0,0.000344
161.5,0.000359
162.0,0.000346
162.5,0.000493
163.0,0.000647
163.5,0.000826
164.0,0.000953
164.5,0.000534
165.0,0.000607
165.5,0.001182
166.0,0.001203
166.5,0.00072
167.0,0.000625
167.5,0.00054
168.0,0.00058
168.5,0.0006
169.0,0.000676
169.5,0.000744
170.0,0.000844
170.5,0.000918
171.0,0.000854
171.5,0.000904
172.0,0.000839
172.5,0.000838
173.0,0.000922
173.5,0.000997
174.0,0.001048
174.5,0.001139
175.0,0.001275
175.5,0.001394
176.0,0.001409
176.5,0.001345
177.0,0.001475
177.5,0.001524
178.0,0.001505
178.5,0.001415
179.0,0.001047
179.5,0.001465
180.0,0.001769
180.5,0.002302
181.0,0.002741
181.5,0.003233
182.0,0.003165
182.5,0.002358
183.0,0.00218
183.5,0.002276
184.0,0.002229
184.5,0.002011
185.0,0.002085
185.5,0.002254
186.0,0.002371
186.5,0.002707
187.0,0.00306
187.5,0.002899
188.0,0.003001
188.5,0.003078
189.0,0.00329
189.5,0.003316
190.0,0.003277
190.5,0.003317
191.0,0.003416
191.5,0.00353
192.0,0.00364
192.5,0.003581
193.0,0.003218
193.5,0.003369
194.0,0.004136
194.5,0.004585
195.0,0.005618
195.5,0.010669
196.0,0.007893
196.5,0.007405
197.0,0.010879
197.5,0.007635
198.0,0.009303
198.5,0.009524
199.0,0.006593
199.5,0.012285
200.0,0.011234
200.5,0.008908
201.0,0.006852
201.5,0.007707
202.0,0.010511
202.5,0.007959
203.0,0.007326
203.5,0.011014
204.0,0.014003
204.5,0.014446
205.0,0.015963
205.5,0.011241
206.0,0.012103
206.5,0.013161
207.0,0.016813
207.5,0.016792
208.0,0.016403
208.5,0.016589
209.0,0.012226
209.5,0.014896
210.0,0.02316
210.5,0.025896
211.0,0.018673
211.5,0.022975
212.0,0.026919
212.5,0.020566
213.0,0.018102
213.5,0.021946
214.0,0.02517
214.5,0.023233
215.0,0.026463
215.5,0.028834
216.0,0.02406
216.5,0.023106
217.0,0.016961
217.5,0.01878
218.0,0.023985
218.5,0.035072
219.0,0.041302
219.5,0.042045
220.0,0.037178
220.5,0.029247
221.0,0.025832
221.5,0.025242
222.0,0.03155
222.5,0.033687
223.0,0.028604
223.5,0.03248
224.0,0.035811
224.5,0.041252
225.0,0.040515
225.5,0.032918
226.0,0.028284
226.5,0.025593
227.0,0.027231
227.5,0.024015
228.0,0.032942
228.5,0.033519
229.0,0.029264
229.5,0.033022
230.0,0.035007
230.5,0.039965
231.0,0.040913
231.5,0.037716
232.0,0.035404
232.5,0.043767
233.0,0.040537
233.5,0.033068
234.0,0.033257
234.5,0.029925
235.0,0.030281
235.5,0.034626
236.0,0.037413
236.5,0.041019
237.0,0.047141
237.5,0.046978
238.0,0.036567
238.5,0.031153
239.0,0.03266
239.5,0.033659
240.0,0.025435
240.5,0.028934
241.0,0.027841
241.5,0.03117
242.0,0.041556
242.5,0.047396
243.0,0.041232
243.5,0.040146
244.0,0.04259
244.5,0.040584
245.0,0.038752
245.5,0.044827
246.0,0.039381
246.5,0.035184
247.0,0.036902
247.5,0.036803
248.0,0.032418
248.5,0.027434
249.0,0.030662
249.5,0.036858
250.0,0.042982
250.5,0.041307
251.0,0.038365
251.5,0.036613
252.0,0.036279
252.5,0.035865
253.0,0.04092
253.5,0.03937
254.0,0.039748
254.5,0.043217
255.0,0.046782
255.5,0.049694
256.0,0.056284
256.5,0.067364
257.0,0.064934
257.5,0.05867
258.0,0.070425
258.5,0.077225
259.0,0.075458
259.5,0.068949
260.0,0.065648
260.5,0.065932
261.0,0.063915
261.5,0.065558
262.0,0.066483
262.5,0.070141
263.0,0.075739
263.5,0.095959
264.0,0.126585
264.5,0.13537
265.0,0.131086
265.5,0.139286
266.0,0.145529
266.5,0.138284
267.0,0.137957
267.5,0.141004
268.0,0.140611
268.5,0.134873
269.0,0.132347
269.5,0.135085
270.0,0.15074
270.5,0.149676
271.0,0.141022
271.5,0.12821
272.0,0.108541
272.5,0.109663
273.0,0.1242
273.5,0.114199
274.0,0.087491
274.5,0.081576
275.0,0.087584
275.5,0.105356
276.0,0.125758
276.5,0.138174
277.0,0.14192
277.5,0.138342
278.0,0.116983
278.5,0.096678
279.0,0.084812
279.5,0.077053
280.0,0.074221
280.5,0.078748
281.0,0.100106
281.5,0.141991
282.0,0.160986
282.5,0.171466
283.0,0.184655
283.5,0.18376
284.0,0.166328
284.5,0.141967
285.0,0.110291
285.5,0.10929
286.0,0.15615
286.5,0.193023
287.0,0.202429
287.5,0.198608
288.0,0.179104
288.5,0.193031
289.0,0.233802
289.5,0.277857
290.0,0.332379
290.5,0.368557
291.0,0.373243
291.5,0.356535
292.0,0.322058
292.5,0.308612
293.0,0.320904
293.5,0.318572
294.0,0.297995
294.5,0.291494
295.0,0.298318
295.5,0.327152
296.0,0.328244
296.5,0.29622
297.0,0.269092
297.5,0.298976
298.0,0.293705
298.5,0.25201
299.0,0.270945
299.5,0.266788
300.0,0.240725
300.5,0.232901
301.0,0.248271
301.5,0.256742
302.0,0.246894
302.5,0.282813
303.0,0.333369
303.5,0.336681
304.0,0.32118
304.5,0.326005
305.0,0.338471
305.5,0.323572
306.0,0.305558
306.5,0.319341
307.0,0.337357
307.5,0.345385
308.0,0.350659
308.5,0.343149
309.0,0.324462
309.5,0.305723
310.0,0.327583
310.5,0.401389
311.0,0.434108
311.5,0.389308
312.0,0.373948
312.5,0.394674
313.0,0.420637
313.5,0.435512
314.0,0.419614
314.5,0.372104
315.0,0.399282
315.5,0.383836
316.0,0.407876
316.5,0.433718
317.0,0.469284
317.5,0.475033
318.0,0.437579
318.5,0.420266
319.0,0.443262
319.5,0.455849
320.0,0.446211
320.5,0.442053
321.0,0.426545
321.5,0.408558
322.0,0.388239
322.5,0.366994
323.0,0.359985
323.5,0.378127
324.0,0.40159
324.5,0.411904
325.0,0.426775
325.5,0.464583
326.0,0.510208
326.5,0.541949
327.0,0.545263
327.5,0.516311
328.0,0.486901
328.5,0.489457
329.0,0.523217
329.5,0.573137
330.0,0.600232
330.5,0.576306
331.0,0.540275
331.5,0.533382
332.0,0.53908
332.5,0.533918
333.0,0.52461
333.5,0.523305
334.0,0.533708
334.5,0.552704
335.0,0.558337
335.5,0.533387
336.0,0.498418
336.5,0.478573
337.0,0.479539
337.5,0.497924
338.0,0.513494
338.5,0.512237
339.0,0.521881
339.5,0.564538
340.0,0.598121
340.5,0.581854
341.0,0.544418
341.5,0.524806
342.0,0.533805
342.5,0.565056
343.0,0.571835
343.5,0.520191
344.0,0.467643
344.5,0.472335
345.0,0.503458
345.5,0.519284
346.0,0.523361
346.5,0.526985
347.0,0.527173
347.5,0.519851
348.0,0.510862
348.5,0.508316
349.0,0.519479
349.5,0.545791
350.0,0.566243
350.5,0.562473
351.0,0.550226
351.5,0.545287
352.0,0.535304
352.5,0.522843
353.0,0.543638
353.5,0.586575
354.0,0.614641
354.5,0.626584
355.0,0.625169
355.5,0.606857
356.0,0.580591
356.5,0.53608
357.0,0.49696
357.5,0.475582
358.0,0.456078
358.5,0.453508
359.0,0.492522
359.5,0.547192
360.0,0.577409
360.5,0.561002
361.0,0.512542
361.5,0.504827
362.0,0.516511
362.5,0.552844
363.0,0.577685
363.5,0.575792
364.0,0.572596
364.5,0.551983
365.0,0.560435
365.5,0.611283
366.0,0.656797
366.5,0.656811
367.0,0.644785
367.5,0.643295
368.0,0.637533
368.5,0.622196
369.0,0.644432
369.5,0.667004
370.0,0.686087
370.5,0.653566
371.0,0.633307
371.5,0.638959
372.0,0.611603
372.5,0.611413
373.0,0.602271
373.5,0.547349
374.0,0.547253
374.5,0.534767
375.0,0.524267
375.5,0.588313
376.0,0.6173
376.5,0.631105
377.0,0.659589
377.5,0.709897
378.0,0.771081
378.5,0.739835
379.0,0.656713
379.5,0.620783
380.0,0.637744
380.5,0.695407
381.0,0.710171
381.5,0.64803
382.0,0.564733
382.5,0.496412
383.0,0.442178
383.5,0.434818
384.0,0.494127
384.5,0.592699
385.0,0.633458
385.5,0.603321
386.0,0.578552
386.5,0.601467
387.0,0.597828
387.5,0.58635
388.0,0.572999
388.5,0.583876
389.0,0.59743
389.5,0.64186
390.0,0.679654
390.5,0.694266
391.0,0.723518
391.5,0.720687
392.0,0.654618
392.5,0.518018
393.0,0.34816
393.5,0.308565
394.0,0.444473
394.5,0.598574
395.0,0.688542
395.5,0.701235
396.0,0.601473
396.5,0.411755
397.0,0.353028
397.5,0.537837
398.0,0.742018
398.5,0.833899
399.0,0.862014
399.5,0.879537
400.0,0.891567
400.5,0.896948
401.0,0.916321
401.5,0.934237
402.0,0.935996
402.5,0.933301
403.0,0.915335
403.5,0.923285
404.0,0.93564
404.5,0.907577
405.0,0.905561
405.5,0.897246
406.0,0.896556
406.5,0.889714
407.0,0.897395
407.5,0.89481
408.0,0.90327
408.5,0.954738
409.0,0.98016
409.5,0.92344
410.0,0.838816
410.5,0.85608
411.0,0.93431
411.5,0.971726
412.0,0.967655
412.5,0.951315
413.0,0.934226
413.5,0.948724
414.0,0.962667
414.5,0.955645
415.0,0.951723
415.5,0.953204
416.0,0.971914
416.5,0.972418
417.0,0.941209
417.5,0.912364
418.0,0.918541
418.5,0.931304
419.0,0.941053
419.5,0.926984
420.0,0.896026
420.5,0.925395
421.0,0.969806
421.5,0.965363
422.0,0.943807
422.5,0.890161
423.0,0.884927
423.5,0.904843
424.0,0.903273
424.5,0.903347
425.0,0.898881
425.5,0.901486
426.0,0.893099
426.5,0.889746
427.0,0.864639
427.5,0.867132
428.0,0.88545
428.5,0.862459
429.0,0.820249
429.5,0.772477
430.0,0.682099
430.5,0.632226
431.0,0.666238
431.5,0.828156
432.0,0.945114
432.5,0.936623
433.0,0.937426
433.5,0.894738
434.0,0.838647
434.5,0.883416
435.0,0.934163
435.5,0.955235
436.0,0.980021
436.5,0.99163
437.0,0.969696
437.5,0.943423
438.0,0.914485
438.5,0.891079
439.0,0.915341
439.5,0.938872
440.0,0.948515
440.5,0.956218
441.0,0.98137
441.5,1.010162
442.0,1.019786
442.5,1.030997
443.0,1.029902
443.5,1.017404
444.0,1.030164
444.5,1.043015
445.0,1.047192
445.5,1.001289
446.0,0.97251
446.5,1.000487
447.0,1.037758
447.5,1.072203
448.0,1.06837
448.5,1.068554
449.0,1.065157
449.5,1.078518
450.0,1.096802
450.5,1.119643
451.0,1.132944
451.5,1.109466
452.0,1.089205
452.5,1.037566
453.0,0.996648
453.5,1.025018
454.0,1.068878
454.5,1.054822
455.0,1.036202
455.5,1.057336
456.0,1.092245
456.5,1.093351
457.0,1.089452
457.5,1.088515
458.0,1.078417
458.5,1.073357
459.0,1.077888
459.5,1.072299
460.0,1.06769
460.5,1.086007
461.0,1.103391
461.5,1.090358
462.0,1.088688
462.5,1.094373
463.0,1.096092
463.5,1.087933
464.0,1.080984
464.5,1.074593
465.0,1.067275
465.5,1.075668
466.0,1.092823
466.5,1.068455
467.0,1.045111
467.5,1.067898
468.0,1.074207
468.5,1.082745
469.0,1.086432
469.5,1.092522
470.0,1.062659
470.5,1.040753
471.0,1.050487
471.5,1.083361
472.0,1.106223
472.5,1.087704
473.0,1.05439
473.5,1.059884
474.0,1.089295
474.5,1.106982
475.0,1.103905
475.5,1.084065
476.0,1.065358
476.5,1.056888
477.0,1.077552
477.5,1.100599
478.0,1.101857
478.5,1.081534
479.0,1.074558
479.5,1.101086
480.0,1.104155
480.5,1.103154
481.0,1.090455
481.5,1.107686
482.0,1.109465
482.5,1.096987
483.0,1.077956
483.5,1.063887
484.0,1.067312
484.5,1.080608
485.0,1.076405
485.5,0.998541
486.0,0.893224
486.5,0.919757
487.0,0.995912
487.5,1.028558
488.0,1.047714
488.5,1.025564
489.0,1.007694
489.5,1.055208
490.0,1.092895
490.5,1.080618
491.0,1.063326
491.5,1.042157
492.0,1.012221
492.5,1.038684
493.0,1.077381
493.5,1.055151
494.0,1.05031
494.5,1.077741
495.0,1.085239
495.5,1.066753
496.0,1.066683
496.5,1.083106
497.0,1.077265
497.5,1.067003
498.0,1.025365
498.5,1.020631
499.0,1.050434
499.5,1.047989
500.0,1.039396
500.5,1.029382
501.0,1.01839
501.5,0.99627
502.0,1.007473
502.5,1.035503
503.0,1.053394
503.5,1.029637
504.0,0.999521
504.5,1.027207
505.0,1.040979
505.5,1.063269
506.0,1.076174
506.5,1.052047
507.0,1.031597
507.5,1.019871
508.0,1.005519
508.5,1.035974
509.0,1.066418
509.5,1.047502
510.0,1.026768
510.5,1.031628
511.0,1.03027
511.5,1.057405
512.0,1.05387
512.5,1.023443
513.0,1.009457
513.5,1.004788
514.0,0.992683
514.5,0.99416
515.0,1.007128
515.5,1.029416
516.0,1.030865
516.5,0.924263
517.0,0.849267
517.5,0.905239
518.0,0.947848
518.5,0.931396
519.0,0.965186
519.5,0.994016
520.0,1.009827
520.5,0.995159
521.0,0.995136
521.5,1.014996
522.0,1.016996
522.5,0.989841
523.0,0.98019
523.5,1.007177
524.0,1.032681
524.5,1.030791
525.0,1.01693
525.5,1.026746
526.0,1.011431
526.5,0.945093
527.0,0.925834
527.5,0.964151
528.0,1.000394
528.5,1.024747
529.0,1.050246
529.5,1.030459
530.0,1.01143
530.5,1.032595
531.0,1.055781
531.5,1.042286
532.0,1.01683
532.5,0.98368
533.0,0.972459
533.5,1.001659
534.0,1.01032
534.5,1.013016
535.0,1.025823
535.5,1.051584
536.0,1.047377
536.5,1.014165
537.0,0.995411
537.5,1.012631
538.0,1.025693
538.5,1.027027
539.0,1.011677
539.5,0.992428
540.0,0.97995
540.5,0.970968
541.0,0.983395
541.5,1.00494
542.0,1.021495
542.5,1.013636
543.0,0.997201
543.5,1.010048
544.0,1.030471
544.5,1.017336
545.0,1.008839
545.5,1.004485
546.0,1.008907
546.5,1.014374
547.0,1.020729
547.5,0.999506
548.0,0.989564
548.5,1.006216
549.0,1.011635
549.5,1.017924
550.0,1.012941
550.5,1.00304
551.0,1.004152
551.5,1.017853
552.0,1.031153
552.5,1.008703
553.0,0.993231
553.5,1.005589
554.0,1.022488
554.5,1.022062
555.0,1.017847
555.5,1.013835
556.0,1.009476
556.5,0.990308
557.0,0.989331
557.5,1.001952
558.0,1.005831
558.5,0.980005
559.0,0.955652
559.5,0.967203
560.0,0.975583
560.5,0.997732
561.0,1.017904
561.5,0.9985
562.0,0.986362
562.5,0.993103
563.0,1.007967
563.5,1.000849
564.0,0.984497
564.5,0.993067
565.0,0.997526
565.5,0.976656
566.0,0.960551
566.5,0.978591
567.0,0.994997
567.5,1.001019
568.0,0.982984
568.5,0.973037
569.0,0.983711
569.5,0.993402
570.0,0.979172
570.5,0.956769
571.0,0.940371
571.5,0.964593
572.0,0.992038
572.5,0.998095
573.0,0.992382
573.5,0.994003
574.0,0.994429
574.5,0.981953
575.0,0.967073
575.5,0.96713
576.0,0.976609
576.5,0.988102
577.0,0.992199
577.5,0.977226
578.0,0.960139
578.5,0.965458
579.0,0.973292
579.5,0.967654
580.0,0.97424
580.5,0.980985
581.0,0.982771
581.5,0.982161
582.0,0.986351
582.5,0.989444
583.0,0.995712
583.5,1.000129
584.0,0.99669
584.5,0.990175
585.0,0.981503
585.5,0.957685
586.0,0.957088
586.5,0.975305
587.0,0.98398
587.5,0.987049
588.0,0.978411
588.5,0.945168
589.0,0.897099
589.5,0.89931
590.0,0.937994
590.5,0.963356
591.0,0.966704
591.5,0.966334
592.0,0.969614
592.5,0.96857
593.0,0.965914
593.5,0.962779
594.0,0.96273
594.5,0.955474
595.0,0.946976
595.5,0.955469
596.0,0.965158
596.5,0.971046
597.0,0.967363
597.5,0.958075
598.0,0.951715
598.5,0.952404
599.0,0.954519
599.5,0.955939
600.0,0.950148
600.5,0.945754
601.0,0.940549
601.5,0.936491
602.0,0.926611
602.5,0.93452
603.0,0.953409
603.5,0.954897
604.0,0.94343
604.5,0.945409
605.0,0.945368
605.5,0.939011
606.0,0.937584
606.5,0.936015
607.0,0.944575
607.5,0.941867
608.0,0.932478
608.5,0.930043
609.0,0.932552
609.5,0.925308
610.0,0.920529
610.5,0.92152
611.0,0.940771
611.5,0.934648
612.0,0.923147
612.5,0.92669
613.0,0.927044
613.5,0.90621
614.0,0.895196
614.5,0.912475
615.0,0.921136
615.5,0.913877
616.0,0.892929
616.5,0.882137
617.0,0.895517
617.5,0.90563
618.0,0.909642
618.5,0.909444
619.0,0.902639
619.5,0.913356
620.0,0.91655
620.5,0.912183
621.0,0.920033
621.5,0.910096
622.0,0.90006
622.5,0.895469
623.0,0.889743
623.5,0.898
624.0,0.90014
624.5,0.892598
625.0,0.885889
625.5,0.872289
626.0,0.878259
626.5,0.888744
627.0,0.891755
627.5,0.871142
628.0,0.850615
628.5,0.87627
629.0,0.888747
629.5,0.871414
630.0,0.85991
630.5,0.871371
631.0,0.878635
631.5,0.862846
632.0,0.864503
632.5,0.883641
633.0,0.88244
633.5,0.865157
634.0,0.862613
634.5,0.879547
635.0,0.887378
635.5,0.878595
636.0,0.869878
636.5,0.879066
637.0,0.888098
637.5,0.887563
638.0,0.890308
638.5,0.884198
639.0,0.877185
639.5,0.86483
640.0,0.865902
640.5,0.869484
641.0,0.866386
641.5,0.866058
642.0,0.864986
642.5,0.872609
643.0,0.869603
643.5,0.858853
644.0,0.861283
644.5,0.863125
645.0,0.856207
645.5,0.856023
646.0,0.853832
646.5,0.854746
647.0,0.857925
647.5,0.855172
648.0,0.847446
648.5,0.848009
649.0,0.837358
649.5,0.823196
650.0,0.842145
650.5,0.861687
651.0,0.867141
651.5,0.857787
652.0,0.857153
652.5,0.862118
653.0,0.862135
653.5,0.862711
654.0,0.86441
654.5,0.859737
655.0,0.832138
655.5,0.778498
656.0,0.711895
656.5,0.710605
657.0,0.788424
657.5,0.830146
658.0,0.838216
658.5,0.833034
659.0,0.830827
659.5,0.830492
660.0,0.83995
660.5,0.839914
661.0,0.837721
661.5,0.845517
662.0,0.846082
662.5,0.84519
663.0,0.835287
663.5,0.83102
664.0,0.831534
664.5,0.832749
665.0,0.83404
665.5,0.839121
666.0,0.832809
666.5,0.826924
667.0,0.826964
667.5,0.824616
668.0,0.820058
668.5,0.830301
669.0,0.837337
669.5,0.833131
670.0,0.822115
670.5,0.822373
671.0,0.820691
671.5,0.812907
672.0,0.813054
672.5,0.818298
673.0,0.820508
673.5,0.826219
674.0,0.824791
674.5,0.823164
675.0,0.81256
675.5,0.813749
676.0,0.810589
676.5,0.803659
677.0,0.797453
677.5,0.801127
678.0,0.810764
678.5,0.807532
679.0,0.803017
679.5,0.801252
680.0,0.80469
680.5,0.80716
681.0,0.808557
681.5,0.809892
682.0,0.805588
682.5,0.803751
683.0,0.800401
683.5,0.797128
684.0,0.787742
684.5,0.787014
685.0,0.786285
685.5,0.785557
686.0,0.784828
686.5,0.7841
687.0,0.783371
687.5,0.782643
688.0,0.781914
688.5,0.781186
689.0,0.780457
689.5,0.779729
690.0,0.779001
690.5,0.778272
691.0,0.777544
691.5,0.776815
692.0,0.776087
692.5,0.775358
693.0,0.77463
693.5,0.773901
694.0,0.773173
694.5,0.772444
695.0,0.771716
695.5,0.770988
696.0,0.770259
696.5,0.769531
697.0,0.768802
697.5,0.773777
698.0,0.759111
698.5,0.763414
699.0,0.765782
699.5,0.772427
700.0,0.762483
700.5,0.754148
701.0,0.768117
701.5,0.761671
702.0,0.761163
702.5,0.758604
703.0,0.770606
703.5,0.770352
704.0,0.769662
704.5,0.777246
705.0,0.773786
705.5,0.77245
706.0,0.771281
706.5,0.762302
707.0,0.76757
707.5,0.770727
708.0,0.768342
708.5,0.768365
709.0,0.764183
709.5,0.763502
710.0,0.765831
710.5,0.765253
711.0,0.764592
711.5,0.762023
712.0,0.76279
712.5,0.76561
713.0,0.768525
713.5,0.781796
714.0,0.776322
714.5,0.767091
715.0,0.755356
715.5,0.766067
716.0,0.760863
716.5,0.738012
717.0,0.720634
717.5,0.722598
718.0,0.718612
718.5,0.701024
719.0,0.698014
719.5,0.707133
720.0,0.716457
720.5,0.720988
721.0,0.735467
721.5,0.75516
722.0,0.760507
722.5,0.751167
723.0,0.742898
723.5,0.728128
724.0,0.724468
724.5,0.72572
725.0,0.721043
725.5,0.708451
726.0,0.711226
726.5,0.720668
727.0,0.729914
727.5,0.717166
728.0,0.713077
728.5,0.707477
729.0,0.688074
729.5,0.709814
730.0,0.717436
730.5,0.706248
731.0,0.708805
731.5,0.718325
732.0,0.714082
732.5,0.714706
733.0,0.715323
733.5,0.71862
734.0,0.725523
734.5,0.721117
735.0,0.714568
735.5,0.713311
736.0,0.705189
736.5,0.706065
737.0,0.706914
737.5,0.707779
738.0,0.7121
738.5,0.697091
739.0,0.689396
739.5,0.691256
740.0,0.690852
740.5,0.685468
741.0,0.675927
741.5,0.682677
742.0,0.686587
742.5,0.696334
743.0,0.702631
743.5,0.702312
744.0,0.698319
744.5,0.693711
745.0,0.694801
745.5,0.696262
746.0,0.691917
746.5,0.699013
747.0,0.702077
747.5,0.699028
748.0,0.695243
748.5,0.694929
749.0,0.691535
749.5,0.684262
750.0,0.688451
750.5,0.6793
751.0,0.674301
751.5,0.683627
752.0,0.683616
752.5,0.680056
753.0,0.678876
753.5,0.68171
754.0,0.687632
754.5,0.681792
755.0,0.678138
755.5,0.67739
756.0,0.676641
756.5,0.675893
757.0,0.675144
757.5,0.674396
758.0,0.673647
758.5,0.672898
759.0,0.67215
759.5,0.671401
760.0,0.670653
760.5,0.669904
761.0,0.669155
761.5,0.668407
762.0,0.667658
762.5,0.66691
763.0,0.666161
763.5,0.665412
764.0,0.664664
764.5,0.663915
765.0,0.663167
765.5,0.662418
766.0,0.661669
766.5,0.660921
767.0,0.660172
767.5,0.659424
768.0,0.658675
768.5,0.657926
769.0,0.657178
769.5,0.656429
770.0,0.655681
770.5,0.654932
771.0,0.654184
771.5,0.653435
772.0,0.652686
772.5,0.651938
773.0,0.651189
773.5,0.65418
774.0,0.652601
774.5,0.64335
775.0,0.639081
775.5,0.643833
776.0,0.649064
776.5,0.650416
777.0,0.645664
777.5,0.638209
778.0,0.636815
778.5,0.638877
779.0,0.641246
779.5,0.639583
780.0,0.636764
780.5,0.636658
781.0,0.637752
781.5,0.641683
782.0,0.644315
782.5,0.641818
783.0,0.635755
783.5,0.633752
784.0,0.635604
784.5,0.635642
785.0,0.637077
785.5,0.64165
786.0,0.638316
786.5,0.636459
787.0,0.633191
787.5,0.631274
788.0,0.630462
788.5,0.635794
789.0,0.630887
789.5,0.627234
790.0,0.625743
790.5,0.629368
791.0,0.628775
791.5,0.62458
792.0,0.618839
792.5,0.620393
793.0,0.613423
793.5,0.612792
794.0,0.615337
794.5,0.609447
795.0,0.615946
795.5,0.615683
796.0,0.616344
796.5,0.62043
797.0,0.618528
797.5,0.620763
798.0,0.62467
798.5,0.62365
799.0,0.621443
799.5,0.612857
800.0,0.60472
800.5,0.611448
801.0,0.615226
801.5,0.61866
802.0,0.616718
802.5,0.606379
803.0,0.607558
803.5,0.613542
804.0,0.614391
804.5,0.60257
805.0,0.602278
805.5,0.608667
806.0,0.612057
806.5,0.616175
807.0,0.613221
807.5,0.612867
808.0,0.61267
808.5,0.607061
809.0,0.604375
809.5,0.600099
810.0,0.599027
810.5,0.602438
811.0,0.606213
811.5,0.606232
812.0,0.604749
812.5,0.604457
813.0,0.603442
813.5,0.59953
814.0,0.594135
814.5,0.589413
815.0,0.586905
815.5,0.586932
816.0,0.585546
816.5,0.579797
817.0,0.574991
817.5,0.576327
818.0,0.580314
818.5,0.581916
819.0,0.578592
819.5,0.571009
820.0,0.57017
820.5,0.584183
821.0,0.599231
821.5,0.599962
822.0,0.586804
822.5,0.566603
823.0,0.55609
823.5,0.567542
824.0,0.585516
824.5,0.592524
825.0,0.590604
825.5,0.5865
826.0,0.586267
826.5,0.592546
827.0,0.595014
827.5,0.585077
828.0,0.574022
828.5,0.573632
829.0,0.577813
829.5,0.578351
830.0,0.576468
830.5,0.575088
831.0,0.57452
831.5,0.574486
832.0,0.574976
832.5,0.575576
833.0,0.573995
833.5,0.569084
834.0,0.566132
834.5,0.569727
835.0,0.575236
835.5,0.577148
836.0,0.575689
836.5,0.572754
837.0,0.571186
837.5,0.572592
838.0,0.572709
838.5,0.568193
839.0,0.565251
839.5,0.569544
840.0,0.574993
840.5,0.574932
841.0,0.57303
841.5,0.572739
842.0,0.571033
842.5,0.570478
843.0,0.568598
843.5,0.56186
844.0,0.559252
844.5,0.561908
845.0,0.567361
845.5,0.572293
846.0,0.573632
846.5,0.570016
847.0,0.565067
847.5,0.563791
848.0,0.564451
848.5,0.568767
849.0,0.562248
849.5,0.523708
850.0,0.516226
850.5,0.541385
851.0,0.55294
851.5,0.550131
852.0,0.547237
852.5,0.545942
853.0,0.545179
853.5,0.522954
854.0,0.472612
854.5,0.459918
855.0,0.473346
855.5,0.498714
856.0,0.531757
856.5,0.543825
857.0,0.540355
857.5,0.538954
858.0,0.538202
858.5,0.536706
859.0,0.533745
859.5,0.531196
860.0,0.533904
860.5,0.536147
861.0,0.536124
861.5,0.535389
862.0,0.535151
862.5,0.539675
863.0,0.546364
863.5,0.547761
864.0,0.545548
864.5,0.542583
865.0,0.54315
865.5,0.531291
866.0,0.489103
866.5,0.467925
867.0,0.467913
867.5,0.495074
868.0,0.526522
868.5,0.519533
869.0,0.516517
869.5,0.53779
870.0,0.513832
870.5,0.532989
871.0,0.521429
871.5,0.521644
872.0,0.529561
872.5,0.527476
873.0,0.518455
873.5,0.516197
874.0,0.515269
874.5,0.514134
875.0,0.510955
875.5,0.520653
876.0,0.524016
876.5,0.517839
877.0,0.516268
877.5,0.523693
878.0,0.526193
878.5,0.522331
879.0,0.512002
879.5,0.521789
880.0,0.510891
880.5,0.495908
881.0,0.512794
881.5,0.524596
882.0,0.517431
882.5,0.518069
883.0,0.52533
883.5,0.51398
884.0,0.515411
884.5,0.516487
885.0,0.522578
885.5,0.514756
886.0,0.504384
886.5,0.505155
887.0,0.519215
887.5,0.51631
888.0,0.525139
888.5,0.528539
889.0,0.52491
889.5,0.517965
890.0,0.527885
890.5,0.524323
891.0,0.518726
891.5,0.522242
892.0,0.52131
892.5,0.509818
893.0,0.511043
893.5,0.509587
894.0,0.509107
894.5,0.509681
895.0,0.51036
895.5,0.509938
896.0,0.507211
896.5,0.501431
897.0,0.49369
897.5,0.485535
898.0,0.478515
898.5,0.473842
899.0,0.471381
899.5,0.470658
900.0,0.4712
900.5,0.472771
901.0,0.476073
901.5,0.482045
902.0,0.491627
902.5,0.505261
903.0,0.521401
903.5,0.538003
904.0,0.553025
904.5,0.564492
905.0,0.570704
905.5,0.570027
906.0,0.560829
906.5,0.542558
907.0,0.518983
907.5,0.494953
908.0,0.475317
908.5,0.463753
909.0,0.459252
909.5,0.459633
910.0,0.462714
910.5,0.466464
911.0,0.469441
911.5,0.470353
912.0,0.467908
912.5,0.461463
913.0,0.452979
913.5,0.445067
914.0,0.44034
914.5,0.440624
915.0,0.444602
915.5,0.450174
916.0,0.455241
916.5,0.458311
917.0,0.460337
917.5,0.462883
918.0,0.467513
918.5,0.475169
919.0,0.484317
919.5,0.492805
920.0,0.498477
920.5,0.499762
921.0,0.497412
921.5,0.492757
922.0,0.487133
922.5,0.481594
923.0,0.476095
923.5,0.470312
924.0,0.463923
924.5,0.457173
925.0,0.452586
925.5,0.453254
926.0,0.462271
926.5,0.481204
927.0,0.505519
927.5,0.529157
928.0,0.54606
928.5,0.551572
929.0,0.546646
929.5,0.533635
930.0,0.514897
930.5,0.492817
931.0,0.469909
931.5,0.448719
932.0,0.431793
932.5,0.420635
933.0,0.412589
933.5,0.403959
934.0,0.391047
934.5,0.371833
935.0,0.350997
935.5,0.334892
936.0,0.329875
936.5,0.34039
937.0,0.36325
937.5,0.393354
938.0,0.425604
938.5,0.455528
939.0,0.48116
939.5,0.501162
940.0,0.514195
940.5,0.519426
941.0,0.518041
941.5,0.511735
942.0,0.5022
942.5,0.490973
943.0,0.478961
943.5,0.466917
944.0,0.455594
944.5,0.445804
945.0,0.438616
945.5,0.435157
946.0,0.436556
946.5,0.443242
947.0,0.452839
947.5,0.462272
948.0,0.468464
948.5,0.469254
949.0,0.466139
949.5,0.461532
950.0,0.457843
950.5,0.456813
951.0,0.457501
951.5,0.458293
952.0,0.457578
952.5,0.454371
953.0,0.450216
953.5,0.447282
954.0,0.447742
954.5,0.452788
955.0,0.459695
955.5,0.464757
956.0,0.464271
956.5,0.455829
957.0,0.442223
957.5,0.427541
958.0,0.415872
958.5,0.410289
959.0,0.409803
959.5,0.412408
960.0,0.416096
960.5,0.419113
961.0,0.420705
961.5,0.420373
962.0,0.417612
962.5,0.41217
963.0,0.404781
963.5,0.396427
964.0,0.388091
964.5,0.380836
965.0,0.376046
965.5,0.375188
966.0,0.379728
966.5,0.390317
967.0,0.404355
967.5,0.418426
968.0,0.429116
968.5,0.433934
969.0,0.434089
969.5,0.431714
970.0,0.428944
970.5,0.427418
971.0,0.426798
971.5,0.426254
972.0,0.424956
972.5,0.422171
973.0,0.417571
973.5,0.410925
974.0,0.402004
974.5,0.39103
975.0,0.380031
975.5,0.371491
976.0,0.367888
976.5,0.370724
977.0,0.377566
977.5,0.385002
978.0,0.389618
978.5,0.389033
979.0,0.384999
979.5,0.380297
980.0,0.377711
980.5,0.379204
981.0,0.383463
981.5,0.388355
982.0,0.391744
982.5,0.392067
983.0,0.390027
983.5,0.386898
984.0,0.383951
984.5,0.382202
985.0,0.381641
985.5,0.382001
986.0,0.383012
986.5,0.384424
987.0,0.386038
987.5,0.387676
988.0,0.389154
988.5,0.390314
989.0,0.391084
989.5,0.391416
990.0,0.39126
990.5,0.39061
991.0,0.389634
991.5,0.388543
992.0,0.387548
992.5,0.386835
993.0,0.386496
993.5,0.386597
994.0,0.387206
994.5,0.388316
995.0,0.389632
995.5,0.390784
996.0,0.391404
996.5,0.391228
997.0,0.390424
997.5,0.389266
998.0,0.388027
998.5,0.386976
999.0,0.386358
999.5,0.386412
1000.0,0.387378
1000.5,0.389258
1001.0,0.391112
1001.5,0.391759
1002.0,0.39002
1002.5,0.385203
1003.0,0.378557
1003.5,0.371818
1004.0,0.366721
1004.5,0.364535
1005.0,0.364666
1005.5,0.366054
1006.0,0.367638
1006.5,0.368587
1007.0,0.36899
1007.5,0.369165
1008.0,0.369431
1008.5,0.370032
1009.0,0.37091
1009.5,0.371934
1010.0,0.372974
1010.5,0.373858
1011.0,0.374253
1011.5,0.373787
1012.0,0.372088
1012.5,0.36903
1013.0,0.365471
1013.5,0.362518
1014.0,0.361276
1014.5,0.362433
1015.0,0.365014
1015.5,0.367625
1016.0,0.368873
1016.5,0.367827
1017.0,0.365402
1017.5,0.362974
1018.0,0.361919
1018.5,0.363145
1019.0,0.365676
1019.5,0.368067
1020.0,0.368872
1020.5,0.367133
1021.0,0.363843
1021.5,0.360478
1022.0,0.358517
1022.5,0.358947
1023.0,0.360791
1023.5,0.36258
1024.0,0.362845
1024.5,0.360598
1025.0,0.35677
1025.5,0.352774
1026.0,0.350022
1026.5,0.349547
1027.0,0.350871
1027.5,0.353135
1028.0,0.355481
1028.5,0.357204
1029.0,0.358213
1029.5,0.358573
1030.0,0.358347
1030.5,0.358912
1031.0,0.358094
1031.5,0.35704
1032.0,0.355763
1032.5,0.354317
1033.0,0.352913
1033.5,0.3518
1034.0,0.351228
1034.5,0.351348
1035.0,0.351901
1035.5,0.352532
1036.0,0.352882
1036.5,0.352735
1037.0,0.35243
1037.5,0.352447
1038.0,0.353268
1038.5,0.355155
1039.0,0.357505
1039.5,0.359498
1040.0,0.360313
1040.5,0.359411
1041.0,0.357374
1041.5,0.355062
1042.0,0.353336
1042.5,0.352794
1043.0,0.352975
1043.5,0.353155
1044.0,0.35261
1044.5,0.350878
1045.0,0.348556
1045.5,0.346502
1046.0,0.345576
1046.5,0.346344
1047.0,0.3482
1047.5,0.350245
1048.0,0.351582
1048.5,0.351563
1049.0,0.35055
1049.5,0.34916
1050.0,0.348007
1050.5,0.347547
1051.0,0.347596
1051.5,0.347812
1052.0,0.347851
1052.5,0.347469
1053.0,0.346815
1053.5,0.346132
1054.0,0.345668
1054.5,0.345576
1055.0,0.345651
1055.5,0.345597
1056.0,0.345115
1056.5,0.344011
1057.0,0.342495
1057.5,0.340877
1058.0,0.339468
1058.5,0.338497
1059.0,0.337856
1059.5,0.337355
1060.0,0.336803
1060.5,0.336053
1061.0,0.335122
1061.5,0.33407
1062.0,0.332959
1062.5,0.33702
1063.0,0.33668
1063.5,0.336341
1064.0,0.336002
1064.5,0.335664
1065.0,0.335327
1065.5,0.33499
1066.0,0.334654
1066.5,0.334318
1067.0,0.333983
1067.5,0.333649
1068.0,0.333316
1068.5,0.332983
1069.0,0.332651
1069.5,0.332319
1070.0,0.331988
1070.5,0.331658
1071.0,0.331328
1071.5,0.330999
1072.0,0.330671
1072.5,0.330343
1073.0,0.330016
1073.5,0.329689
1074.0,0.329363
1074.5,0.329038
1075.0,0.328713
1075.5,0.328389
1076.0,0.328066
1076.5,0.327743
1077.0,0.327421
1077.5,0.327099
1078.0,0.326779
1078.5,0.326458
1079.0,0.326138
1079.5,0.325819
1080.0,0.325501
1080.5,0.325183
1081.0,0.324866
1081.5,0.324549
1082.0,0.324233
1082.5,0.323918
1083.0,0.323603
1083.5,0.323288
1084.0,0.322975
1084.5,0.322662
1085.0,0.322349
1085.5,0.322037
1086.0,0.321726
1086.5,0.321415
1087.0,0.321105
1087.5,0.320795
1088.0,0.320486
1088.5,0.320178
1089.0,0.31987
1089.5,0.319563
1090.0,0.319256
1090.5,0.31895
1091.0,0.318645
1091.5,0.31834
1092.0,0.318035
1092.5,0.317731
1093.0,0.317428
1093.5,0.317125
1094.0,0.316823
1094.5,0.316522
1095.0,0.316221
1095.5,0.31592
1096.0,0.31562
1096.5,0.315321
1097.0,0.315022
1097.5,0.314724
1098.0,0.314426
1098.5,0.314129
1099.0,0.313833
1099.5,0.313536
1100.0,0.313241
1100.5,0.312946
1101.0,0.312652
1101.5,0.312358
1102.0,0.312064
1102.5,0.311771
1103.0,0.311479
1103.5,0.311187
1104.0,0.310896
1104.5,0.310605
1105.0,0.310315
1105.5,0.310026
1106.0,0.309737
1106.5,0.309448
1107.0,0.30916
1107.5,0.308872
1108.0,0.308585
1108.5,0.308299
1109.0,0.308013
1109.5,0.307727
1110.0,0.307442
1110.5,0.307158
1111.0,0.306874
1111.5,0.30659
1112.0,0.306307
1112.5,0.306025
1113.0,0.305743
1113.5,0.305461
1114.0,0.30518
1114.5,0.3049
1115.0,0.30462
1115.5,0.30434
1116.0,0.304061
1116.5,0.303783
1117.0,0.303505
1117.5,0.303227
1118.0,0.30295
1118.5,0.302673
1119.0,0.302397
1119.5,0.302122
1120.0,0.301847
1120.5,0.301572
1121.0,0.301298
1121.5,0.301024
1122.0,0.300751
1122.5,0.300478
1123.0,0.300206
1123.5,0.299934
1124.0,0.299662
1124.5,0.299391
1125.0,0.299121
1125.5,0.298851
1126.0,0.298581
1126.5,0.298312
1127.0,0.298044
1127.5,0.297775
1128.0,0.297508
1128.5,0.29724
1129.0,0.296974
1129.5,0.296707
1130.0,0.296441
1130.5,0.296176
1131.0,0.295911
1131.5,0.295646
1132.0,0.295382
1132.5,0.295118
1133.0,0.294855
1133.5,0.294592
1134.0,0.29433
1134.5,0.294068
1135.0,0.293806
1135.5,0.293545
1136.0,0.293284
1136.5,0.293024
1137.0,0.292764
1137.5,0.292504
1138.0,0.292245
1138.5,0.291987
1139.0,0.291729
1139.5,0.291471
1140.0,0.291213
1140.5,0.290956
1141.0,0.2907
1141.5,0.290444
1142.0,0.290188
1142.5,0.289933
1143.0,0.289678
1143.5,0.289423
1144.0,0.289169
1144.5,0.288915
1145.0,0.288662
1145.5,0.288409
1146.0,0.288156
1146.5,0.287904
1147.0,0.287652
1147.5,0.287401
1148.0,0.28715
1148.5,0.286899
1149.0,0.286649
1149.5,0.286399
1150.0,0.28615
1150.5,0.285901
1151.0,0.285652
1151.5,0.285404
1152.0,0.285156
1152.5,0.284908
1153.0,0.284661
1153.5,0.284414
1154.0,0.284167
1154.5,0.283921
1155.0,0.283675
1155.5,0.28343
1156.0,0.283185
1156.5,0.28294
1157.0,0.282696
1157.5,0.282452
1158.0,0.282208
1158.5,0.281965
1159.0,0.281722
1159.5,0.28148
1160.0,0.281237
1160.5,0.280995
1161.0,0.280754
1161.5,0.280513
1162.0,0.280272
1162.5,0.280031
1163.0,0.279791
1163.5,0.279551
1164.0,0.279312
1164.5,0.279073
1165.0,0.278834
1165.5,0.278595
1166.0,0.278357
1166.5,0.278119
1167.0,0.277882
1167.5,0.277644
1168.0,0.277408
1168.5,0.277171
1169.0,0.276935
1169.5,0.276699
1170.0,0.276463
1170.5,0.276228
1171.0,0.275993
1171.5,0.275758
1172.0,0.275524
1172.5,0.27529
1173.0,0.275056
1173.5,0.274822
1174.0,0.274589
1174.5,0.274356
1175.0,0.274124
1175.5,0.273892
1176.0,0.27366
1176.5,0.273428
1177.0,0.273196
1177.5,0.272965
1178.0,0.272735
1178.5,0.272504
1179.0,0.272274
1179.5,0.272044
1180.0,0.271814
1180.5,0.271585
1181.0,0.271356
1181.5,0.271127
1182.0,0.270898
1182.5,0.27067
1183.0,0.270442
1183.5,0.270214
1184.0,0.269987
1184.5,0.269759
1185.0,0.269533
1185.5,0.269306
1186.0,0.269079
1186.5,0.268853
1187.0,0.268627
1187.5,0.268402
1188.0,0.268176
1188.5,0.267951
1189.0,0.267726
1189.5,0.267502
1190.0,0.267277
1190.5,0.267053
1191.0,0.266829
1191.5,0.266606
1192.0,0.266382
1192.5,0.266159
1193.0,0.265936
1193.5,0.265714
1194.0,0.265491
1194.5,0.265269
1195.0,0.265047
1195.5,0.264825
1196.0,0.264604
1196.5,0.264382
1197.0,0.264161
1197.5,0.263941
1198.0,0.26372
1198.5,0.2635
1199.0,0.263279
1199.5,0.263059
1200.0,0.26284
1200.5,0.26262
1201.0,0.262401
1201.5,0.262182
1202.0,0.261963
1202.5,0.261744
1203.0,0.261526
1203.5,0.261308
1204.0,0.26109
1204.5,0.260872
1205.0,0.260654
1205.5,0.260437
1206.0,0.260219
1206.5,0.260002
1207.0,0.259785
1207.5,0.259569
1208.0,0.259352
1208.5,0.259136
1209.0,0.25892
1209.5,0.258704
1210.0,0.258488
1210.5,0.258273
1211.0,0.258057
1211.5,0.257842
1212.0,0.257627
1212.5,0.257412
1213.0,0.257198
1213.5,0.256983
1214.0,0.256769
1214.5,0.256555
1215.0,0.256341
1215.5,0.256127
1216.0,0.255913
1216.5,0.2557
1217.0,0.255486
1217.5,0.255273
1218.0,0.25506
1218.5,0.254847
1219.0,0.254635
1219.5,0.254422
1220.0,0.25421
1220.5,0.253998
1221.0,0.253785
1221.5,0.253574
1222.0,0.253362
1222.5,0.25315
1223.0,0.252939
1223.5,0.252727
1224.0,0.252516
1224.5,0.252305
1225.0,0.252094
1225.5,0.251883
1226.0,0.251673
1226.5,0.251462
1227.0,0.251252
1227.5,0.251042
1228.0,0.250832
1228.5,0.250622
1229.0,0.250412
1229.5,0.250202
1230.0,0.249993
1230.5,0.249784
1231.0,0.249575
1231.5,0.249366
1232.0,0.249157
1232.5,0.248948
1233.0,0.248739
1233.5,0.248531
1234.0,0.248323
1234.5,0.248115
1235.0,0.247907
1235.5,0.247699
1236.0,0.247491
1236.5,0.247283
1237.0,0.247076
1237.5,0.246869
1238.0,0.246662
1238.5,0.246455
1239.0,0.246248
1239.5,0.246041
1240.0,0.245835
1240.5,0.245628
1241.0,0.245422
1241.5,0.245216
1242.0,0.24501
1242.5,0.244804
1243.0,0.244598
1243.5,0.244393
1244.0,0.244187
1244.5,0.243982
1245.0,0.243777
1245.5,0.243572
1246.0,0.243367
1246.5,0.243163
1247.0,0.242958
1247.5,0.242754
1248.0,0.24255
1248.5,0.242345
1249.0,0.242142
1249.5,0.241938
1250.0,0.241734
1250.5,0.241531
1251.0,0.241327
1251.5,0.241124
1252.0,0.240921
1252.5,0.240718
1253.0,0.240515
1253.5,0.240312
1254.0,0.24011
1254.5,0.239908
1255.0,0.239705
1255.5,0.239503
1256.0,0.239301
1256.5,0.2391
1257.0,0.238898
1257.5,0.238696
1258.0,0.238495
1258.5,0.238294
1259.0,0.238093
1259.5,0.237892
1260.0,0.237691
1260.5,0.23749
1261.0,0.23729
1261.5,0.237089
1262.0,0.236889
1262.5,0.236689
1263.0,0.236489
1263.5,0.236289
1264.0,0.23609
1264.5,0.23589
1265.0,0.235691
1265.5,0.235491
1266.0,0.235292
1266.5,0.235093
1267.0,0.234895
1267.5,0.234696
1268.0,0.234497
1268.5,0.234299
1269.0,0.234101
1269.5,0.233903
1270.0,0.233705
1270.5,0.233507
1271.0,0.233309
1271.5,0.233112
1272.0,0.232914
1272.5,0.232717
1273.0,0.23252
1273.5,0.232323
1274.0,0.232126
1274.5,0.231929
1275.0,0.231733
1275.5,0.231536
1276.0,0.23134
1276.5,0.231144
1277.0,0.230948
1277.5,0.230752
1278.0,0.230556
1278.5,0.230361
1279.0,0.230165
1279.5,0.22997
1280.0,0.229775
1280.5,0.22958
1281.0,0.229385
1281.5,0.22919
1282.0,0.228996
1282.5,0.228801
1283.0,0.228607
1283.5,0.228413
1284.0,0.228219
1284.5,0.228025
1285.0,0.227831
1285.5,0.227637
1286.0,0.227444
1286.5,0.227251
1287.0,0.227057
1287.5,0.226864
1288.0,0.226671
1288.5,0.226479
1289.0,0.226286
1289.5,0.226093
1290.0,0.225901
1290.5,0.225709
1291.0,0.225517
1291.5,0.225325
1292.0,0.225133
1292.5,0.224941
1293.0,0.22475
1293.5,0.224558
1294.0,0.224367
1294.5,0.224176
1295.0,0.223985
1295.5,0.223794
1296.0,0.223603
1296.5,0.223413
1297.0,0.223222
1297.5,0.223032
1298.0,0.222842
1298.5,0.222652
1299.0,0.222462
1299.5,0.222272
1300.0,0.222083
1300.5,0.221893
1301.0,0.221704
1301.5,0.221515
1302.0,0.221326
1302.5,0.221137
1303.0,0.220948
1303.5,0.220759
1304.0,0.220571
1304.5,0.220382
1305.0,0.220194
1305.5,0.220006
1306.0,0.219818
1306.5,0.21963
1307.0,0.219443
1307.5,0.219255
1308.0,0.219068
1308.5,0.21888
1309.0,0.218693
1309.5,0.218506
1310.0,0.218319
1310.5,0.218133
1311.0,0.217946
1311.5,0.217759
1312.0,0.217573
1312.5,0.217387
1313.0,0.217201
1313.5,0.217015
1314.0,0.216829
1314.5,0.216644
1315.0,0.216458
1315.5,0.216273
1316.0,0.216087
1316.5,0.215902
1317.0,0.215717
1317.5,0.215533
1318.0,0.215348
1318.5,0.215163
1319.0,0.214979
1319.5,0.214795
1320.0,0.21461
1320.5,0.214426
1321.0,0.214243
1321.5,0.214059
1322.0,0.213875
1322.5,0.213692
1323.0,0.213508
1323.5,0.213325
1324.0,0.213142
1324.5,0.212959
1325.0,0.212776
1325.5,0.212594
1326.0,0.212411
1326.5,0.212229
1327.0,0.212046
1327.5,0.211864
1328.0,0.211682
1328.5,0.2115
1329.0,0.211319
1329.5,0.211137
1330.0,0.210956
1330.5,0.210774
1331.0,0.210593
1331.5,0.210412
1332.0,0.210231
1332.5,0.21005
1333.0,0.20987
1333.5,0.209689
1334.0,0.209509
1334.5,0.209328
1335.0,0.209148
1335.5,0.208968
1336.0,0.208788
1336.5,0.208609
1337.0,0.208429
1337.5,0.20825
1338.0,0.20807
1338.5,0.207891
1339.0,0.207712
1339.5,0.207533
1340.0,0.207354
1340.5,0.207176
1341.0,0.206997
1341.5,0.206819
1342.0,0.20664
1342.5,0.206462
1343.0,0.206284
1343.5,0.206106
1344.0,0.205929
1344.5,0.205751
1345.0,0.205574
1345.5,0.205396
1346.0,0.205219
1346.5,0.205042
1347.0,0.204865
1347.5,0.204688
1348.0,0.204512
1348.5,0.204335
1349.0,0.204159
1349.5,0.203982
1350.0,0.203806
1350.5,0.20363
1351.0,0.203454
1351.5,0.203278
1352.0,0.203103
1352.5,0.202927
1353.0,0.202752
1353.5,0.202577
1354.0,0.202402
1354.5,0.202227
1355.0,0.202052
1355.5,0.201877
1356.0,0.201703
1356.5,0.201528
1357.0,0.201354
1357.5,0.20118
1358.0,0.201005
1358.5,0.200832
1359.0,0.200658
1359.5,0.200484
1360.0,0.200311
1360.5,0.200137
1361.0,0.199964
1361.5,0.199791
1362.0,0.199618
1362.5,0.199445
1363.0,0.199272
1363.5,0.199099
1364.0,0.198927
1364.5,0.198755
1365.0,0.198582
1365.5,0.19841
1366.0,0.198238
1366.5,0.198066
1367.0,0.197895
1367.5,0.197723
1368.0,0.197552
1368.5,0.19738
1369.0,0.197209
1369.5,0.197038
1370.0,0.196867
1370.5,0.196696
1371.0,0.196526
1371.5,0.196355
1372.0,0.196185
1372.5,0.196014
1373.0,0.195844
1373.5,0.195674
1374.0,0.195504
1374.5,0.195334
1375.0,0.195165
1375.5,0.194995
1376.0,0.194826
1376.5,0.194657
1377.0,0.194487
1377.5,0.194318
1378.0,0.194149
1378.5,0.193981
1379.0,0.193812
1379.5,0.193644
1380.0,0.193475
1380.5,0.193307
1381.0,0.193139
1381.5,0.192971
1382.0,0.192803
1382.5,0.192635
1383.0,0.192468
1383.5,0.1923
1384.0,0.192133
1384.5,0.191966
1385.0,0.191799
1385.5,0.191632
1386.0,0.191465
1386.5,0.191298
1387.0,0.191131
1387.5,0.190965
1388.0,0.190799
1388.5,0.190632
1389.0,0.190466
1389.5,0.1903
1390.0,0.190135
1390.5,0.189969
1391.0,0.189803
1391.5,0.189638
1392.0,0.189473
1392.5,0.189307
1393.0,0.189142
1393.5,0.188977
1394.0,0.188812
1394.5,0.188648
1395.0,0.188483
1395.5,0.188319
1396.0,0.188154
1396.5,0.18799
1397.0,0.187826
1397.5,0.187662
1398.0,0.187499
1398.5,0.187335
1399.0,0.187171
1399.5,0.187008
1400.0,0.186845
1400.5,0.186681
1401.0,0.186518
1401.5,0.186355
1402.0,0.186193
1402.5,0.18603
1403.0,0.185867
1403.5,0.185705
1404.0,0.185543
1404.5,0.18538
1405.0,0.185218
1405.5,0.185056
1406.0,0.184895
1406.5,0.184733
1407.0,0.184571
1407.5,0.18441
1408.0,0.184249
1408.5,0.184088
1409.0,0.183926
1409.5,0.183766
1410.0,0.183605
1410.5,0.183444
1411.0,0.183284
1411.5,0.183123
1412.0,0.182963
1412.5,0.182803
1413.0,0.182643
1413.5,0.182483
1414.0,0.182323
1414.5,0.182163
1415.0,0.182004
1415.5,0.181844
1416.0,0.181685
1416.5,0.181526
1417.0,0.181366
1417.5,0.181208
1418.0,0.181049
1418.5,0.18089
1419.0,0.180731
1419.5,0.180573
1420.0,0.180415
1420.5,0.180256
1421.0,0.180098
1421.5,0.17994
1422.0,0.179783
1422.5,0.179625
1423.0,0.179467
1423.5,0.17931
1424.0,0.179152
1424.5,0.178995
1425.0,0.178838
1425.5,0.178681
1426.0,0.178524
1426.5,0.178368
1427.0,0.178211
1427.5,0.178054
1428.0,0.177898
1428.5,0.177742
1429.0,0.177586
1429.5,0.17743
1430.0,0.177274
1430.5,0.177118
1431.0,0.176962
1431.5,0.176807
1432.0,0.176651
1432.5,0.176496
1433.0,0.176341
1433.5,0.176186
1434.0,0.176031
1434.5,0.175876
1435.0,0.175722
1435.5,0.175567
1436.0,0.175413
1436.5,0.175258
1437.0,0.175104
1437.5,0.17495
1438.0,0.174796
1438.5,0.174642
1439.0,0.174489
1439.5,0.174335
1440.0,0.174182
1440.5,0.174028
1441.0,0.173875
1441.5,0.173722
1442.0,0.173569
1442.5,0.173416
1443.0,0.173264
1443.5,0.173111
1444.0,0.172958
1444.5,0.172806
1445.0,0.172654
1445.5,0.172502
1446.0,0.17235
1446.5,0.172198
1447.0,0.172046
1447.5,0.171894
1448.0,0.171743
1448.5,0.171591
1449.0,0.17144
1449.5,0.171289
1450.0,0.171138
1450.5,0.170987
1451.0,0.170836
1451.5,0.170685
1452.0,0.170535
1452.5,0.170384
1453.0,0.170234
1453.5,0.170084
1454.0,0.169934
1454.5,0.169784
1455.0,0.169634
1455.5,0.169484
1456.0,0.169335
1456.5,0.169185
1457.0,0.169036
1457.5,0.168886
1458.0,0.168737
1458.5,0.168588
1459.0,0.168439
1459.5,0.168291
1460.0,0.168142
1460.5,0.167993
1461.0,0.167845
1461.5,0.167697
1462.0,0.167548
1462.5,0.1674
1463.0,0.167252
1463.5,0.167104
1464.0,0.166957
1464.5,0.166809
1465.0,0.166662
1465.5,0.166514
1466.0,0.166367
1466.5,0.16622
1467.0,0.166073
1467.5,0.165926
1468.0,0.165779
1468.5,0.165632
1469.0,0.165486
1469.5,0.165339
1470.0,0.165193
1470.5,0.165047
1471.0,0.164901
1471.5,0.164755
1472.0,0.164609
1472.5,0.164463
1473.0,0.164318
1473.5,0.164172
1474.0,0.164027
1474.5,0.163882
1475.0,0.163736
1475.5,0.163591
1476.0,0.163446
1476.5,0.163302
1477.0,0.163157
1477.5,0.163012
1478.0,0.162868
1478.5,0.162724
1479.0,0.162579
1479.5,0.162435
1480.0,0.162291
1480.5,0.162147
1481.0,0.162004
1481.5,0.16186
1482.0,0.161717
1482.5,0.161573
1483.0,0.16143
1483.5,0.161287
1484.0,0.161144
1484.5,0.161001
1485.0,0.160858
1485.5,0.160715
1486.0,0.160572
1486.5,0.16043
1487.0,0.160288
1487.5,0.160145
1488.0,0.160003
1488.5,0.159861
1489.0,0.159719
1489.5,0.159577
1490.0,0.159436
1490.5,0.159294
1491.0,0.159153
1491.5,0.159011
1492.0,0.15887
1492.5,0.158729
1493.0,0.158588
1493.5,0.158447
1494.0,0.158306
1494.5,0.158166
1495.0,0.158025
1495.5,0.157885
1496.0,0.157745
1496.5,0.157604
1497.0,0.157464
1497.5,0.157324
1498.0,0.157184
1498.5,0.157045
1499.0,0.156905
1499.5,0.156766
1500.0,0.156626
1500.5,0.156487
1501.0,0.156348
1501.5,0.156209
1502.0,0.15607
1502.5,0.155931
1503.0,0.155792
1503.5,0.155654
1504.0,0.155515
1504.5,0.155377
1505.0,0.155238
1505.5,0.1551
1506.0,0.154962
1506.5,0.154824
1507.0,0.154687
1507.5,0.154549
1508.0,0.154411
1508.5,0.154274
1509.0,0.154136
1509.5,0.153999
1510.0,0.153862
1510.5,0.153725
1511.0,0.153588
1511.5,0.153451
1512.0,0.153315
1512.5,0.153178
1513.0,0.153041
1513.5,0.152905
1514.0,0.152769
1514.5,0.152633
1515.0,0.152497
1515.5,0.152361
1516.0,0.152225
1516.5,0.152089
1517.0,0.151954
1517.5,0.151818
1518.0,0.151683
1518.5,0.151548
1519.0,0.151413
1519.5,0.151278
1520.0,0.151143
1520.5,0.151008
1521.0,0.150873
1521.5,0.150739
1522.0,0.150604
1522.5,0.15047
1523.0,0.150336
1523.5,0.150201
1524.0,0.150067
1524.5,0.149934
1525.0,0.1498
1525.5,0.149666
1526.0,0.149532
1526.5,0.149399
1527.0,0.149266
1527.5,0.149132
1528.0,0.148999
1528.5,0.148866
1529.0,0.148733
1529.5,0.148601
1530.0,0.148468
1530.5,0.148335
1531.0,0.148203
1531.5,0.14807
1532.0,0.147938
1532.5,0.147806
1533.0,0.147674
1533.5,0.147542
1534.0,0.14741
1534.5,0.147278
1535.0,0.147147
1535.5,0.147015
1536.0,0.146884
1536.5,0.146753
1537.0,0.146622
1537.5,0.146491
1538.0,0.14636
1538.5,0.146229
1539.0,0.146098
1539.5,0.145967
1540.0,0.145837
1540.5,0.145707
1541.0,0.145576
1541.5,0.145446
1542.0,0.145316
1542.5,0.145186
1543.0,0.145056
1543.5,0.144926
1544.0,0.144797
1544.5,0.144667
1545.0,0.144538
1545.5,0.144408
1546.0,0.144279
1546.5,0.14415
1547.0,0.144021
1547.5,0.143892
1548.0,0.143764
1548.5,0.143635
1549.0,0.143506
1549.5,0.143378
1550.0,0.143249
1550.5,0.143121
1551.0,0.142993
1551.5,0.142865
1552.0,0.142737
1552.5,0.142609
1553.0,0.142482
1553.5,0.142354
1554.0,0.142227
1554.5,0.142099
1555.0,0.141972
1555.5,0.141845
1556.0,0.141718
1556.5,0.141591
1557.0,0.141464
1557.5,0.141337
1558.0,0.141211
1558.5,0.141084
1559.0,0.140958
1559.5,0.140831
1560.0,0.140705
1560.5,0.140579
1561.0,0.140453
1561.5,0.140327
1562.0,0.140201
1562.5,0.140076
1563.0,0.13995
1563.5,0.139825
1564.0,0.139699
1564.5,0.139574
1565.0,0.139449
1565.5,0.139324
1566.0,0.139199
1566.5,0.139074
1567.0,0.138949
1567.5,0.138825
1568.0,0.1387
1568.5,0.138576
1569.0,0.138451
1569.5,0.138327
1570.0,0.138203
1570.5,0.138079
1571.0,0.137955
1571.5,0.137832
1572.0,0.137708
1572.5,0.137584
1573.0,0.137461
1573.5,0.137337
1574.0,0.137214
1574.5,0.137091
1575.0,0.136968
1575.5,0.136845
1576.0,0.136722
1576.5,0.1366
1577.0,0.136477
1577.5,0.136354
1578.0,0.136232
1578.5,0.13611
1579.0,0.135987
1579.5,0.135865
1580.0,0.135743
1580.5,0.135621
1581.0,0.1355
1581.5,0.135378
1582.0,0.135256
1582.5,0.135135
1583.0,0.135014
1583.5,0.134892
1584.0,0.134771
1584.5,0.13465
1585.0,0.134529
1585.5,0.134408
1586.0,0.134287
1586.5,0.134167
1587.0,0.134046
1587.5,0.133926
1588.0,0.133805
1588.5,0.133685
1589.0,0.133565
1589.5,0.133445
1590.0,0.133325
1590.5,0.133205
1591.0,0.133085
1591.5,0.132966
1592.0,0.132846
1592.5,0.132727
1593.0,0.132608
1593.5,0.132488
1594.0,0.132369
1594.5,0.13225
1595.0,0.132131
1595.5,0.132013
1596.0,0.131894
1596.5,0.131775
1597.0,0.131657
1597.5,0.131538
1598.0,0.13142
1598.5,0.131302
1599.0,0.131184
1599.5,0.131066
1600.0,0.130948
1600.5,0.13083
1601.0,0.130712
1601.5,0.130595
1602.0,0.130477
1602.5,0.13036
1603.0,0.130243
1603.5,0.130125
1604.0,0.130008
1604.5,0.129891
1605.0,0.129774
1605.5,0.129658
1606.0,0.129541
1606.5,0.129424
1607.0,0.129308
1607.5,0.129192
1608.0,0.129075
1608.5,0.128959
1609.0,0.128843
1609.5,0.128727
1610.0,0.128611
1610.5,0.128495
1611.0,0.12838
1611.5,0.128264
1612.0,0.128149
1612.5,0.128033
1613.0,0.127918
1613.5,0.127803
1614.0,0.127688
1614.5,0.127573
1615.0,0.127458
1615.5,0.127343
1616.0,0.127229
1616.5,0.127114
1617.0,0.126999
1617.5,0.126885
1618.0,0.126771
1618.5,0.126657
1619.0,0.126543
1619.5,0.126429
1620.0,0.126315
1620.5,0.126201
1621.0,0.126087
1621.5,0.125974
1622.0,0.12586
1622.5,0.125747
1623.0,0.125634
1623.5,0.12552
1624.0,0.125407
1624.5,0.125294
1625.0,0.125181
1625.5,0.125069
1626.0,0.124956
1626.5,0.124843
1627.0,0.124731
1627.5,0.124618
1628.0,0.124506
1628.5,0.124394
1629.0,0.124282
1629.5,0.12417
1630.0,0.124058
1630.5,0.123946
1631.0,0.123834
1631.5,0.123723
1632.0,0.123611
1632.5,0.1235
1633.0,0.123388
1633.5,0.123277
1634.0,0.123166
1634.5,0.123055
1635.0,0.122944
1635.5,0.122833
1636.0,0.122723
1636.5,0.122612
1637.0,0.122501
1637.5,0.122391
1638.0,0.122281
1638.5,0.12217
1639.0,0.12206
1639.5,0.12195
1640.0,0.12184
1640.5,0.12173
1641.0,0.121621
1641.5,0.121511
1642.0,0.121401
1642.5,0.121292
1643.0,0.121182
1643.5,0.121073
1644.0,0.120964
1644.5,0.120855
1645.0,0.120746
1645.5,0.120637
1646.0,0.120528
1646.5,0.120419
1647.0,0.120311
1647.5,0.120202
1648.0,0.120094
1648.5,0.119986
1649.0,0.119877
1649.5,0.119769
1650.0,0.119661
1650.5,0.119553
1651.0,0.119445
1651.5,0.119338
1652.0,0.11923
1652.5,0.119122
1653.0,0.119015
1653.5,0.118908
1654.0,0.1188
1654.5,0.118693
1655.0,0.118586
1655.5,0.118479
1656.0,0.118372
1656.5,0.118265
1657.0,0.118159
1657.5,0.118052
1658.0,0.117946
1658.5,0.117839
1659.0,0.117733
1659.5,0.117627
1660.0,0.11752
1660.5,0.117414
1661.0,0.117308
1661.5,0.117203
1662.0,0.117097
1662.5,0.116991
1663.0,0.116886
1663.5,0.11678
1664.0,0.116675
1664.5,0.116569
1665.0,0.116464
1665.5,0.116359
1666.0,0.116254
1666.5,0.116149
1667.0,0.116044
1667.5,0.11594
1668.0,0.115835
1668.5,0.11573
1669.0,0.115626
1669.5,0.115522
1670.0,0.115417
1670.5,0.115313
1671.0,0.115209
1671.5,0.115105
1672.0,0.115001
1672.5,0.114897
1673.0,0.114794
1673.5,0.11469
1674.0,0.114587
1674.5,0.114483
1675.0,0.11438
1675.5,0.114276
1676.0,0.114173
1676.5,0.11407
1677.0,0.113967
1677.5,0.113864
1678.0,0.113762
1678.5,0.113659
1679.0,0.113556
1679.5,0.113454
1680.0,0.113351
1680.5,0.113249
1681.0,0.113147
1681.5,0.113045
1682.0,0.112943
1682.5,0.112841
1683.0,0.112739
1683.5,0.112637
1684.0,0.112535
1684.5,0.112434
1685.0,0.112332
1685.5,0.112231
1686.0,0.11213
1686.5,0.112028
1687.0,0.111927
1687.5,0.111826
1688.0,0.111725
1688.5,0.111624
1689.0,0.111524
1689.5,0.111423
1690.0,0.111322
1690.5,0.111222
1691.0,0.111121
1691.5,0.111021
1692.0,0.110921
1692.5,0.110821
1693.0,0.110721
1693.5,0.110621
1694.0,0.110521
1694.5,0.110421
1695.0,0.110321
1695.5,0.110222
1696.0,0.110122
1696.5,0.110023
1697.0,0.109923
1697.5,0.109824
1698.0,0.109725
1698.5,0.109626
1699.0,0.109527
1699.5,0.109428
1700.0,0.109329
1700.5,0.109231
1701.0,0.109132
1701.5,0.109034
1702.0,0.108935
1702.5,0.108837
1703.0,0.108739
1703.5,0.10864
1704.0,0.108542
1704.5,0.108444
1705.0,0.108346
1705.5,0.108249
1706.0,0.108151
1706.5,0.108053
1707.0,0.107956
1707.5,0.107858
1708.0,0.107761
1708.5,0.107664
1709.0,0.107566
1709.5,0.107469
1710.0,0.107372
1710.5,0.107275
1711.0,0.107179
1711.5,0.107082
1712.0,0.106985
1712.5,0.106889
1713.0,0.106792
1713.5,0.106696
1714.0,0.106599
1714.5,0.106503
1715.0,0.106407
1715.5,0.106311
1716.0,0.106215
1716.5,0.106119
1717.0,0.106023
1717.5,0.105928
1718.0,0.105832
1718.5,0.105737
1719.0,0.105641
1719.5,0.105546
1720.0,0.10545
1720.5,0.105355
1721.0,0.10526
1721.5,0.105165
1722.0,0.10507
1722.5,0.104975
1723.0,0.104881
1723.5,0.104786
1724.0,0.104692
1724.5,0.104597
1725.0,0.104503
1725.5,0.104408
1726.0,0.104314
1726.5,0.10422
1727.0,0.104126
1727.5,0.104032
1728.0,0.103938
1728.5,0.103844
1729.0,0.103751
1729.5,0.103657
1730.0,0.103563
1730.5,0.10347
1731.0,0.103377
1731.5,0.103283
1732.0,0.10319
1732.5,0.103097
1733.0,0.103004
1733.5,0.102911
1734.0,0.102818
1734.5,0.102725
1735.0,0.102633
1735.5,0.10254
1736.0,0.102448
1736.5,0.102355
1737.0,0.102263
1737.5,0.102171
1738.0,0.102079
1738.5,0.101986
1739.0,0.101894
1739.5,0.101803
1740.0,0.101711
1740.5,0.101619
1741.0,0.101527
1741.5,0.101436
1742.0,0.101344
1742.5,0.101253
1743.0,0.101162
1743.5,0.10107
1744.0,0.100979
1744.5,0.100888
1745.0,0.100797
1745.5,0.100706
1746.0,0.100615
1746.5,0.100525
1747.0,0.100434
1747.5,0.100343
1748.0,0.100253
1748.5,0.100163
1749.0,0.100072
1749.5,0.099982
1750.0,0.099892
1750.5,0.099802
1751.0,0.099712
1751.5,0.099622
1752.0,0.099532
1752.5,0.099442
1753.0,0.099353
1753.5,0.099263
1754.0,0.099174
1754.5,0.099084
1755.0,0.098995
1755.5,0.098906
1756.0,0.098817
1756.5,0.098727
1757.0,0.098638
1757.5,0.09855
1758.0,0.098461
1758.5,0.098372
1759.0,0.098283
1759.5,0.098195
1760.0,0.098106
1760.5,0.098018
1761.0,0.09793
1761.5,0.097841
1762.0,0.097753
1762.5,0.097665
1763.0,0.097577
1763.5,0.097489
1764.0,0.097401
1764.5,0.097314
1765.0,0.097226
1765.5,0.097138
1766.0,0.097051
1766.5,0.096963
1767.0,0.096876
1767.5,0.096789
1768.0,0.096702
1768.5,0.096614
1769.0,0.096527
1769.5,0.09644
1770.0,0.096354
1770.5,0.096267
1771.0,0.09618
1771.5,0.096094
1772.0,0.096007
1772.5,0.095921
1773.0,0.095834
1773.5,0.095748
1774.0,0.095662
1774.5,0.095576
1775.0,0.095489
1775.5,0.095403
1776.0,0.095318
1776.5,0.095232
1777.0,0.095146
1777.5,0.09506
1778.0,0.094975
1778.5,0.094889
1779.0,0.094804
1779.5,0.094719
1780.0,0.094633
1780.5,0.094548
1781.0,0.094463
1781.5,0.094378
1782.0,0.094293
1782.5,0.094208
1783.0,0.094123
1783.5,0.094039
1784.0,0.093954
1784.5,0.09387
1785.0,0.093785
1785.5,0.093701
1786.0,0.093616
1786.5,0.093532
1787.0,0.093448
1787.5,0.093364
1788.0,0.09328
1788.5,0.093196
1789.0,0.093112
1789.5,0.093029
1790.0,0.092945
1790.5,0.092861
1791.0,0.092778
1791.5,0.092694
1792.0,0.092611
1792.5,0.092528
1793.0,0.092445
1793.5,0.092361
1794.0,0.092278
1794.5,0.092195
1795.0,0.092113
1795.5,0.09203
1796.0,0.091947
1796.5,0.091864
1797.0,0.091782
1797.5,0.091699
1798.0,0.091617
1798.5,0.091534
1799.0,0.091452
1799.5,0.09137
1800.0,0.091288
1800.5,0.091206
1801.0,0.091124
1801.5,0.091042
1802.0,0.09096
1802.5,0.090879
1803.0,0.090797
1803.5,0.090715
1804.0,0.090634
1804.5,0.090552
1805.0,0.090471
1805.5,0.09039
1806.0,0.090309
1806.5,0.090227
1807.0,0.090146
1807.5,0.090065
1808.0,0.089985
1808.5,0.089904
1809.0,0.089823
1809.5,0.089742
1810.0,0.089662
1810.5,0.089581
1811.0,0.089501
1811.5,0.089421
1812.0,0.08934
1812.5,0.08926
1813.0,0.08918
1813.5,0.0891
1814.0,0.08902
1814.5,0.08894
1815.0,0.08886
1815.5,0.08878
1816.0,0.088701
1816.5,0.088621
1817.0,0.088542
1817.5,0.088462
1818.0,0.088383
1818.5,0.088304
1819.0,0.088224
1819.5,0.088145
1820.0,0.088066
1820.5,0.087987
1821.0,0.087908
1821.5,0.087829
1822.0,0.087751
1822.5,0.087672
1823.0,0.087593
1823.5,0.087515
1824.0,0.087436
1824.5,0.087358
1825.0,0.08728
1825.5,0.087201
1826.0,0.087123
1826.5,0.087045
1827.0,0.086967
1827.5,0.086889
1828.0,0.086811
1828.5,0.086733
1829.0,0.086656
1829.5,0.086578
1830.0,0.0865
1830.5,0.086423
1831.0,0.086346
1831.5,0.086268
1832.0,0.086191
1832.5,0.086114
1833.0,0.086037
1833.5,0.085959
1834.0,0.085882
1834.5,0.085806
1835.0,0.085729
1835.5,0.085652
1836.0,0.085575
1836.5,0.085499
1837.0,0.085422
1837.5,0.085346
1838.0,0.085269
1838.5,0.085193
1839.0,0.085117
1839.5,0.08504
1840.0,0.084964
1840.5,0.084888
1841.0,0.084812
1841.5,0.084736
1842.0,0.08466
1842.5,0.084585
1843.0,0.084509
1843.5,0.084433
1844.0,0.084358
1844.5,0.084282
1845.0,0.084207
1845.5,0.084132
1846.0,0.084056
1846.5,0.083981
1847.0,0.083906
1847.5,0.083831
1848.0,0.083756
1848.5,0.083681
1849.0,0.083606
1849.5,0.083532
1850.0,0.083457
1850.5,0.083382
1851.0,0.083308
1851.5,0.083233
1852.0,0.083159
1852.5,0.083085
1853.0,0.08301
1853.5,0.082936
1854.0,0.082862
1854.5,0.082788
1855.0,0.082714
1855.5,0.08264
1856.0,0.082566
1856.5,0.082493
1857.0,0.082419
1857.5,0.082345
1858.0,0.082272
1858.5,0.082198
1859.0,0.082125
1859.5,0.082052
1860.0,0.081978
1860.5,0.081905
1861.0,0.081832
1861.5,0.081759
1862.0,0.081686
1862.5,0.081613
1863.0,0.08154
1863.5,0.081467
1864.0,0.081395
1864.5,0.081322
1865.0,0.081249
1865.5,0.081177
1866.0,0.081104
1866.5,0.081032
1867.0,0.08096
1867.5,0.080888
1868.0,0.080815
1868.5,0.080743
1869.0,0.080671
1869.5,0.080599
1870.0,0.080527
1870.5,0.080456
1871.0,0.080384
1871.5,0.080312
1872.0,0.080241
1872.5,0.080169
1873.0,0.080098
1873.5,0.080026
1874.0,0.079955
1874.5,0.079884
1875.0,0.079812
1875.5,0.079741
1876.0,0.07967
1876.5,0.079599
1877.0,0.079528
1877.5,0.079458
1878.0,0.079387
1878.5,0.079316
1879.0,0.079245
1879.5,0.079175
1880.0,0.079104
1880.5,0.079034
1881.0,0.078963
1881.5,0.078893
1882.0,0.078823
1882.5,0.078753
1883.0,0.078683
1883.5,0.078613
1884.0,0.078543
1884.5,0.078473
1885.0,0.078403
1885.5,0.078333
1886.0,0.078263
1886.5,0.078194
1887.0,0.078124
1887.5,0.078055
1888.0,0.077985
1888.5,0.077916
1889.0,0.077847
1889.5,0.077777
1890.0,0.077708
1890.5,0.077639
1891.0,0.07757
1891.5,0.077501
1892.0,0.077432
1892.5,0.077363
1893.0,0.077294
1893.5,0.077226
1894.0,0.077157
1894.5,0.077089
1895.0,0.07702
1895.5,0.076952
1896.0,0.076883
1896.5,0.076815
1897.0,0.076747
1897.5,0.076678
1898.0,0.07661
1898.5,0.076542
1899.0,0.076474
1899.5,0.076406
1900.0,0.076338
1900.5,0.076271
1901.0,0.076203
1901.5,0.076135
1902.0,0.076068
1902.5,0.076
1903.0,0.075933
1903.5,0.075865
1904.0,0.075798
1904.5,0.075731
1905.0,0.075663
1905.5,0.075596
1906.0,0.075529
1906.5,0.075462
1907.0,0.075395
1907.5,0.075328
1908.0,0.075262
1908.5,0.075195
1909.0,0.075128
1909.5,0.075062
1910.0,0.074995
1910.5,0.074928
1911.0,0.074862
1911.5,0.074796
1912.0,0.074729
1912.5,0.074663
1913.0,0.074597
1913.5,0.074531
1914.0,0.074465
1914.5,0.074399
1915.0,0.074333
1915.5,0.074267
1916.0,0.074201
1916.5,0.074135
1917.0,0.07407
1917.5,0.074004
1918.0,0.073939
1918.5,0.073873
1919.0,0.073808
1919.5,0.073742
1920.0,0.073677
1920.5,0.073612
1921.0,0.073547
1921.5,0.073481
1922.0,0.073416
1922.5,0.073351
1923.0,0.073287
1923.5,0.073222
1924.0,0.073157
1924.5,0.073092
1925.0,0.073027
1925.5,0.072963
1926.0,0.072898
1926.5,0.072834
1927.0,0.072769
1927.5,0.072705
1928.0,0.072641
1928.5,0.072576
1929.0,0.072512
1929.5,0.072448
1930.0,0.072384
1930.5,0.07232
1931.0,0.072256
1931.5,0.072192
1932.0,0.072129
1932.5,0.072065
1933.0,0.072001
1933.5,0.071937
1934.0,0.071874
1934.5,0.07181
1935.0,0.071747
1935.5,0.071684
1936.0,0.07162
1936.5,0.071557
1937.0,0.071494
1937.5,0.071431
1938.0,0.071368
1938.5,0.071305
1939.0,0.071242
1939.5,0.071179
1940.0,0.071116
1940.5,0.071053
1941.0,0.07099
1941.5,0.070928
1942.0,0.070865
1942.5,0.070803
1943.0,0.07074
1943.5,0.070678
1944.0,0.070615
1944.5,0.070553
1945.0,0.070491
1945.5,0.070429
1946.0,0.070367
1946.5,0.070304
1947.0,0.070243
1947.5,0.070181
1948.0,0.070119
1948.5,0.070057
1949.0,0.069995
1949.5,0.069933
1950.0,0.069872
1950.5,0.06981
1951.0,0.069749
1951.5,0.069687
1952.0,0.069626
1952.5,0.069564
1953.0,0.069503
1953.5,0.069442
1954.0,0.069381
1954.5,0.06932
1955.0,0.069259
1955.5,0.069198
1956.0,0.069137
1956.5,0.069076
1957.0,0.069015
1957.5,0.068954
1958.0,0.068894
1958.5,0.068833
1959.0,0.068772
1959.5,0.068712
1960.0,0.068651
1960.5,0.068591
1961.0,0.068531
1961.5,0.06847
1962.0,0.06841
1962.5,0.06835
1963.0,0.06829
1963.5,0.06823
1964.0,0.06817
1964.5,0.06811
1965.0,0.06805
1965.5,0.06799
1966.0,0.06793
1966.5,0.06787
1967.0,0.067811
1967.5,0.067751
1968.0,0.067692
1968.5,0.067632
1969.0,0.067573
1969.5,0.067513
1970.0,0.067454
1970.5,0.067395
1971.0,0.067336
1971.5,0.067276
1972.0,0.067217
1972.5,0.067158
1973.0,0.067099
1973.5,0.06704
1974.0,0.066981
1974.5,0.066923
1975.0,0.066864
1975.5,0.066805
1976.0,0.066747
1976.5,0.066688
1977.0,0.066629
1977.5,0.066571
1978.0,0.066513
1978.5,0.066454
1979.0,0.066396
1979.5,0.066338
1980.0,0.066279
1980.5,0.066221
1981.0,0.066163
1981.5,0.066105
1982.0,0.066047
1982.5,0.065989
1983.0,0.065931
1983.5,0.065874
1984.0,0.065816
1984.5,0.065758
1985.0,0.0657
1985.5,0.065643
1986.0,0.065585
1986.5,0.065528
1987.0,0.06547
1987.5,0.065413
1988.0,0.065356
1988.5,0.065298
1989.0,0.065241
1989.5,0.065184
1990.0,0.065127
1990.5,0.06507
1991.0,0.065013
1991.5,0.064956
1992.0,0.064899
1992.5,0.064842
1993.0,0.064786
1993.5,0.064729
1994.0,0.064672
1994.5,0.064615
1995.0,0.064559
1995.5,0.064502
1996.0,0.064446
1996.5,0.06439
1997.0,0.064333
1997.5,0.064277
1998.0,0.064221
1998.5,0.064165
1999.0,0.064108
1999.5,0.064052
2000.0,0.063996
2000.5,0.06394
2001.0,0.063884
2001.5,0.063828
2002.0,0.063773
2002.5,0.063717
2003.0,0.063661
2003.5,0.063606
2004.0,0.06355
2004.5,0.063494
2005.0,0.063439
2005.5,0.063383
2006.0,0.063328
2006.5,0.063273
2007.0,0.063217
2007.5,0.063162
2008.0,0.063107
2008.5,0.063052
2009.0,0.062997
2009.5,0.062942
2010.0,0.062887
2010.5,0.062832
2011.0,0.062777
2011.5,0.062722
2012.0,0.062667
2012.5,0.062613
2013.0,0.062558
2013.5,0.062503
2014.0,0.062449
2014.5,0.062394
2015.0,0.06234
2015.5,0.062285
2016.0,0.062231
2016.5,0.062177
2017.0,0.062122
2017.5,0.062068
2018.0,0.062014
2018.5,0.06196
2019.0,0.061906
2019.5,0.061852
2020.0,0.061798
2020.5,0.061744
2021.0,0.06169
2021.5,0.061636
2022.0,0.061583
2022.5,0.061529
2023.0,0.061475
2023.5,0.061422
2024.0,0.061368
2024.5,0.061315
2025.0,0.061261
2025.5,0.061208
2026.0,0.061155
2026.5,0.061101
2027.0,0.061048
2027.5,0.060995
2028.0,0.060942
2028.5,0.060889
2029.0,0.060835
2029.5,0.060782
2030.0,0.06073
2030.5,0.060677
2031.0,0.060624
2031.5,0.060571
2032.0,0.060518
2032.5,0.060465
2033.0,0.060413
2033.5,0.06036
2034.0,0.060308
2034.5,0.060255
2035.0,0.060203
2035.5,0.06015
2036.0,0.060098
2036.5,0.060046
2037.0,0.059993
2037.5,0.059941
2038.0,0.059889
2038.5,0.059837
2039.0,0.059785
2039.5,0.059733
2040.0,0.059681
2040.5,0.059629
2041.0,0.059577
2041.5,0.059525
2042.0,0.059473
2042.5,0.059422
2043.0,0.05937
2043.5,0.059318
2044.0,0.059267
2044.5,0.059215
2045.0,0.059164
2045.5,0.059112
2046.0,0.059061
2046.5,0.059009
2047.0,0.058958
2047.5,0.058907
2048.0,0.058856
2048.5,0.058805
2049.0,0.058753
2049.5,0.058702
2050.0,0.058651
2050.5,0.0586
2051.0,0.058549
2051.5,0.058499
2052.0,0.058448
2052.5,0.058397
2053.0,0.058346
2053.5,0.058295
2054.0,0.058245
2054.5,0.058194
2055.0,0.058144
2055.5,0.058093
2056.0,0.058043
2056.5,0.057992
2057.0,0.057942
2057.5,0.057892
2058.0,0.057841
2058.5,0.057791
2059.0,0.057741
2059.5,0.057691
2060.0,0.057641
2060.5,0.057591
2061.0,0.057541
2061.5,0.057491
2062.0,0.057441
2062.5,0.057391
2063.0,0.057341
2063.5,0.057291
2064.0,0.057242
2064.5,0.057192
2065.0,0.057142
2065.5,0.057093
2066.0,0.057043
2066.5,0.056994
2067.0,0.056944
2067.5,0.056895
2068.0,0.056845
2068.5,0.056796
2069.0,0.056747
2069.5,0.056698
2070.0,0.056648
2070.5,0.056599
2071.0,0.05655
2071.5,0.056501
2072.0,0.056452
2072.5,0.056403
2073.0,0.056354
2073.5,0.056305
2074.0,0.056256
2074.5,0.056208
2075.0,0.056159
2075.5,0.05611
2076.0,0.056062
2076.5,0.056013
2077.0,0.055964
2077.5,0.055916
2078.0,0.055867
2078.5,0.055819
2079.0,0.05577
2079.5,0.055722
2080.0,0.055674
2080.5,0.055626
2081.0,0.055577
2081.5,0.055529
2082.0,0.055481
2082.5,0.055433
2083.0,0.055385
2083.5,0.055337
2084.0,0.055289
2084.5,0.055241
2085.0,0.055193
2085.5,0.055145
2086.0,0.055097
2086.5,0.05505
2087.0,0.055002
2087.5,0.054954
2088.0,0.054907
2088.5,0.054859
2089.0,0.054812
2089.5,0.054764
2090.0,0.054717
2090.5,0.054669
2091.0,0.054622
2091.5,0.054575
2092.0,0.054527
2092.5,0.05448
2093.0,0.054433
2093.5,0.054386
2094.0,0.054339
2094.5,0.054291
2095.0,0.054244
2095.5,0.054197
2096.0,0.05415
2096.5,0.054104
2097.0,0.054057
2097.5,0.05401
2098.0,0.053963
2098.5,0.053916
2099.0,0.05387
2099.5,0.053823
2100.0,0.053776
2100.5,0.05373
2101.0,0.053683
2101.5,0.053637
2102.0,0.05359
2102.5,0.053544
2103.0,0.053497
2103.5,0.053451
2104.0,0.053405
2104.5,0.053359
2105.0,0.053312
2105.5,0.053266
2106.0,0.05322
2106.5,0.053174
2107.0,0.053128
2107.5,0.053082
2108.0,0.053036
2108.5,0.05299
2109.0,0.052944
2109.5,0.052898
2110.0,0.052852
2110.5,0.052807
2111.0,0.052761
2111.5,0.052715
2112.0,0.05267
2112.5,0.052624
2113.0,0.052578
2113.5,0.052533
2114.0,0.052487
2114.5,0.052442
2115.0,0.052396
2115.5,0.052351
2116.0,0.052306
2116.5,0.05226
2117.0,0.052215
2117.5,0.05217
2118.0,0.052125
2118.5,0.05208
2119.0,0.052034
2119.5,0.051989
2120.0,0.051944
2120.5,0.051899
2121.0,0.051854
2121.5,0.05181
2122.0,0.051765
2122.5,0.05172
2123.0,0.051675
2123.5,0.05163
2124.0,0.051586
2124.5,0.051541
2125.0,0.051496
2125.5,0.051452
2126.0,0.051407
2126.5,0.051362
2127.0,0.051318
2127.5,0.051273
2128.0,0.051229
2128.5,0.051185
2129.0,0.05114
2129.5,0.051096
2130.0,0.051052
2130.5,0.051008
2131.0,0.050963
2131.5,0.050919
2132.0,0.050875
2132.5,0.050831
2133.0,0.050787
2133.5,0.050743
2134.0,0.050699
2134.5,0.050655
2135.0,0.050611
2135.5,0.050567
2136.0,0.050523
2136.5,0.05048
2137.0,0.050436
2137.5,0.050392
2138.0,0.050348
2138.5,0.050305
2139.0,0.050261
2139.5,0.050218
2140.0,0.050174
2140.5,0.050131
2141.0,0.050087
2141.5,0.050044
2142.0,0.05
2142.5,0.049957
2143.0,0.049914
2143.5,0.04987
2144.0,0.049827
2144.5,0.049784
2145.0,0.049741
2145.5,0.049697
2146.0,0.049654
2146.5,0.049611
2147.0,0.049568
2147.5,0.049525
2148.0,0.049482
2148.5,0.049439
2149.0,0.049396
2149.5,0.049354
2150.0,0.049311
2150.5,0.049268
2151.0,0.049225
2151.5,0.049182
2152.0,0.04914
2152.5,0.049097
2153.0,0.049055
2153.5,0.049012
2154.0,0.048969
2154.5,0.048927
2155.0,0.048884
2155.5,0.048842
2156.0,0.0488
2156.5,0.048757
2157.0,0.048715
2157.5,0.048672
2158.0,0.04863
2158.5,0.048588
2159.0,0.048546
2159.5,0.048504
2160.0,0.048461
2160.5,0.048419
2161.0,0.048377
2161.5,0.048335
2162.0,0.048293
2162.5,0.048251
2163.0,0.048209
2163.5,0.048167
2164.0,0.048125
2164.5,0.048084
2165.0,0.048042
2165.5,0.048
2166.0,0.047958
2166.5,0.047917
2167.0,0.047875
2167.5,0.047833
2168.0,0.047792
2168.5,0.04775
2169.0,0.047709
2169.5,0.047667
2170.0,0.047626
2170.5,0.047584
2171.0,0.047543
2171.5,0.047501
2172.0,0.04746
2172.5,0.047419
2173.0,0.047377
2173.5,0.047336
2174.0,0.047295
2174.5,0.047254
2175.0,0.047213
2175.5,0.047171
2176.0,0.04713
2176.5,0.047089
2177.0,0.047048
2177.5,0.047007
2178.0,0.046966
2178.5,0.046925
2179.0,0.046884
2179.5,0.046844
2180.0,0.046803
2180.5,0.046762
2181.0,0.046721
2181.5,0.04668
2182.0,0.04664
2182.5,0.046599
2183.0,0.046558
2183.5,0.046518
2184.0,0.046477
2184.5,0.046436
2185.0,0.046396
2185.5,0.046355
2186.0,0.046315
2186.5,0.046275
2187.0,0.046234
2187.5,0.046194
2188.0,0.046153
2188.5,0.046113
2189.0,0.046073
2189.5,0.046033
2190.0,0.045992
2190.5,0.045952
2191.0,0.045912
2191.5,0.045872
2192.0,0.045832
2192.5,0.045792
2193.0,0.045752
2193.5,0.045712
2194.0,0.045672
2194.5,0.045632
2195.0,0.045592
2195.5,0.045552
2196.0,0.045512
2196.5,0.045472
2197.0,0.045432
2197.5,0.045392
2198.0,0.045353
2198.5,0.045313
2199.0,0.045273
2199.5,0.045234
2200.0,0.045194
2200.5,0.045154
2201.0,0.045115
2201.5,0.045075
2202.0,0.045036
2202.5,0.044996
2203.0,0.044957
2203.5,0.044917
2204.0,0.044878
2204.5,0.044839
2205.0,0.044799
2205.5,0.04476
2206.0,0.044721
2206.5,0.044682
2207.0,0.044642
2207.5,0.044603
2208.0,0.044564
2208.5,0.044525
2209.0,0.044486
2209.5,0.044447
2210.0,0.044408
2210.5,0.044369
2211.0,0.04433
2211.5,0.044291
2212.0,0.044252
2212.5,0.044213
2213.0,0.044174
2213.5,0.044135
2214.0,0.044097
2214.5,0.044058
2215.0,0.044019
2215.5,0.04398
2216.0,0.043942
2216.5,0.043903
2217.0,0.043864
2217.5,0.043826
2218.0,0.043787
2218.5,0.043749
2219.0,0.04371
2219.5,0.043672
2220.0,0.043633
2220.5,0.043595
2221.0,0.043557
2221.5,0.043518
2222.0,0.04348
2222.5,0.043442
2223.0,0.043403
2223.5,0.043365
2224.0,0.043327
2224.5,0.043289
2225.0,0.043251
2225.5,0.043212
2226.0,0.043174
2226.5,0.043136
2227.0,0.043098
2227.5,0.04306
2228.0,0.043022
2228.5,0.042984
2229.0,0.042947
2229.5,0.042909
2230.0,0.042871
2230.5,0.042833
2231.0,0.042795
2231.5,0.042757
2232.0,0.04272
2232.5,0.042682
2233.0,0.042644
2233.5,0.042607
2234.0,0.042569
2234.5,0.042531
2235.0,0.042494
2235.5,0.042456
2236.0,0.042419
2236.5,0.042381
2237.0,0.042344
2237.5,0.042307
2238.0,0.042269
2238.5,0.042232
2239.0,0.042194
2239.5,0.042157
2240.0,0.04212
2240.5,0.042083
2241.0,0.042045
2241.5,0.042008
2242.0,0.041971
2242.5,0.041934
2243.0,0.041897
2243.5,0.04186
2244.0,0.041823
2244.5,0.041786
2245.0,0.041749
2245.5,0.041712
2246.0,0.041675
2246.5,0.041638
2247.0,0.041601
2247.5,0.041564
2248.0,0.041528
2248.5,0.041491
2249.0,0.041454
2249.5,0.041417
2250.0,0.041381
2250.5,0.041344
2251.0,0.041307
2251.5,0.041271
2252.0,0.041234
2252.5,0.041198
2253.0,0.041161
2253.5,0.041125
2254.0,0.041088
2254.5,0.041052
2255.0,0.041015
2255.5,0.040979
2256.0,0.040943
2256.5,0.040906
2257.0,0.04087
2257.5,0.040834
2258.0,0.040798
2258.5,0.040761
2259.0,0.040725
2259.5,0.040689
2260.0,0.040653
2260.5,0.040617
2261.0,0.040581
2261.5,0.040545
2262.0,0.040509
2262.5,0.040473
2263.0,0.040437
2263.5,0.040401
2264.0,0.040365
2264.5,0.040329
2265.0,0.040293
2265.5,0.040257
2266.0,0.040222
2266.5,0.040186
2267.0,0.04015
2267.5,0.040115
2268.0,0.040079
2268.5,0.040043
2269.0,0.040008
2269.5,0.039972
2270.0,0.039937
2270.5,0.039901
2271.0,0.039866
2271.5,0.03983
2272.0,0.039795
2272.5,0.039759
2273.0,0.039724
2273.5,0.039689
2274.0,0.039653
2274.5,0.039618
2275.0,0.039583
2275.5,0.039547
2276.0,0.039512
2276.5,0.039477
2277.0,0.039442
2277.5,0.039407
2278.0,0.039372
2278.5,0.039337
2279.0,0.039302
2279.5,0.039267
2280.0,0.039232
2280.5,0.039197
2281.0,0.039162
2281.5,0.039127
2282.0,0.039092
2282.5,0.039057
2283.0,0.039022
2283.5,0.038987
2284.0,0.038953
2284.5,0.038918
2285.0,0.038883
2285.5,0.038849
2286.0,0.038814
2286.5,0.038779
2287.0,0.038745
2287.5,0.03871
2288.0,0.038676
2288.5,0.038641
2289.0,0.038607
2289.5,0.038572
2290.0,0.038538
2290.5,0.038503
2291.0,0.038469
2291.5,0.038435
2292.0,0.0384
2292.5,0.038366
2293.0,0.038332
2293.5,0.038298
2294.0,0.038263
2294.5,0.038229
2295.0,0.038195
2295.5,0.038161
2296.0,0.038127
2296.5,0.038093
2297.0,0.038059
2297.5,0.038025
2298.0,0.037991
2298.5,0.037957
2299.0,0.037923
2299.5,0.037889
2300.0,0.037855
2300.5,0.037821
2301.0,0.037787
2301.5,0.037754
2302.0,0.03772
2302.5,0.037686
2303.0,0.037652
2303.5,0.037619
2304.0,0.037585
2304.5,0.037552
2305.0,0.037518
2305.5,0.037484
2306.0,0.037451
2306.5,0.037417
2307.0,0.037384
2307.5,0.03735
2308.0,0.037317
2308.5,0.037284
2309.0,0.03725
2309.5,0.037217
2310.0,0.037183
2310.5,0.03715
2311.0,0.037117
2311.5,0.037084
2312.0,0.03705
2312.5,0.037017
2313.0,0.036984
2313.5,0.036951
2314.0,0.036918
2314.5,0.036885
2315.0,0.036852
2315.5,0.036819
2316.0,0.036786
2316.5,0.036753
2317.0,0.03672
2317.5,0.036687
2318.0,0.036654
2318.5,0.036621
2319.0,0.036588
2319.5,0.036556
2320.0,0.036523
2320.5,0.03649
2321.0,0.036457
2321.5,0.036425
2322.0,0.036392
2322.5,0.036359
2323.0,0.036327
2323.5,0.036294
2324.0,0.036262
2324.5,0.036229
2325.0,0.036197
2325.5,0.036164
2326.0,0.036132
2326.5,0.036099
2327.0,0.036067
2327.5,0.036034
2328.0,0.036002
2328.5,0.03597
2329.0,0.035937
2329.5,0.035905
2330.0,0.035873
2330.5,0.035841
2331.0,0.035809
2331.5,0.035776
2332.0,0.035744
2332.5,0.035712
2333.0,0.03568
2333.5,0.035648
2334.0,0.035616
2334.5,0.035584
2335.0,0.035552
2335.5,0.03552
2336.0,0.035488
2336.5,0.035456
2337.0,0.035424
2337.5,0.035393
2338.0,0.035361
2338.5,0.035329
2339.0,0.035297
2339.5,0.035266
2340.0,0.035234
2340.5,0.035202
2341.0,0.035171
2341.5,0.035139
2342.0,0.035107
2342.5,0.035076
2343.0,0.035044
2343.5,0.035013
2344.0,0.034981
2344.5,0.03495
2345.0,0.034918
2345.5,0.034887
2346.0,0.034856
2346.5,0.034824
2347.0,0.034793
2347.5,0.034762
2348.0,0.03473
2348.5,0.034699
2349.0,0.034668
2349.5,0.034637
2350.0,0.034605
2350.5,0.034574
2351.0,0.034543
2351.5,0.034512
2352.0,0.034481
2352.5,0.03445
2353.0,0.034419
2353.5,0.034388
2354.0,0.034357
2354.5,0.034326
2355.0,0.034295
2355.5,0.034264
2356.0,0.034233
2356.5,0.034203
2357.0,0.034172
2357.5,0.034141
2358.0,0.03411
2358.5,0.03408
2359.0,0.034049
2359.5,0.034018
2360.0,0.033988
2360.5,0.033957
2361.0,0.033926
2361.5,0.033896
2362.0,0.033865
2362.5,0.033835
2363.0,0.033804
2363.5,0.033774
2364.0,0.033743
2364.5,0.033713
2365.0,0.033683
2365.5,0.033652
2366.0,0.033622
2366.5,0.033592
2367.0,0.033561
2367.5,0.033531
2368.0,0.033501
2368.5,0.033471
2369.0,0.03344
2369.5,0.03341
2370.0,0.03338
2370.5,0.03335
2371.0,0.03332
2371.5,0.03329
2372.0,0.03326
2372.5,0.03323
2373.0,0.0332
2373.5,0.03317
2374.0,0.03314
2374.5,0.03311
2375.0,0.03308
2375.5,0.03305
2376.0,0.033021
2376.5,0.032991
2377.0,0.032961
2377.5,0.032931
2378.0,0.032902
2378.5,0.032872
2379.0,0.032842
2379.5,0.032813
2380.0,0.032783
2380.5,0.032754
2381.0,0.032724
2381.5,0.032694
2382.0,0.032665
2382.5,0.032635
2383.0,0.032606
2383.5,0.032577
2384.0,0.032547
2384.5,0.032518
2385.0,0.032488
2385.5,0.032459
2386.0,0.03243
2386.5,0.032401
2387.0,0.032371
2387.5,0.032342
2388.0,0.032313
2388.5,0.032284
2389.0,0.032255
2389.5,0.032225
2390.0,0.032196
2390.5,0.032167
2391.0,0.032138
2391.5,0.032109
2392.0,0.03208
2392.5,0.032051
2393.0,0.032022
2393.5,0.031993
2394.0,0.031964
2394.5,0.031936
2395.0,0.031907
2395.5,0.031878
2396.0,0.031849
2396.5,0.03182
2397.0,0.031792
2397.5,0.031763
2398.0,0.031734
2398.5,0.031706
2399.0,0.031677
2399.5,0.031648
2400.0,0.03162
2400.5,0.031591
2401.0,0.031563
2401.5,0.031534
2402.0,0.031506
2402.5,0.031477
2403.0,0.031449
2403.5,0.03142
2404.0,0.031392
2404.5,0.031363
2405.0,0.031335
2405.5,0.031307
2406.0,0.031279
2406.5,0.03125
2407.0,0.031222
2407.5,0.031194
2408.0,0.031166
2408.5,0.031137
2409.0,0.031109
2409.5,0.031081
2410.0,0.031053
2410.5,0.031025
2411.0,0.030997
2411.5,0.030969
2412.0,0.030941
2412.5,0.030913
2413.0,0.030885
2413.5,0.030857
2414.0,0.030829
2414.5,0.030801
2415.0,0.030774
2415.5,0.030746
2416.0,0.030718
2416.5,0.03069
2417.0,0.030663
2417.5,0.030635
2418.0,0.030607
2418.5,0.030579
2419.0,0.030552
2419.5,0.030524
2420.0,0.030497
2420.5,0.030469
2421.0,0.030441
2421.5,0.030414
2422.0,0.030386
2422.5,0.030359
2423.0,0.030332
2423.5,0.030304
2424.0,0.030277
2424.5,0.030249
2425.0,0.030222
2425.5,0.030195
2426.0,0.030167
2426.5,0.03014
2427.0,0.030113
2427.5,0.030086
2428.0,0.030058
2428.5,0.030031
2429.0,0.030004
2429.5,0.029977
2430.0,0.02995
2430.5,0.029923
2431.0,0.029896
2431.5,0.029869
2432.0,0.029842
2432.5,0.029815
2433.0,0.029788
2433.5,0.029761
2434.0,0.029734
2434.5,0.029707
2435.0,0.02968
2435.5,0.029653
2436.0,0.029627
2436.5,0.0296
2437.0,0.029573
2437.5,0.029546
2438.0,0.02952
2438.5,0.029493
2439.0,0.029466
2439.5,0.02944
2440.0,0.029413
2440.5,0.029386
2441.0,0.02936
2441.5,0.029333
2442.0,0.029307
2442.5,0.02928
2443.0,0.029254
2443.5,0.029227
2444.0,0.029201
2444.5,0.029175
2445.0,0.029148
2445.5,0.029122
2446.0,0.029096
2446.5,0.029069
2447.0,0.029043
2447.5,0.029017
2448.0,0.028991
2448.5,0.028964
2449.0,0.028938
2449.5,0.028912
2450.0,0.028886
2450.5,0.02886
2451.0,0.028834
2451.5,0.028808
2452.0,0.028782
2452.5,0.028756
2453.0,0.02873
2453.5,0.028704
2454.0,0.028678
2454.5,0.028652
2455.0,0.028626
2455.5,0.0286
2456.0,0.028574
2456.5,0.028548
2457.0,0.028523
2457.5,0.028497
2458.0,0.028471
2458.5,0.028445
2459.0,0.02842
2459.5,0.028394
2460.0,0.028368
2460.5,0.028343
2461.0,0.028317
2461.5,0.028291
2462.0,0.028266
2462.5,0.02824
2463.0,0.028215
2463.5,0.028189
2464.0,0.028164
2464.5,0.028138
2465.0,0.028113
2465.5,0.028088
2466.0,0.028062
2466.5,0.028037
2467.0,0.028012
2467.5,0.027986
2468.0,0.027961
2468.5,0.027936
2469.0,0.027911
2469.5,0.027885
2470.0,0.02786
2470.5,0.027835
2471.0,0.02781
2471.5,0.027785
2472.0,0.02776
2472.5,0.027735
2473.0,0.02771
2473.5,0.027685
2474.0,0.02766
2474.5,0.027635
2475.0,0.02761
2475.5,0.027585
2476.0,0.02756
2476.5,0.027535
2477.0,0.02751
2477.5,0.027485
2478.0,0.02746
2478.5,0.027436
2479.0,0.027411
2479.5,0.027386
2480.0,0.027361
2480.5,0.027337
2481.0,0.027312
2481.5,0.027287
2482.0,0.027263
2482.5,0.027238
2483.0,0.027214
2483.5,0.027189
2484.0,0.027165
2484.5,0.02714
2485.0,0.027116
2485.5,0.027091
2486.0,0.027067
2486.5,0.027042
2487.0,0.027018
2487.5,0.026994
2488.0,0.026969
2488.5,0.026945
2489.0,0.026921
2489.5,0.026896
2490.0,0.026872
2490.5,0.026848
2491.0,0.026824
2491.5,0.026799
2492.0,0.026775
2492.5,0.026751
2493.0,0.026727
2493.5,0.026703
2494.0,0.026679
2494.5,0.026655
2495.0,0.026631
2495.5,0.026607
2496.0,0.026583
2496.5,0.026559
2497.0,0.026535
2497.5,0.026511
2498.0,0.026487
2498.5,0.026463
2499.0,0.02644
2499.5,0.026416
2500.0,0.0
